Dept,Warehouse,Supplier Reference,Part Number,Physical inventory,Locations,Item number
MA,MA-MAIN,,LS2025143,1.00,,1004202512891
MT,MT-MAIN,,BRHVQ3,1.00,,1006202404413
MT,MT-MAIN,,172-868-12,1.00,SR-CA9,1006202407214
MT,MT-MAIN,,810-191-21-MAP-1,1.00,,1006202408403
MT,MT-MAIN,,178-741-13,5.00,HL3L21,1006202510693
MT,MT-MAIN,,178-742-13,9.00,HL3L21,1006202510694
MT,MT-MAIN,,F0N9L94,1.00,,1006202511157
MT,MT-MAIN,,810-306,4.00,HL3L21,1006202512263
MT,MT-MAIN,,176-969-13,1.00,,1006202614810
NC,NC-MAIN,,3260770,1.00,,1007202300062
NC,NC-MAIN,,359312,1.00,,1007202406989
NC,NC-MAIN,,359402,1.00,,1007202407130
NC,NC-MAIN,,04D1C296,1.00,,1007202509943
NC,NC-MAIN,,172602447,1.00,,1007202613576
NC,NC-MAIN,,172600395,1.00,,1007202613586
NC,NC-MAIN,,SM264301,1.00,,1007202613741
NC,NC-MAIN,,0134315,1.00,,1007202613754
NC,NC-MAIN,,363797,1.00,,1007202614993
VKH,VKH-MAIN,,S-A1020221574P,1.00,,1014202300517
VKH,VKH-MAIN,,S-A1120221564P,1.00,,1014202300519
VKH,VKH-MAIN,,H-B0720221177P,1.00,,1014202300520
VKH,VKH-MAIN,,S-A0720231081P,1.00,,1014202303241
VKH,VKH-MAIN,,H-B0820241070P,1.00,,1014202408628
VKH,VKH-MAIN,,H-B0820241073P,1.00,,1014202408631
VKH,VKH-MAIN,,S-A0720231082P INC,1.00,,1014202615402
VKM,VKM-MAIN,,ORA04L1,1.00,,1015202407440
VKM,VKM-MAIN,,PFD510A SN:2507R00041,1.00,,1015202511862
VKO,VKO-MAIN,,WW965/L100N,1.00,,1016202304163
VKO,VKO-MAIN,,CM107147025-01 MC9P-500/960 440/3/60,1.00,,1016202408947
VKO,VKO-MAIN,,700995847,1.00,,1016202513076
VKO,VKO-MAIN,,"CE20-500, 2129810426",1.00,,1016202614778
MA,MA-MAIN,,PFD510A,1.00,,1040000502004
MT,MT-MAIN,,S/N 100104  ;  CN 0040356-00,1.00,,1060001600523
MT,MT-MAIN,,PMP-60C,3.00,HL3L30,1060001700247
MT,MT-MAIN,,PMP - 60B,2.00,HL3L30,1060001700469
MT,MT-MAIN,,PMZM -7B -ST1,1.00,HL3L30,1060001700490
MT,MT-MAIN,,S/N 2305107 ; CN 359-508,1.00,HL3L37,1060531600017
MT,MT-MAIN,,178-561-01E-PR14***,1.00,HL3L21,1063091705796
MT,MT-MAIN,,178-561-01E,1.00,HL3L21,1063091705802
MT,MT-MAIN,,191-125,1.00,,1063091707448
MT,MT-MAIN,,178-561-12E,2.00,HL3L21,1063091707509
MT,MT-MAIN,,302-802-10,1.00,,1063091707547
MT,MT-MAIN,C,0253129-00,1.00,HL3L20,1067771700026
MT,MT-MAIN,,0336918-00,1.00,HL3L20,1067791700020
NC,NC-MAIN,,COMM NO.327.623 (3),1.00,,1070000909787
NC,NC-MAIN,,22110406,1.00,,1070001126725
NC,NC-MAIN,,23217B,1.00,,1070001422728
VKM,VKM-MAIN,,DSA69B,2.00,,1110000500123
VKM,VKM-MAIN,,KHA750-301-G1 (380 V),1.00,,1110001400026
VKM,VKM-MAIN,,KHA750-301-G1 (220V),1.00,,1110001400033
CT,CT-MAIN,,S/N: C12-M14-K14-1108,1.00,,1120003500808
VKO,VKO-MAIN,6862297,S3 L100 LC,1.00,,1160341700133
MA,MA-MAIN,,POWER SUPPLY-S8FS-C03524,2.00,HL2L25,2004202200003
MA,MA-MAIN,,OFFSET TOOLING,1.00,HL2L34,2004202300128
MA,MA-MAIN,,0908040282,2.00,HL2L28,2004202300155
MA,MA-MAIN,,0908040145,2.00,HL2L28,2004202300156
MA,MA-MAIN,,907570,1.00,HL2L34,2004202300184
MA,MA-MAIN,,1005010532,1.00,HL2L28,2004202300389
MA,MA-MAIN,,221040 5.20 x 20.50; SK=03,1.00,HL2L20,2004202300686
MA,MA-MAIN,,Foot pedal Assy- 103032059,1.00,,2004202300757
MA,MA-MAIN,,Nozzle- 1002010167,7.00,HL2L28,2004202300759
MA,MA-MAIN,,Nozzle- 1002010163,18.00,HL2L28,2004202300760
MA,MA-MAIN,, 0612010012,1.00,HL2L28,2004202300762
MA,MA-MAIN,,0911090001,4.00,HL2L28,2004202300763
MA,MA-MAIN,,74613249,4.00,HL2L24,2004202300892
MA,MA-MAIN,,Nozzle - 1002010165,8.00,HL2L28,2004202300952
MA,MA-MAIN,,1005010035,1.00,HL2L28,2004202300955
MA,MA-MAIN,,1005010405,1.00,HL2L28,2004202300960
MA,MA-MAIN,,Pressing Ring,1.00,HL2L28,2004202300961
MA,MA-MAIN,,1005010275,2.00,HL2L28,2004202300968
MA,MA-MAIN,,0911090048,2.00,HL2L28,2004202300969
MA,MA-MAIN,,71501057,10.00,,2004202300992
MA,MA-MAIN,,261V20 X 5.90; CL=0.40,2.00,,2004202301287
MA,MA-MAIN,,261V20 X 7.40; CL=0.40,1.00,,2004202301288
MA,MA-MAIN,,261V20 X 9.40; CL=0.40,1.00,,2004202301289
MA,MA-MAIN,,0609020068,1.00,HL2L28,2004202301407
MA,MA-MAIN,,36181500,1.00,HL2L21,2004202301460
MA,MA-MAIN,,153001042,1.00,,2004202301670
MA,MA-MAIN,,153001043,1.00,,2004202301672
MA,MA-MAIN,,0912060003,1.00,HL2L28,2004202301678
MA,MA-MAIN,,0609020028,7.00,HL2L28,2004202301691
MA,MA-MAIN,,0208020177,1.00,HL2L30,2004202301701
MA,MA-MAIN,,101019804,1.00,,2004202301702
MA,MA-MAIN,,65X73X5/7,4.00,HL2L34,2004202301731
MA,MA-MAIN,,65X75X6,6.00,HL2L34,2004202301739
MA,MA-MAIN,,1002010714,6.00,HL2L28,2004202301751
MA,MA-MAIN,,70x9.5x2.5,6.00,HL2L34,2004202301963
MA,MA-MAIN,,1001010294,2.00,HL2L30,2004202302432
MA,MA-MAIN,,74451865,2.00,HL2L38,2004202302528
MA,MA-MAIN,,131000170,2.00,HL2L28,2004202302555
MA,MA-MAIN,,0911090010,9.00,HL2L28,2004202302557
MA,MA-MAIN,,0911040004,1.00,HL2L28,2004202302558
MA,MA-MAIN,,1005010712,9.00,HL2L28,2004202302565
MA,MA-MAIN,,53X60X3,1.00,HL2L34,2004202302611
MA,MA-MAIN,,53X60X3 VITON,2.00,HL2L34,2004202302612
MA,MA-MAIN,,47X40X3.5,4.00,HL2L34,2004202302613
MA,MA-MAIN,,47X40X3.5 VITON,3.00,HL2L34,2004202302614
MA,MA-MAIN,,0911040028,5.00,HL2L28,2004202302616
MA,MA-MAIN,,0208010076,2.00,HL2L30,2004202302722
MA,MA-MAIN,,71564236,1.00,HL2L24,2004202302759
MA,MA-MAIN,,1005010711,10.00,HL2L28,2004202303233
MA,MA-MAIN,,WISECAM - Software,1.00,HL2L38,2004202303330
MA,MA-MAIN,,0208020004,2.00,HL2L30,2004202303368
MA,MA-MAIN,,74613264,4.00,HL2L24,2004202303477
MA,MA-MAIN,,0402010086,2.00,HL2L28,2004202303706
MA,MA-MAIN,,0905050366,1.00,HL2L28,2004202303781
MA,MA-MAIN,,0609020099,4.00,HL2L28,2004202303841
MA,MA-MAIN,,1005011032,1.00,HL2L28,2004202303866
MA,MA-MAIN,,1002010538,6.00,HL2L28,2004202303898
MA,MA-MAIN,,1002010534,3.00,HL2L28,2004202303911
MA,MA-MAIN,,36323602,1.00,HL2L21,2004202303939
MA,MA-MAIN,,FIBRA WEAR RING,4.00,HL2L34,2004202304023
MA,MA-MAIN,,MONO SEAL POLYURETHANE,2.00,HL2L34,2004202304024
MA,MA-MAIN,,0906010061,2.00,HL2L28,2004202304043
MA,MA-MAIN,,0910010114,1.00,HL2L28,2004202304045
MA,MA-MAIN,,0911110077,1.00,HL2L28,2004202304047
MA,MA-MAIN,,E16052,1.00,HL2L25,2004202304186
MA,MA-MAIN,,E16051,1.00,HL2L25,2004202304187
MA,MA-MAIN,,E16053,1.00,HL2L25,2004202304188
MA,MA-MAIN,,E16055,1.00,HL2L25,2004202304189
MA,MA-MAIN,,261V20 X 3.90; CL=0.40; SK=01,1.00,,2004202304221
MA,MA-MAIN,,261V20 X 4.90; CL=0.40; SK=01,3.00,,2004202304223
MA,MA-MAIN,,261V20 X 6.90; CL=0.40; SK=01,2.00,,2004202304226
MA,MA-MAIN,,261V20 X 13.10; CL=0.40; SK=01,3.00,,2004202304229
MA,MA-MAIN,,271V20 7.40 X 7.40; CL=0.40; 45DEG,2.00,HL2L20,2004202304230
MA,MA-MAIN,,261V20 X 6.30; CL=0.30; SK=01,1.00,HL2L20,2004202304248
MA,MA-MAIN,,271V20 7.30 X 7.30; CL=0.30; SK=01,1.00,HL2L20,2004202304253
MA,MA-MAIN,,0208020023,3.00,HL2L30,2004202304279
MA,MA-MAIN,,121000412,4.00,HL2L28,2004202404410
MA,MA-MAIN,,36326055,1.00,HL2L21,2004202404434
MA,MA-MAIN,,Ketec Rolling Shear Tooling 1.2mm (W/ Punch&Die),1.00,HL2L27,2004202404466
MA,MA-MAIN,,1002010539,6.00,HL2L28,2004202404478
MA,MA-MAIN,,4*835mm; 85 DEG,1.00,,2004202404599
MA,MA-MAIN,,HYPLUS AW-46,3.00,,2004202404628
MA,MA-MAIN,,0911050112,2.00,HL2L28,2004202404895
MA,MA-MAIN,,1001010600,2.00,HL2L28,2004202405077
MA,MA-MAIN,,0209013413,6.00,HL2L28,2004202405340
MA,MA-MAIN,,H17691,1.00,HL2L25,2004202405391
MA,MA-MAIN,,36388219,2.00,HL2L21,2004202405392
MA,MA-MAIN,,36181112,2.00,HL2L21,2004202405393
MA,MA-MAIN,,36180997,2.00,HL2L21,2004202405394
MA,MA-MAIN,,121000210,2.00,HL2L28,2004202405476
MA,MA-MAIN,,0202050227,1.00,HL2L28,2004202405613
MA,MA-MAIN,,0908040103,3.00,HL2L28,2004202405729
MA,MA-MAIN,,GVP4BLKPM,1.00,HL2L38,2004202405767
MA,MA-MAIN,,VP4WTYEXT,1.00,HL2L38,2004202405768
MA,MA-MAIN,,74415756,1.00,HL2L24,2004202405848
MA,MA-MAIN,,0208020151,3.00,HL2L30,2004202405911
MA,MA-MAIN,,0208020017,2.00,HL2L30,2004202405912
MA,MA-MAIN,,H17695,3.00,HL2L25,2004202406050
MA,MA-MAIN,,H17697,1.00,HL2L25,2004202406051
MA,MA-MAIN,,H17276,1.00,HL2L25,2004202406052
MA,MA-MAIN,,H17871,2.00,HL2L25,2004202406053
MA,MA-MAIN,,H17694,3.00,HL2L25,2004202406054
MA,MA-MAIN,,H17693,1.00,HL2L25,2004202406055
MA,MA-MAIN,,H17696,1.00,HL2L25,2004202406056
MA,MA-MAIN,,1001010477,3.00,HL2L28,2004202406178
MA,MA-MAIN,,RECTIFIER BRIDGE,2.00,HL2L25,2004202406275
MA,MA-MAIN,,0517010009,1.00,HL2L28,2004202406329
MA,MA-MAIN,,11021MA20066,3.00,HL2L28,2004202406385
MA,MA-MAIN,,405010225,20.00,,2004202406402
MA,MA-MAIN,,10.108 (20mm),1.00,HL2L26,2004202406523
MA,MA-MAIN,,1002010591,5.00,HL2L26,2004202406628
MA,MA-MAIN,,1001010548,2.00,HL2L28,2004202406629
MA,MA-MAIN,,0617020349,1.00,HL2L28,2004202406633
MA,MA-MAIN,,O-RING 160 X 3.2,1.00,HL2L28,2004202406634
MA,MA-MAIN,,0911090012,3.00,HL2L28,2004202406646
MA,MA-MAIN,,261V20 X 9.45; CL=0.45,1.00,,2004202406868
MA,MA-MAIN,,1005010377,1.00,HL2L28,2004202406959
MA,MA-MAIN,,1001010304,1.00,HL2L28,2004202406960
MA,MA-MAIN,,1001010279,5.00,HL2L28,2004202406961
MA,MA-MAIN,,0901242475,1.00,HL2L28,2004202406962
MA,MA-MAIN,,1005010430,1.00,HL2L28,2004202406973
MA,MA-MAIN,,0709020032,2.00,HL2L28,2004202407032
MA,MA-MAIN,,1001010601,5.00,HL2L28,2004202407073
MA,MA-MAIN,,36181281,8.00,HL2L21,2004202407080
MA,MA-MAIN,,Tellus S2 MX 100,4.00,,2004202407156
MA,MA-MAIN,,GREASE GUN - JH21-100,4.00,,2004202407161
MA,MA-MAIN,,0208020164,1.00,HL2L30,2004202407230
MA,MA-MAIN,,0202050264,2.00,HL2L28,2004202407231
MA,MA-MAIN,,1001010419,3.00,HL2L28,2004202407327
MA,MA-MAIN,,1002010589,4.00,,2004202407444
MA,MA-MAIN,,1002010590,10.00,,2004202407445
MA,MA-MAIN,,1002010593,10.00,HL2L28,2004202407446
MA,MA-MAIN,,5.7 X 110,5.00,HL2L34,2004202407447
MA,MA-MAIN,,3 X 120,5.00,HL2L34,2004202407448
MA,MA-MAIN,,1002010543,2.00,HL2L28,2004202407582
MA,MA-MAIN,,1002010547,5.00,HL2L28,2004202407583
MA,MA-MAIN,,1002010544,2.00,HL2L28,2004202407584
MA,MA-MAIN,,1002010862,5.00,HL2L28,2004202407585
MA,MA-MAIN,,1002010863,5.00,HL2L28,2004202407586
MA,MA-MAIN,,0906010163,2.00,HL2L28,2004202407587
MA,MA-MAIN,,0901241282,2.00,HL2L28,2004202407588
MA,MA-MAIN,,0405010225,20.00,HL2L28,2004202407700
MA,MA-MAIN,,0405010245,20.00,HL2L28,2004202407701
MA,MA-MAIN,,0906010337,1.00,HL2L28,2004202407703
MA,MA-MAIN,,1002010533,1.00,HL2L28,2004202407736
MA,MA-MAIN,,1002010535,1.00,HL2L28,2004202407737
MA,MA-MAIN,,1002010536,1.00,HL2L28,2004202407738
MA,MA-MAIN,,1002010537,3.00,HL2L28,2004202407739
MA,MA-MAIN,,1002010540,1.00,HL2L28,2004202407740
MA,MA-MAIN,,1002010541,1.00,HL2L28,2004202407741
MA,MA-MAIN,,1002010542,1.00,HL2L28,2004202407742
MA,MA-MAIN,,1001010480,3.00,HL2L28,2004202407743
MA,MA-MAIN,,1001010320,2.00,HL2L28,2004202407744
MA,MA-MAIN,,1001010590,2.00,HL2L28,2004202407745
MA,MA-MAIN,,1003010253,1.00,HL2L28,2004202407746
MA,MA-MAIN,,1001010577,9.00,HL2L28,2004202407747
MA,MA-MAIN,,0609020064,1.00,HL2L28,2004202407755
MA,MA-MAIN,,1005010776,5.00,HL2L28,2004202407841
MA,MA-MAIN,,1002010592,5.00,HL2L28,2004202407843
MA,MA-MAIN,,1002010604,5.00,HL2L28,2004202407845
MA,MA-MAIN,,1002010605,5.00,HL2L28,2004202407846
MA,MA-MAIN,,1002010606,5.00,HL2L28,2004202407847
MA,MA-MAIN,,1002010607,5.00,HL2L28,2004202407848
MA,MA-MAIN,,1002010608,5.00,HL2L28,2004202407849
MA,MA-MAIN,,0609020034,1.00,HL2L28,2004202407982
MA,MA-MAIN,,0404060048,20.00,HL2L28,2004202408151
MA,MA-MAIN,,0404060005,16.00,HL2L28,2004202408152
MA,MA-MAIN,,BOLT-0106040006 (4.5cm),2.00,HL2L26,2004202408157
MA,MA-MAIN,,02FZ60 5.0 X 50.0,1.00,,2004202408206
MA,MA-MAIN,,1001010697,1.00,HL2L28,2004202408384
MA,MA-MAIN,,1001010489,2.00,HL2L28,2004202408385
MA,MA-MAIN,,36328058,1.00,,2004202408502
MA,MA-MAIN,,24VDC 20AMP,1.00,HL2L34,2004202408504
MA,MA-MAIN,,0904030252,1.00,HL2L28,2004202408505
MA,MA-MAIN,,0107100002,10.00,HL2L28,2004202408721
MA,MA-MAIN,,271V40 14.30 X 14.30; CL=0.30,1.00,,2004202408738
MA,MA-MAIN,,SAFETY VALVE,1.00,,2004202408815
MA,MA-MAIN,,PROPORTIONAL VALVE - WC67K 100TX2500,1.00,,2004202408816
MA,MA-MAIN,,CHECK VALVE - WC67K 100TX2500,1.00,,2004202408817
MA,MA-MAIN,,FAST APPROAC & SLOW DESCENT VALVE,1.00,,2004202408818
MA,MA-MAIN,,0208020226,5.00,HL2L30,2004202408824
MA,MA-MAIN,,0402040001,3.00,HL2L30,2004202509105
MA,MA-MAIN,,0402040032,1.00,HL2L30,2004202509106
MA,MA-MAIN,,0902010138,1.00,HL2L28,2004202509108
MA,MA-MAIN,,0901271988,2.00,HL2L28,2004202509109
MA,MA-MAIN,,0308010071,1.00,HL2L28,2004202509110
MA,MA-MAIN,,0905051339,1.00,HL2L30,2004202509241
MA,MA-MAIN,,71711777,1.00,HL2L24,2004202509290
MA,MA-MAIN,,0609020048,1.00,HL2L28,2004202509303
MA,MA-MAIN,,0208020074,2.00,HL2L30,2004202509857
MA,MA-MAIN,,0208020092,3.00,HL2L30,2004202509858
MA,MA-MAIN,,1005011399,5.00,HL2L28,2004202509859
MA,MA-MAIN,,88250202278,1.00,HL2L28,2004202509957
MA,MA-MAIN,,422040 8.0 x 20.0,1.00,HL2L23,2004202510056
MA,MA-MAIN,,0603010031,1.00,HL2L28,2004202510108
MA,MA-MAIN,,0603010032,2.00,HL2L28,2004202510109
MA,MA-MAIN,,0704010068,1.00,HL2L28,2004202510124
MA,MA-MAIN,,0708010006,1.00,HL2L28,2004202510126
MA,MA-MAIN,,0708020034,1.00,HL2L28,2004202510127
MA,MA-MAIN,,0709010011,1.00,HL2L28,2004202510128
MA,MA-MAIN,,0710020068,2.00,HL2L28,2004202510129
MA,MA-MAIN,,0710020069,2.00,HL2L28,2004202510130
MA,MA-MAIN,,0711010049,3.00,HL2L28,2004202510131
MA,MA-MAIN,,0705030059,2.00,HL2L28,2004202510132
MA,MA-MAIN,,0705030070,1.00,HL2L28,2004202510145
MA,MA-MAIN,,0914010110,1.00,,2004202510264
MA,MA-MAIN,,0709020009,2.00,HL2L28,2004202510739
MA,MA-MAIN,,1001010927,2.00,HL2L27,2004202510877
MA,MA-MAIN,,0208020088,2.00,HL2L30,2004202511015
MA,MA-MAIN,,71577964,8.00,HL2L24,2004202511106
MA,MA-MAIN,,MBB8500,4.00,HL2L32,2004202511255
MA,MA-MAIN,,36403783,1.00,HL2L21,2004202511350
MA,MA-MAIN,,0208010012,1.00,HL2L30,2004202511502
MA,MA-MAIN,,0404020061,1.00,HL2L28,2004202511599
MA,MA-MAIN,,0404020062,1.00,HL2L28,2004202511600
MA,MA-MAIN,,0914011468,1.00,HL2L28,2004202511669
MA,MA-MAIN,,0914011467,1.00,HL2L28,2004202511670
MA,MA-MAIN,,0705030061,1.00,HL2L28,2004202511689
MA,MA-MAIN,,CABLE - 0901240625,21.00,,2004202511722
MA,MA-MAIN,,0901240586,2.00,,2004202511723
MA,MA-MAIN,,NUT - 0104070039,2.00,HL2L28,2004202511725
MA,MA-MAIN,,1005011525,1.00,HL2L28,2004202511789
MA,MA-MAIN,,75410921,9.00,HL2L24,2004202511826
MA,MA-MAIN,,71716965,1.00,,2004202511889
MA,MA-MAIN,,0705050341,1.00,HL2L28,2004202511908
MA,MA-MAIN,,271V40 5.30 X 30.50,1.00,,2004202511960
MA,MA-MAIN,,121000107,4.00,,2004202511993
MA,MA-MAIN,,0911040036,1.00,HL2L28,2004202511999
MA,MA-MAIN,,0911040021,3.00,HL2L28,2004202512000
MA,MA-MAIN,,261V20 X 7.60,1.00,,2004202512091
MA,MA-MAIN,,261V20 X 7.90,2.00,,2004202512092
MA,MA-MAIN,,261V20 X 8.90,1.00,,2004202512094
MA,MA-MAIN,,261V20 X 9.70,1.00,,2004202512096
MA,MA-MAIN,,261V20 X 11.0,1.00,,2004202512104
MA,MA-MAIN,,261V20 X 11.20,2.00,,2004202512105
MA,MA-MAIN,,261V40 X 13.90,1.00,,2004202512107
MA,MA-MAIN,,261V40 X 28.60,1.00,,2004202512108
MA,MA-MAIN,,261V40 X 30.40,1.00,,2004202512109
MA,MA-MAIN,,261V40 X 30.60,1.00,,2004202512110
MA,MA-MAIN,,215060 X 40.60,1.00,,2004202512112
MA,MA-MAIN,,Valve,1.00,HL2L27,2004202512276
MA,MA-MAIN,,36406537,1.00,HL2L21,2004202512342
MA,MA-MAIN,,37FP40 14.0 X 14.0; CL=0.20,1.00,,2004202512369
MA,MA-MAIN,,1001010321,3.00,HL2L26,2004202512667
MA,MA-MAIN,,1001010492,5.00,HL2L26,2004202512668
MA,MA-MAIN,,0208020165,1.00,HL2L30,2004202512669
MA,MA-MAIN,,0906010856,1.00,HL2L26,2004202512670
MA,MA-MAIN,,0908040354,10.00,HL2L26,2004202512671
MA,MA-MAIN,,36180780,1.00,HL2L21,2004202512705
MA,MA-MAIN,,74450167,1.00,HL2L24,2004202512770
MA,MA-MAIN,,74450168,1.00,HL2L24,2004202512771
MA,MA-MAIN,,1001010310,2.00,HL2L28,2004202512904
MA,MA-MAIN,,1001010309,2.00,HL2L28,2004202512905
MA,MA-MAIN,,421060 9.0 x 50.0,1.00,HL2L23,2004202512934
MA,MA-MAIN,,GRIT P80,3.00,,2004202513014
MA,MA-MAIN,,GRIT P120,3.00,,2004202513015
MA,MA-MAIN,,GRIT P180,3.00,,2004202513016
MA,MA-MAIN,,1001010944,8.00,HL2L28,2004202513051
MA,MA-MAIN,,0911110155,6.00,HL2L28,2004202513052
MA,MA-MAIN,,8X4020,1.00,,2004202513053
MA,MA-MAIN,,13X3800,1.00,,2004202513054
MA,MA-MAIN,,160x170x12x7.5,2.00,HL2L25,2004202513112
MA,MA-MAIN,,SVC-3-6KVA,2.00,,2004202513299
MA,MA-MAIN,,0208020180,1.00,HL2L30,2004202513304
MA,MA-MAIN,,sealing ring,1.00,HL2L25,2004202513356
MA,MA-MAIN,,O-RING,1.00,HL2L25,2004202513357
MA,MA-MAIN,,Overload Relay,1.00,HL2L25,2004202613409
MA,MA-MAIN,,GRIT 120 - ROLL BRUSH,14.00,,2004202613588
MA,MA-MAIN,,1001010705,20.00,HL2L28,2004202613654
MA,MA-MAIN,,FILTER - 0609020008,1.00,HL2L28,2004202613765
MA,MA-MAIN,,FOOT SWITCH CORD-0901240602,20.00,,2004202613777
MA,MA-MAIN,,02FZ90 40.0 X 80.0,1.00,,2004202614177
MA,MA-MAIN,,225090 40.15 X 80.15; CL=0.15,1.00,,2004202614179
MA,MA-MAIN,,1004010404,1.00,,2004202614199
MA,MA-MAIN,,1001010275,5.00,HL2L28,2004202614200
MA,MA-MAIN,,1001010491,1.00,HL2L28,2004202614201
MA,MA-MAIN,,02FZ90 36.0 X 80.0,1.00,,2004202614335
MA,MA-MAIN,,225090 36.15 X 80.15; CL=0.15,1.00,HL2L20,2004202614336
MA,MA-MAIN,,1001010946,5.00,HL2L28,2004202614414
MA,MA-MAIN,,0403010208,1.00,HL2L28,2004202614415
MA,MA-MAIN,,0403010209,1.00,HL2L28,2004202614416
MA,MA-MAIN,,0403010210,1.00,HL2L28,2004202614417
MA,MA-MAIN,,0813011435,2.00,HL2L28,2004202614418
MA,MA-MAIN,,0209013772,2.00,HL2L28,2004202614419
MA,MA-MAIN,,1002010776,2.00,HL2L28,2004202614420
MA,MA-MAIN,,1002010847,2.00,HL2L28,2004202614421
MA,MA-MAIN,,1002010654,2.00,HL2L28,2004202614422
MA,MA-MAIN,,1002010656,2.00,HL2L28,2004202614423
MA,MA-MAIN,,1002010614,2.00,HL2L28,2004202614424
MA,MA-MAIN,,1002010621,2.00,HL2L28,2004202614425
MA,MA-MAIN,,1002010612,2.00,HL2L28,2004202614426
MA,MA-MAIN,,1002010655,2.00,HL2L28,2004202614427
MA,MA-MAIN,,1002010698,2.00,HL2L28,2004202614428
MA,MA-MAIN,,1002010589,2.00,HL2L28,2004202614429
MA,MA-MAIN,,1002010591,2.00,HL2L28,2004202614430
MA,MA-MAIN,,1002010706,2.00,HL2L28,2004202614431
MA,MA-MAIN,,1002010590,2.00,HL2L28,2004202614432
MA,MA-MAIN,,1002010593,2.00,HL2L28,2004202614433
MA,MA-MAIN,,1001010983,1.00,HL2L28,2004202614434
MA,MA-MAIN,,1005011606,6.00,HL2L28,2004202614435
MA,MA-MAIN,,0705050375,1.00,HL2L28,2004202614436
MA,MA-MAIN,,1001010987,1.00,HL2L28,2004202614437
MA,MA-MAIN,,1001010985,1.00,HL2L28,2004202614438
MA,MA-MAIN,,221088488,1.00,HL2L28,2004202614443
MA,MA-MAIN,,221088489,2.00,HL2L28,2004202614444
MA,MA-MAIN,,221088490,1.00,HL2L28,2004202614445
MA,MA-MAIN,,221088491,2.00,HL2L28,2004202614446
MA,MA-MAIN,,1001010646,2.00,HL2L28,2004202614455
MA,MA-MAIN,,1001010563,1.00,HL2L28,2004202614538
MA,MA-MAIN,,1001010866,1.00,HL2L28,2004202614540
MA,MA-MAIN,,1002010684,2.00,HL2L28,2004202614541
MA,MA-MAIN,,1002010685,1.00,HL2L28,2004202614543
MA,MA-MAIN,,1002010686,1.00,HL2L28,2004202614544
MA,MA-MAIN,,1002010687,1.00,HL2L28,2004202614545
MA,MA-MAIN,,1002010688,1.00,HL2L28,2004202614546
MA,MA-MAIN,,1002010689,1.00,HL2L28,2004202614547
MA,MA-MAIN,,1001010803,1.00,HL2L28,2004202614550
MA,MA-MAIN,,LEFT&RIGHT ACCUMULATOR-QC12K 8X3200,1.00,,2004202614648
MA,MA-MAIN,,0609020067,1.00,HL2L28,2004202614784
MA,MA-MAIN,,0610020004,1.00,HL2L28,2004202614785
MA,MA-MAIN,,0615080032,2.00,HL2L28,2004202614786
MA,MA-MAIN,,0208020104,1.00,HL2L30,2004202614928
MA,MA-MAIN,,74419246,3.00,HL2L24,2004202615085
MA,MA-MAIN,,0908060116,2.00,HL2L28,2004202615144
MA,MA-MAIN,,0901242945,1.00,HL2L28,2004202615145
MA,MA-MAIN,,X-AXIS TOOTHBELT QC12K 6X3200,2.00,HL2L25,2004202615286
MA,MA-MAIN,,120D40500A,1.00,HL2L25,2004202615409
MA,MA-MAIN,,0705050378,2.00,HL2L28,2004202615410
MA,MA-MAIN,,71020203,10.00,HL2L24,2004202615708
MT,MT-MAIN,"CD/CONNECTING CABLE L,1M,RIGHT",905691,1.00,HL3L19,2006202300291
MT,MT-MAIN,,AD27-6,1.00,HL3L22,2006202300412
MT,MT-MAIN,ID-C0550MNXB,543-731B,2.00,HL3L14,2006202300420
MT,MT-MAIN,ID-C0550ENXB,543-732B,8.00,HL3L14,2006202300425
MT,MT-MAIN,TI-133AX,513-424-10A,1.00,HL3L10,2006202300461
MT,MT-MAIN,CG-400AX/2046AB,511-716-20,2.00,HL3L29,2006202300825
MT,MT-MAIN,ID-C0512NXB,543-700B,6.00,HL3L14,2006202300894
MT,MT-MAIN,ID-C0525NXB,543-720B,1.00,HL3L14,2006202300895
MT,MT-MAIN,,A-1207-0031,1.00,HL3L22,2006202300921
MT,MT-MAIN,,101421,2.00,HL3L03,2006202300932
MT,MT-MAIN,DM CALIPER NTD10-P30K,573-614-20,1.00,HL3L15,2006202300944
MT,MT-MAIN,,K651010,1.00,HL3L20,2006202301196
MT,MT-MAIN,,66EAA020-SG,2.00,HL3L18,2006202301227
MT,MT-MAIN,DIGIMATIC THICKNESS GAGE/IDC05,547-401A,1.00,HL3L15,2006202301343
MT,MT-MAIN,DIAL THICKNESS GAGE/2046AB,7301A,8.00,HL3L41,2006202301345
MT,MT-MAIN,CGM-250X/2109AB-10,511-825-20,1.00,HL3L29,2006202301356
MT,MT-MAIN,CGM-400X/2109AB-10,511-826-20,1.00,HL3L29,2006202301362
MT,MT-MAIN,ID-S112X2,543-790-10,2.00,HL3L14,2006202301367
MT,MT-MAIN,BORE GAGE CG-160AX,511-704,1.00,HL3L29,2006202301374
MT,MT-MAIN,CG-160AX/2046AB,511-714-20,2.00,HL3L29,2006202301375
MT,MT-MAIN,ID-S1012MXB2,543-782B-10,1.00,HL3L14,2006202301383
MT,MT-MAIN,USB INPUT TOOL DIRECT,06AFM380A,1.00,HL3L02,2006202301594
MT,MT-MAIN,USB-ITPAK V3.0,06AGR543,8.00,HL3L02,2006202301686
MT,MT-MAIN,CG-35AX/2046AB,511-711-20,4.00,HL3L29,2006202301741
MT,MT-MAIN,ID-S1012XB2,543-781B-10,1.00,HL3L14,2006202301764
MT,MT-MAIN,,518-361-13,2.00,SR-CA6,2006202302067
MT,MT-MAIN,,12AAY486,4.00,HL3L09,2006202302068
MT,MT-MAIN,,02AZG011,1.00,HL3L02,2006202302069
MT,MT-MAIN,,12AAF666,4.00,HL3L09,2006202302070
MT,MT-MAIN,,12AAA879,4.00,HL3L09,2006202302071
MT,MT-MAIN,,12AAY595,3.00,HL3L09,2006202302072
MT,MT-MAIN,,543-722B,1.00,HL3L14,2006202302089
MT,MT-MAIN,,UX1020H,1.00,,2006202302125
MT,MT-MAIN,GAUGE BLOCK 20-1-BM1/YJ,611672-036,2.00,HL3L18,2006202302211
MT,MT-MAIN,NTD10-P20K,573-612-20,1.00,HL3L15,2006202302222
MT,MT-MAIN,ID-S1012EXB2,543-783B-10,1.00,HL3L14,2006202302377
MT,MT-MAIN,,66ECA001-SG,1.00,HL3L18,2006202302517
MT,MT-MAIN,,66PCA003-SG,2.00,HL3L23,2006202302518
MT,MT-MAIN,"HDS-H12""CX",570-412,1.00,HL3L39,2006202302551
MT,MT-MAIN,DM INDICATOR ID-F0525NX,543-851E,1.00,HL3L14,2006202302568
MT,MT-MAIN,"CD-P8""MW",500-736-20,1.00,HL3L08,2006202302569
MT,MT-MAIN,,02NBA776,1.00,HL3L18,2006202302632
MT,MT-MAIN,,A-5000-7835,5.00,HL3L22,2006202302741
MT,MT-MAIN,GAUGE BLOCK BM1-10MG-0/YJ,516-135-60,1.00,HL3L10,2006202302835
MT,MT-MAIN,HOLTEST HT-300R,368-181,1.00,HL3L32,2006202302836
MT,MT-MAIN,DIGIMATIC THICKNESS GAGE/IDC,547-321A,2.00,HL3L15,2006202302859
MT,MT-MAIN,MDH-25MB,293-100-20,1.00,HL3L06,2006202302983
MT,MT-MAIN,DIGIMATIC DEPTH GAGE/IDC,547-218A,1.00,HL3L15,2006202302987
MT,MT-MAIN,DG0.001-0.16MM,2901A-10,1.00,HL3L06,2006202302988
MT,MT-MAIN,,NO. 1-1/4-18 UNEF GP2B,1.00,HL3L27,2006202303037
MT,MT-MAIN,DM CALIPER CDC-P30,550-331-20,8.00,HL3L36,2006202303065
MT,MT-MAIN,DM CALIPER GAGE L210,209-936,1.00,HL3L05,2006202303087
MT,MT-MAIN,TI-152AX,513-425-10A,3.00,HL3L10,2006202303106
MT,MT-MAIN,ID-S1012X2,543-781-10,1.00,HL3L14,2006202303302
MT,MT-MAIN,ID-C0525MNXB,543-721B,2.00,HL3L14,2006202303378
MT,MT-MAIN,ID-C112GXB2,543-310B-10,2.00,HL3L14,2006202303389
MT,MT-MAIN,,06AGZ369E,1.00,HL3L02,2006202303418
MT,MT-MAIN,TI-119TX,513-407-10T,2.00,HL3L10,2006202303419
MT,MT-MAIN,SPECIAL DIAL INDICATOR DG0.01-,2048A-10,1.00,HL3L05,2006202303558
MT,MT-MAIN,ID-S1012MX2,543-782-10,2.00,HL3L14,2006202303624
MT,MT-MAIN,IT-007R,264-007,1.00,HL3L05,2006202303840
MT,MT-MAIN,,A-1032-3003,1.00,HL3L20,2006202304039
MT,MT-MAIN,,AA - 14.60,1.00,HL3L28,2006202304092
MT,MT-MAIN,"DG.0001-.5""",2358A-10,1.00,HL3L05,2006202304297
MT,MT-MAIN,,7210A,1.00,HL3L18,2006202304329
MT,MT-MAIN,DG0.01-2.5MM, 1911A-10,1.00,HL3L04,2006202404414
MT,MT-MAIN,DM INDICATOR ID-F0550HENX,543-858E,2.00,HL3L14,2006202404946
MT,MT-MAIN,ID-C112AX2,543-300-10,1.00,HL3L14,2006202405026
MT,MT-MAIN,DIGIMATIC THICKNESS GAGE/IDC,547-301A,2.00,HL3L15,2006202405231
MT,MT-MAIN,CONNECTION UNIT FOR ID-CNX,02AZF700,8.00,HL3L02,2006202405328
MT,MT-MAIN,MICROMETER DMC100-100,129-115,1.00,HL3L03,2006202405343
MT,MT-MAIN,,172-602,1.00,HL3L04,2006202405477
MT,MT-MAIN,CONNECTING CABLE TYPE SF FOR F,02AZG021,2.00,HL3L02,2006202405483
MT,MT-MAIN,,06ABA988,3.00,HL3L02,2006202405552
MT,MT-MAIN,,63TAA096-42DVD,1.00,HL3L18,2006202405689
MT,MT-MAIN,,12AAC616,1.00,HL3L09,2006202405690
MT,MT-MAIN,DIGIMATIC THICKNESS GAGE/IDC,547-320A,1.00,HL3L15,2006202405846
MT,MT-MAIN,,12AAR966,1.00,HL3L16,2006202405972
MT,MT-MAIN,"HDS-H24""CX",570-414,10.00,HL3L39,2006202406175
MT,MT-MAIN,"CONNECTING CABLE(2M),264S",21EAA190,1.00,HL3L05,2006202406225
MT,MT-MAIN,CONTACT ELEMENT BALL POINT 4-4,131262D,3.00,HL3L03,2006202406330
MT,MT-MAIN,,06ABL022 - L,8.00,HL3L02,2006202406578
MT,MT-MAIN,,06ABL020 - L,7.00,HL3L02,2006202406579
MT,MT-MAIN,,USB-AT-CM,2.00,HL3L18,2006202406977
MT,MT-MAIN,"EXTENSION ROD 1000MM,511",953560,1.00,HL3L19,2006202407060
MT,MT-MAIN,STYLUS/BLADE,21AZB769,2.00,HL3L05,2006202407115
MT,MT-MAIN,,K551153,1.00,HL3L20,2006202407171
MT,MT-MAIN,,K550262,1.00,HL3L20,2006202407173
MT,MT-MAIN,,K550716,1.00,HL3L20,2006202407174
MT,MT-MAIN,,K551041,1.00,HL3L20,2006202407175
MT,MT-MAIN,,K551043,2.00,HL3L20,2006202407176
MT,MT-MAIN,,K551026,2.00,HL3L20,2006202407177
MT,MT-MAIN,,K551027,1.00,HL3L20,2006202407178
MT,MT-MAIN,,K550279,2.00,HL3L20,2006202407179
MT,MT-MAIN,,K550058,2.00,HL3L20,2006202407198
MT,MT-MAIN,,A/5863/6000,1.00,,2006202407215
MT,MT-MAIN,,A/5707/0100,1.00,,2006202407216
MT,MT-MAIN,,A/1015/7694,1.00,,2006202407218
MT,MT-MAIN,,A/1057/0132,1.00,,2006202407219
MT,MT-MAIN,,02ZAA030,2.00,HL3L02,2006202407220
MT,MT-MAIN,,A/1047/3932,1.00,,2006202407256
MT,MT-MAIN,,02ZAA030,1.00,HL3L02,2006202407257
MT,MT-MAIN,,HK-5484-0011,2.00,,2006202407258
MT,MT-MAIN,,02AUT600Z,1.00,HL3L18,2006202407347
MT,MT-MAIN,,06AED497 - L,1.00,HL3L02,2006202407488
MT,MT-MAIN,,06AED498 - L,1.00,HL3L02,2006202407489
MT,MT-MAIN,,383245 - L,1.00,HL3L07,2006202407494
MT,MT-MAIN,,02AKZ060 - L,1.00,HL3L02,2006202407510
MT,MT-MAIN,MDC-75MXT,293-236-30,1.00,HL3L06,2006202407549
MT,MT-MAIN,,02APS930Z - L,1.00,HL3L02,2006202407759
MT,MT-MAIN,,SL.DES1035,1.00,,2006202407961
MT,MT-MAIN,,SL.Ada2106,1.00,,2006202407964
MT,MT-MAIN,,2I24700021,1.00,,2006202408071
MT,MT-MAIN,,331-252-30,1.00,HL3L07,2006202408286
MT,MT-MAIN,,X9LV618878,1.00,,2006202408334
MT,MT-MAIN,,X9LV619146,1.00,,2006202408337
MT,MT-MAIN,,X9LV619108,1.00,,2006202408338
MT,MT-MAIN,DM MICROMETER MD-E25,293-140-40,2.00,HL3L03,2006202408727
MT,MT-MAIN,"STEEL RULE 150X6""",182-107,2.00,HL3L04,2006202408785
MT,MT-MAIN,MICROMETER OMD-50R,107-202,1.00,HL3L03,2006202409046
MT,MT-MAIN,TI-119EX,513-407-10E,2.00,HL3L10,2006202509294
MT,MT-MAIN,,AA - 0.374,1.00,HL3L28,2006202509298
MT,MT-MAIN,DG0.001-5MM,2118A-10,1.00,HL3L05,2006202509488
MT,MT-MAIN,,TPG-270B,10.00,HL3L28,2006202509762
MT,MT-MAIN,,E010003344,1.00,,2006202509891
MT,MT-MAIN,,CM00TZP,4.00,HL3L20,2006202510100
MT,MT-MAIN,DIGIMATIC DEPTH GAGE/IDC05,547-251A,1.00,HL3L15,2006202510106
MT,MT-MAIN,,2I24700023,1.00,,2006202510110
MT,MT-MAIN,,12BAM642,20.00,HL3L09,2006202510134
MT,MT-MAIN,,OC2-600,1.00,HL3L28,2006202510249
MT,MT-MAIN,,IC2-300,1.00,HL3L28,2006202510250
MT,MT-MAIN,MICROMETER TIP/1.0,124-802,6.00,HL3L03,2006202510344
MT,MT-MAIN,,NO. 11.0 H7,1.00,HL3L27,2006202510858
MT,MT-MAIN,,NO. 7.0 H7,1.00,HL3L27,2006202510859
MT,MT-MAIN,ID-S112XB2,543-790B-10,4.00,HL3L14,2006202511022
MT,MT-MAIN,,M-45T,1.00,,2006202511070
MT,MT-MAIN,,M-500,1.00,,2006202511072
MT,MT-MAIN,,M8P,1.00,,2006202511073
MT,MT-MAIN,,C-500,1.00,,2006202511074
MT,MT-MAIN,,LED-5,1.00,,2006202511075
MT,MT-MAIN,,C130-311,1.00,HL3L20,2006202511212
MT,MT-MAIN,TI-623TX,513-515-10T,1.00,HL3L10,2006202511294
MT,MT-MAIN,,C130-364,1.00,,2006202511654
MT,MT-MAIN,,HLX 64625,5.00,HL3L22,2006202511923
MT,MT-MAIN,,HTGA-10N,1.00,HL3L20,2006202512017
MT,MT-MAIN,GAUGE BLOCK 0.1-1-BM1/D,611821-031,1.00,HL3L18,2006202512034
MT,MT-MAIN,,06AFF890,1.00,HL3L02,2006202512187
MT,MT-MAIN,,06AEC362,1.00,HL3L10,2006202512188
MT,MT-MAIN,,TB-SP,1.00,HL3L20,2006202512283
MT,MT-MAIN,,CM015W4,1.00,HL3L20,2006202512578
MT,MT-MAIN,,M6 X 1.0 GPWP2 X 20L,1.00,,2006202512620
MT,MT-MAIN,,NO. 32.0 P7 (-0.017/-0.042),1.00,,2006202512621
MT,MT-MAIN,,NO. 8.2 +0.2/-0,1.00,,2006202512624
MT,MT-MAIN,,M10 X 1.25 GPWP2 X 30L,1.00,,2006202512625
MT,MT-MAIN,LIFTING LEVER,21EAA426,1.00,HL3L05,2006202512626
MT,MT-MAIN,"DG.001-1""",2417A,3.00,HL3L05,2006202512690
MT,MT-MAIN,,V000042859*,1.00,,2006202613427
MT,MT-MAIN,GAUGE BLOCK 600-1-BM1/YJ,611840-036,1.00,,2006202613483
MT,MT-MAIN,,X9LV908810,1.00,,2006202613524
MT,MT-MAIN,,X9LV908812,1.00,,2006202613525
MT,MT-MAIN,,E010010518,1.00,,2006202613632
MT,MT-MAIN,0.95-1A-BM1/D,611936-541,2.00,HL3L18,2006202613655
MT,MT-MAIN,1.1-1A-BM1/D,611570-541,2.00,HL3L18,2006202613656
MT,MT-MAIN,,LED BOTTOM LIGHT,2.00,HL3L30,2006202613667
MT,MT-MAIN,,EMX-1000N,1.00,,2006202613951
MT,MT-MAIN,,63TAA407-54,2.00,HL3L18,2006202613956
MT,MT-MAIN,,66PAA001J-SG,1.00,,2006202613958
MT,MT-MAIN,,63TAA444-54,2.00,HL3L18,2006202613994
MT,MT-MAIN,,542-190,1.00,,2006202614098
MT,MT-MAIN,,X9LV914524,1.00,,2006202614126
MT,MT-MAIN,,X9LV914535,1.00,,2006202614127
MT,MT-MAIN,,X9LV914513,1.00,,2006202614128
MT,MT-MAIN,,P6VFV-V2RR4-D77DK-7XCQ3-VP9KZ,1.00,,2006202614129
MT,MT-MAIN,,XGQHJ-4GPKV-KFXCR-RMCP6-XRH9Z,1.00,,2006202614130
MT,MT-MAIN,,9VWQX-C2RY2-XJPVR-C2YTV-2KG6Z,1.00,,2006202614131
MT,MT-MAIN,,2C3JX-WDVD4-9HVV2-GKHHK-PD4CZ,1.00,,2006202614136
MT,MT-MAIN,,XPJPR-QCR4H-7CMYF-HMFQ7-6XGJZ,1.00,,2006202614137
MT,MT-MAIN,,VQXJ2-CXYG6-V49Q9-M3MTM-RXVQZ,1.00,,2006202614138
MT,MT-MAIN,,02AUW703C,1.00,HL3L18,2006202614237
MT,MT-MAIN,,A-2237-1112,2.00,HL3L22,2006202614240
MT,MT-MAIN,,S9S2537A08844,1.00,,2006202614346
MT,MT-MAIN,,S9S2544A03854,1.00,,2006202614347
MT,MT-MAIN,,HT-9.5SQ,1.00,HL3L20,2006202614359
MT,MT-MAIN,,HT-DC-6.5-SUS,1.00,HL3L20,2006202614360
MT,MT-MAIN,,HT-DBH,1.00,HL3L20,2006202614361
MT,MT-MAIN,,HT-DBH-P,1.00,HL3L20,2006202614362
MT,MT-MAIN,WITH CAL. CERTIFICATE/SETTING,177-288-62,1.00,HL3L04,2006202614377
MT,MT-MAIN,DM CALIPER CFC-45GL,552-150-10,1.00,,2006202614510
MT,MT-MAIN,TI-111HRX,513-471-10H,13.00,HL3L10,2006202614569
MT,MT-MAIN,,12BAS731,3.00,,2006202614650
MT,MT-MAIN,MICROMETER OM-75V,103-255,1.00,HL3L03,2006202614657
MT,MT-MAIN,MICROMETER OM-100V,103-256,1.00,HL3L03,2006202614658
MT,MT-MAIN,MICROMETER OM-125V,103-257,1.00,HL3L03,2006202614659
MT,MT-MAIN,MICROMETER OM-150V,103-258,1.00,HL3L03,2006202614660
MT,MT-MAIN,"MICROMETER OMST-6""VB",103-907-40,2.00,,2006202614735
MT,MT-MAIN,ID-C0512MNXB,543-701B,1.00,HL3L14,2006202614799
MT,MT-MAIN,STEEL RULE 150,182-211,12.00,HL3L04,2006202614865
MT,MT-MAIN,TI-612EX,513-503-10E,1.00,HL3L10,2006202614866
MT,MT-MAIN,MICROMETER TIP/.8,124-801,3.00,HL3L03,2006202614930
MT,MT-MAIN,SBM-88D,568-372-10,1.00,HL3L38,2006202614933
MT,MT-MAIN,,NO. 700A (62600),16.00,HL3L20,2006202614956
MT,MT-MAIN,MICROMETER OM-10 IN,103-186,1.00,HL3L38,2006202615028
MT,MT-MAIN,ID-C112GMXB2,543-311B-10,1.00,HL3L14,2006202615030
MT,MT-MAIN,MICROMETER TIP/1.5,124-821,6.00,HL3L03,2006202615087
MT,MT-MAIN,MICROMETER TIP/3.0,124-807,6.00,HL3L03,2006202615088
MT,MT-MAIN,MICROMETER TIP/5.0,124-812,6.00,HL3L03,2006202615089
MT,MT-MAIN,MICROMETER TIP/7.0,124-816,5.00,HL3L03,2006202615090
MT,MT-MAIN,MOUNTING PLATE FOR ID (TM),02AZF670,3.00,HL3L02,2006202615141
MT,MT-MAIN,"
ID
ID-S112PXB2
ID-S112PXB2",543-794B-10,1.00,HL3L14,2006202615142
MT,MT-MAIN,MICROMETER IDM-25RL,510-141,1.00,HL3L29,2006202615148
MT,MT-MAIN,,WB-HRC60,2.00,HL3L22,2006202615189
MT,MT-MAIN,,WB-70HRA,2.00,HL3L22,2006202615191
MT,MT-MAIN,DG0.001-1MM,2109AB-10,1.00,HL3L05,2006202615296
MT,MT-MAIN,TI-613TX,513-517-10T,2.00,HL3L10,2006202615323
MT,MT-MAIN,HOLTEST HT2-25R,368-766,1.00,HL3L07,2006202615367
MT,MT-MAIN,,C11CJ67507,1.00,,2006202615373
MT,MT-MAIN,,122-105-10,1.00,HL3L03,2006202615431
MT,MT-MAIN,,6PTHC-CDWRH-DHV2K-7GC23-FVJQZ,1.00,,2006202615558
MT,MT-MAIN,,QCJDP-4JK6P-92YY2-HYG9C-FYYVZ,1.00,,2006202615559
MT,MT-MAIN,,3CWVH-2X3R6-D67TC-GGRWF-PF9HZ,1.00,,2006202615560
MT,MT-MAIN,,64MG6-YKC3G-6RWP4-RGF4V-QW2QZ,1.00,,2006202615561
MT,MT-MAIN,,XJH67-X9YFT-46PMD-GR9MM-Y3YTZ,1.00,,2006202615562
MT,MT-MAIN,,182-8781 RS PRO,15.00,HL3L22,2006202615569
MT,MT-MAIN,,9S2616A08838,1.00,,2006202615826
NC,NC-MAIN,,7537-23002013,1.00,HL2L07,2007202300093
NC,NC-MAIN,,7537-90000007,1.00,HL2L07,2007202300094
NC,NC-MAIN,,7537-21002000,1.00,HL2L07,2007202300095
NC,NC-MAIN,,2932-08013L00,2.00,HL2L05,2007202300536
NC,NC-MAIN,,25390281411,1.00,HL2L36,2007202300796
NC,NC-MAIN,,"OB-10PN,P-3",6.00,,2007202300834
NC,NC-MAIN,,6101-30300010,1.00,,2007202300854
NC,NC-MAIN,,AL510S (X),1.00,HL2L35,2007202300981
NC,NC-MAIN,,41112500571,1.00,HL2L01,2007202301010
NC,NC-MAIN,,41472521310,1.00,HL2L01,2007202301011
NC,NC-MAIN,,A31DQ001420,2.00,HL2L01,2007202301014
NC,NC-MAIN,,J2600S03500,1.00,HL2L03,2007202301080
NC,NC-MAIN,,G20SV052761,1.00,HL2L42,2007202301086
NC,NC-MAIN,,DGD4800,1.00,HL2L19,2007202301126
NC,NC-MAIN,,DJG6800,2.00,HL2L19,2007202301127
NC,NC-MAIN,,MA-182125,4.00,HL2L08,2007202301433
NC,NC-MAIN,,DEX4200,4.00,HL2L19,2007202301440
NC,NC-MAIN,,C50,10.00,HL2L35,2007202301488
NC,NC-MAIN,,Y AXIS FRONT COVER,8.00,HL2L35,2007202301489
NC,NC-MAIN,,MMF04C24DS BKO-CB0479-H01,1.00,HL2L19,2007202301492
NC,NC-MAIN,,A98L-0031-0028,3.00,HL2L14,2007202301583
NC,NC-MAIN,,J2600G03500,2.00,HL2L03,2007202301584
NC,NC-MAIN,,DH30700,1.00,HL2L19,2007202301596
NC,NC-MAIN,,F09FH002170,10.00,HL2L02,2007202301745
NC,NC-MAIN,,FL070635,2.00,HL2L13,2007202301806
NC,NC-MAIN,,R8,15.00,HL2L35,2007202301817
NC,NC-MAIN,,2937-04045000,2.00,,2007202301890
NC,NC-MAIN,,D639400,2.00,HL2L19,2007202301903
NC,NC-MAIN,,DDW7400,1.00,HL2L19,2007202301910
NC,NC-MAIN,,DCK7900,1.00,HL2L19,2007202301915
NC,NC-MAIN,,AVR 45KVA,2.00,,2007202301959
NC,NC-MAIN,,A860-0203-T013,2.00,HL2L11,2007202301972
NC,NC-MAIN,,D51SY025220,2.00,HL2L01,2007202301973
NC,NC-MAIN,,F02KQ005361,1.00,HL2L02,2007202301974
NC,NC-MAIN,,Transformer 10KVA,2.00,,2007202302281
NC,NC-MAIN,,D50NWU00020,3.00,HL2L39,2007202302282
NC,NC-MAIN,,R10ZL001900,3.00,HL2L36,2007202302291
NC,NC-MAIN,,5200-29010150,1.00,HL2L06,2007202302330
NC,NC-MAIN,,F28TM032201,1.00,,2007202302370
NC,NC-MAIN,,PW030201,10.00,HL2L13,2007202302636
NC,NC-MAIN,,0B714500111,1.00,,2007202302724
NC,NC-MAIN,,2B064500630,1.00,,2007202302725
NC,NC-MAIN,,2B064500142,1.00,,2007202302726
NC,NC-MAIN,,0B714500250,1.00,,2007202302727
NC,NC-MAIN,,0B714500350,1.00,,2007202302728
NC,NC-MAIN,,DEG5700,4.00,HL2L19,2007202302738
NC,NC-MAIN,,D80MA007510,3.00,,2007202302778
NC,NC-MAIN,,D70UB010240,9.00,HL2L02,2007202302779
NC,NC-MAIN,,D80MA019370,1.00,HL2L29,2007202302809
NC,NC-MAIN,,Z99BB020030,1.00,HL2L04,2007202302810
NC,NC-MAIN,,D70UB011130,3.00,HL2L02,2007202302838
NC,NC-MAIN,,#M15-00342,1.00,HL2L09,2007202302867
NC,NC-MAIN,,4904-72100040,4.00,HL2L06,2007202302890
NC,NC-MAIN,,"MLTC-MSCC-7/16""-BO205",2.00,,2007202303062
NC,NC-MAIN,,84,2.00,HL2L12,2007202303254
NC,NC-MAIN,,122,1.00,HL2L12,2007202303255
NC,NC-MAIN,,BEARING,10.00,HL2L35,2007202303270
NC,NC-MAIN,,6093,6.00,HL2L35,2007202303272
NC,NC-MAIN,,6024.6014.6025,10.00,HL2L35,2007202303273
NC,NC-MAIN,,6181,8.00,HL2L35,2007202303279
NC,NC-MAIN,,FUSE,5.00,HL2L35,2007202303294
NC,NC-MAIN,,D50EA002980,2.00,HL2L01,2007202303385
NC,NC-MAIN,,6019,5.00,HL2L35,2007202303390
NC,NC-MAIN,,6022,5.00,HL2L35,2007202303391
NC,NC-MAIN,,6018,5.00,HL2L35,2007202303392
NC,NC-MAIN,,5039-6114,4.00,HL2L35,2007202303394
NC,NC-MAIN,,DHG1400,1.00,HL2L19,2007202303534
NC,NC-MAIN,,D02SY011370,1.00,HL2L01,2007202303562
NC,NC-MAIN,,DKM1100,1.00,HL2L19,2007202303661
NC,NC-MAIN,,DKM1600,1.00,HL2L19,2007202303662
NC,NC-MAIN,,J24NV005140,5.00,HL2L03,2007202303692
NC,NC-MAIN,,DC20400,1.00,HL2L19,2007202303765
NC,NC-MAIN,,43,10.00,HL2L35,2007202303769
NC,NC-MAIN,,6072,10.00,HL2L35,2007202303770
NC,NC-MAIN,,D80ZZ023151,2.00,HL2L01,2007202303890
NC,NC-MAIN,,5200-29070060,1.00,HL2L06,2007202304080
NC,NC-MAIN,,D70UB011000,5.00,HL2L02,2007202304153
NC,NC-MAIN,,54301,1.00,HL2L11,2007202304239
NC,NC-MAIN,,0-21-0073,1.00,HL2L09,2007202304295
NC,NC-MAIN,,0-21-0002,1.00,HL2L09,2007202304296
NC,NC-MAIN,,2955-00A01800,3.00,HL2L05,2007202304328
NC,NC-MAIN,,K16ZA000411,2.00,HL2L03,2007202404430
NC,NC-MAIN,,2937-04014000,2.00,,2007202404639
NC,NC-MAIN,,2937-04043000,2.00,,2007202404640
NC,NC-MAIN,,2937-04046001,2.00,,2007202404641
NC,NC-MAIN,,2937-04013000,3.00,,2007202404642
NC,NC-MAIN,,2937-04042000,2.00,,2007202404644
NC,NC-MAIN,,2937-04041001,2.00,,2007202404645
NC,NC-MAIN,,2937-04040000,2.00,,2007202404646
NC,NC-MAIN,,2937-04017000,2.00,,2007202404647
NC,NC-MAIN,,2937-04018000,2.00,,2007202404648
NC,NC-MAIN,,2937-04039000,3.00,,2007202404649
NC,NC-MAIN,,2937-04036000,2.00,,2007202404650
NC,NC-MAIN,,2937-04037000,2.00,,2007202404651
NC,NC-MAIN,,3297-H010,4.00,HL2L09,2007202404705
NC,NC-MAIN,,J2600P19000,4.00,HL2L03,2007202404710
NC,NC-MAIN,,85450506,3.00,HL2L11,2007202405014
NC,NC-MAIN,,QA03-05008GA0,3.00,HL2L07,2007202405081
NC,NC-MAIN,,J395 5M,1.00,HL2L19,2007202405287
NC,NC-MAIN,,J396 0.3M,1.00,HL2L19,2007202405288
NC,NC-MAIN,,D80UB029423,6.00,HL2L02,2007202405413
NC,NC-MAIN,,G30ZZ00334E,10.00,HL2L02,2007202405422
NC,NC-MAIN,,A-2197-0158,3.00,,2007202405544
NC,NC-MAIN,,94219719,3.00,HL2L12,2007202405561
NC,NC-MAIN,,G48CB004960,1.00,HL2L03,2007202405716
NC,NC-MAIN,,L02TR030440,1.00,HL2L03,2007202405730
NC,NC-MAIN,,HBZ-U10 P-5RTS,8.00,,2007202405847
NC,NC-MAIN,,FL07048,4.00,HL2L13,2007202405852
NC,NC-MAIN,,OSC-ET-Ø0.3X300L - 100PCS,2.00,HL2L11,2007202405859
NC,NC-MAIN,,MBK7300,4.00,HL2L32,2007202406097
NC,NC-MAIN,,3885-Z03730-0201,2.00,HL2L09,2007202406608
NC,NC-MAIN,,K-EB08000227,1.00,HL2L14,2007202406674
NC,NC-MAIN,,K-EB08000235,2.00,HL2L14,2007202406675
NC,NC-MAIN,,923-0-05-1050,1.00,HL2L12,2007202406698
NC,NC-MAIN,,CU32-R,2.00,HL2L08,2007202406949
NC,NC-MAIN,,FL12140,2.00,HL2L13,2007202407072
NC,NC-MAIN,,D02SY011520,7.00,HL2L01,2007202407200
NC,NC-MAIN,,3273-E9280-0101,1.00,HL2L09,2007202407261
NC,NC-MAIN,,DFW4300,3.00,HL2L19,2007202407373
NC,NC-MAIN,,DFW3800,3.00,HL2L19,2007202407374
NC,NC-MAIN,,A02B-0281-K601,2.00,HL2L14,2007202407389
NC,NC-MAIN,,A63L-0002-0024,3.00,HL2L14,2007202407392
NC,NC-MAIN,,41473011180,1.00,HL2L01,2007202407667
NC,NC-MAIN,,43422507991,1.00,HL2L01,2007202407668
NC,NC-MAIN,,43122543550,1.00,HL2L01,2007202407669
NC,NC-MAIN,,43412507860,1.00,HL2L01,2007202407670
NC,NC-MAIN,,33112544150,1.00,HL2L01,2007202407671
NC,NC-MAIN,,D6250000,1.00,,2007202407749
NC,NC-MAIN,,R61ZZ001882,1.00,HL2L04,2007202407966
NC,NC-MAIN,,7391-72568000,2.00,HL2L07,2007202407999
NC,NC-MAIN,,AGCB087B,1.00,HL2L13,2007202408006
NC,NC-MAIN,,Z99YYE01690,1.00,HL2L04,2007202408028
NC,NC-MAIN,,3220-M10510-57A0,1.00,HL2L09,2007202408346
NC,NC-MAIN,,OSC-SW-300,4.00,,2007202408401
NC,NC-MAIN,,D02MA010950,2.00,HL2L01,2007202408405
NC,NC-MAIN,,DR43602H,2.00,HL2L13,2007202408463
NC,NC-MAIN,,D69MA000900,1.00,HL2L41,2007202408665
NC,NC-MAIN,,ML-SHC 75W-90,6.00,,2007202408696
NC,NC-MAIN,,A-5000-3709,1.00,,2007202408767
NC,NC-MAIN,,G23SV002890,1.00,HL2L02,2007202408773
NC,NC-MAIN,,D72UB701353,1.00,HL2L02,2007202409091
NC,NC-MAIN,,141-713,1.00,HL2L41,2007202509118
NC,NC-MAIN,,MVT1224A,2.00,HL2L13,2007202509193
NC,NC-MAIN,,539-814N,5.00,,2007202509449
NC,NC-MAIN,,539-806N,5.00,,2007202509450
NC,NC-MAIN,,A25,3.00,HL2L37,2007202509570
NC,NC-MAIN,,J2600P00600,1.00,HL2L03,2007202509608
NC,NC-MAIN,,TS5690N1230,1.00,HL2L19,2007202509648
NC,NC-MAIN,,220 VAC,1.00,,2007202509764
NC,NC-MAIN,,PU0850-BLACK,70.00,,2007202510163
NC,NC-MAIN,,PU1065-BLACK,80.00,,2007202510165
NC,NC-MAIN,,215-1587,2.00,HL2L18,2007202510472
NC,NC-MAIN,,06040800,1.00,HL2L12,2007202510588
NC,NC-MAIN,,06040900,1.00,HL2L12,2007202510589
NC,NC-MAIN,,#M15-02290,2.00,HL2L09,2007202510686
NC,NC-MAIN,,MAQF500,2.00,HL2L19,2007202510777
NC,NC-MAIN,,MAQG700,2.00,HL2L19,2007202510781
NC,NC-MAIN,,MAQF300,2.00,HL2L19,2007202510782
NC,NC-MAIN,,MAQG600,2.00,HL2L19,2007202510783
NC,NC-MAIN,,Z990000010A,3.00,,2007202510948
NC,NC-MAIN,,4HSD80655.2,1.00,HL2L12,2007202511149
NC,NC-MAIN,,6F1-P1-01,1.00,HL2L12,2007202511150
NC,NC-MAIN,,40R-G85,1.00,HL2L12,2007202511151
NC,NC-MAIN,,4SCB4052710,1.00,HL2L12,2007202511152
NC,NC-MAIN,,4WR-80-75-10,1.00,HL2L12,2007202511153
NC,NC-MAIN,,C20001041,2.00,HL2L11,2007202511307
NC,NC-MAIN,,10322125,1.00,HL2L12,2007202511320
NC,NC-MAIN,,G07GU005620,1.00,,2007202511368
NC,NC-MAIN,,MLTC-SSCC-9.37MM-B0266III,3.00,HL2L08,2007202511388
NC,NC-MAIN,,MY62300,2.00,HL2L19,2007202511475
NC,NC-MAIN,,MLTC-MSCC-16.0MM-BO205,1.00,HL2L13,2007202511636
NC,NC-MAIN,,MLTC-MSCC-5.0MM-BO125III,4.00,HL2L08,2007202511650
NC,NC-MAIN,,G0992 L0.23M,1.00,HL2L19,2007202511652
NC,NC-MAIN,,OSC-ET-MO-Ø3.0MMX300L,2.00,HL2L11,2007202511898
NC,NC-MAIN,,C18D 110V,2.00,HL2L08,2007202512086
NC,NC-MAIN,,2955*0FB00300,1.00,HL2L05,2007202512184
NC,NC-MAIN,,MLTC-MSCC-22.0MM-B0266III,2.00,HL2L08,2007202512288
NC,NC-MAIN,,MLTC-MSCC-26.0MM-B0266III,2.00,HL2L08,2007202512290
NC,NC-MAIN,,828-7328,1.00,HL2L11,2007202512477
NC,NC-MAIN,,329-884,1.00,HL2L11,2007202512478
NC,NC-MAIN,,D80MA015171,1.00,HL2L32,2007202512555
NC,NC-MAIN,,DHK2800,1.00,HL2L18,2007202512635
NC,NC-MAIN,,DHT3300,1.00,HL2L18,2007202512636
NC,NC-MAIN,,DDP5000,1.00,HL2L18,2007202512637
NC,NC-MAIN,,G16FH005262,1.00,HL2L03,2007202512821
NC,NC-MAIN,,MMF-04C24DS-RCA,3.00,HL2L19,2007202513020
NC,NC-MAIN,,3273-E5300-0200,1.00,HL2L09,2007202513049
NC,NC-MAIN,,5001-29001000,1.00,HL2L06,2007202513078
NC,NC-MAIN,,HBZ-U(N)25 P-5RT,4.00,,2007202513192
NC,NC-MAIN,,DKR2800,2.00,,2007202613418
NC,NC-MAIN,,MLTC-SSCC-6.4MM-BO205II,1.00,HL2L08,2007202613444
NC,NC-MAIN,,MLTC-MSCC-6.5MM-BO205II,1.00,HL2L08,2007202613445
NC,NC-MAIN,,M-2197-0150,5.00,,2007202613477
NC,NC-MAIN,,KA1 CU-11,2.00,HL2L08,2007202613725
NC,NC-MAIN,,B95-A2041,2.00,,2007202613827
NC,NC-MAIN,,"220V, 220V 30 KVA",11.00,,2007202613892
NC,NC-MAIN,,A02B-0213-K213,9.00,HL2L14,2007202613959
NC,NC-MAIN,,2937-01019B00,1.00,,2007202613963
NC,NC-MAIN,,VSK-8A-FB,1.00,,2007202614123
NC,NC-MAIN,,G06LA003101,8.00,,2007202614253
NC,NC-MAIN,,EX500008,1.00,HL2L11,2007202614307
NC,NC-MAIN,,F060 L=0.5M,1.00,HL2L19,2007202614409
NC,NC-MAIN,,DKS6700,2.00,HL2L18,2007202614517
NC,NC-MAIN,,MLTC-GB-10.0MM-BO205,1.00,HL2L13,2007202614667
NC,NC-MAIN,,MLTC-MSCC-8.0MM-BO205,1.00,HL2L13,2007202614669
NC,NC-MAIN,,MLTC-SSCC-8.9MM-BO205,1.00,HL2L13,2007202614672
NC,NC-MAIN,,MLTC-SSCC-10.0MM-BO205,1.00,HL2L13,2007202614673
NC,NC-MAIN,,FL12150,1.00,HL2L13,2007202614674
NC,NC-MAIN,,A17B-2100-07,1.00,,2007202614889
NC,NC-MAIN,,A50L-001-0459,3.00,,2007202614891
NC,NC-MAIN,,A50L-001-0436,1.00,,2007202614892
NC,NC-MAIN,,MD31700,1.00,HL2L18,2007202614900
NC,NC-MAIN,,4.5 TONS CHAIN SLING,1.00,,2007202615133
NC,NC-MAIN,,MDS-DH-V1-40,1.00,,2007202615183
NC,NC-MAIN,,M39-04840,2.00,HL2L09,2007202615186
NC,NC-MAIN,,FL07047,4.00,HL2L13,2007202615203
NC,NC-MAIN,,FL12158,1.00,HL2L13,2007202615206
NC,NC-MAIN,,FL12100C,2.00,HL2L13,2007202615208
NC,NC-MAIN,,XTP402210,4.00,HL2L13,2007202615211
NC,NC-MAIN,,D80MA008280,2.00,HL2L02,2007202615341
NC,NC-MAIN,,L02TR02346F,1.00,HL2L03,2007202615603
NC,NC-MAIN,,FAGOR MX-325,1.00,HL2L11,2007202615701
NC,NC-MAIN,,A06B-0235-B400#0100,1.00,HL2L14,2007202615902
CT,CT-MAIN,,AL-12,4.00,,2010032400011
CT,CT-MAIN,,ALR-720,2.00,,2010032400028
CT,CT-MAIN,,ALR-840,2.00,,2010032400035
CT,CT-MAIN,,VR-6180A,1.00,,2010032400042
CT,CT-MAIN,,RG-D,100.00,,2010032400066
CT,CT-MAIN,,RH-D,100.00,,2010032400073
CT,CT-MAIN,,UC-B,9.00,,2010032400080
CT,CT-MAIN,,UD-B,8.00,,2010032400097
CT,CT-MAIN,,UE-B,1.00,,2010032400103
CT,CT-MAIN,,VA-B,20.00,,2010032400110
CT,CT-MAIN,,WB-B,10.00,,2010032400127
CT,CT-MAIN,,VS-85A,1.00,,2010032400134
CT,CT-MAIN,,AN-841,1.00,,2010032400158
CT,CT-MAIN,,UA-B,1.00,,2010032400172
CT,CT-MAIN,,CR-25,2.00,,2010042400018
CT,CT-MAIN,,CK30-DM100,3.00,,2010042400025
CT,CT-MAIN,,CR-50B,1.00,,2010042400032
CT,CT-MAIN,,VS-875-44,1.00,,2010062400012
CT,CT-MAIN,,VS-1125-44,1.00,,2010062400029
CT,CT-MAIN,,VS-1000-44,1.00,,2010062400036
CT,CT-MAIN,,VS-1500-44,1.00,,2010062400043
CT,CT-MAIN,,VS-1375-44,1.00,,2010062400050
CT,CT-MAIN,,VS-1005M,1.00,,2010062400067
CT,CT-MAIN,,VS-2375-44,1.00,,2010062400074
CT,CT-MAIN,,VS-1250-44,1.00,,2010062400081
CT,CT-MAIN,,AN-994A,18.00,,2010102400019
CT,CT-MAIN,,AN-980,2.00,,2010102400026
CT,CT-MAIN,,B-300,1.00,,2010102400040
CT,CT-MAIN,,SL-15,1.00,,2010102400057
CT,CT-MAIN,,LN-0116A,2.00,,2010102400064
CT,CT-MAIN,,VB-C,4.00,,2010102400095
CT,CT-MAIN,,WE-D,44.00,,2010102400101
CT,CT-MAIN,,WF-D,52.00,,2010102400118
CT,CT-MAIN,,WG-D,39.00,,2010102400125
CT,CT-MAIN,,AN-842,1.00,,2010102400149
CT,CT-MAIN,,CK-2045A,2.00,,2010102400156
CT,CT-MAIN,,CK-3045A,3.00,,2010102400163
CT,CT-MAIN,,BL10-354AS,3.00,,2010102400248
CT,CT-MAIN,,K10-347AS,1.00,,2010102400255
CT,CT-MAIN,,K16-495AS,3.00,,2010102400279
CT,CT-MAIN,,K16-526AS,1.00,,2010102400286
CT,CT-MAIN,,M-125S,1.00,,2010102400323
CT,CT-MAIN,,AG-140L,1.00,,2010102400415
CT,CT-MAIN,,MB-2333A,1.00,,2010102400422
CT,CT-MAIN,,KKN-650,1.00,,2010102400446
CT,CT-MAIN,,P-650A,1.00,,2010102400514
CT,CT-MAIN,,PN-50,1.00,,2010102400521
CT,CT-MAIN,,ST-2500,19.00,,2010102400538
CT,CT-MAIN,,2H-P28-2500-WG,18.00,,2010102400545
CT,CT-MAIN,,AN-670,2.00,,2010102400552
CT,CT-MAIN,,BL5-W,3.00,,2010102400583
CT,CT-MAIN,,PN-40,1.00,,2010102400590
CT,CT-MAIN,,VS-500E,4.00,,2010102400644
CT,CT-MAIN,,VS-236,1.00,,2010102400668
CT,CT-MAIN,,VS-315,1.00,,2010102400675
CT,CT-MAIN,,VS-311,1.00,,2010102400682
CT,CT-MAIN,,VS-257,1.00,,2010102400699
CT,CT-MAIN,,VS-214,1.00,,2010102400705
CT,CT-MAIN,,VS-217,1.00,,2010102400712
CT,CT-MAIN,,VS-276,1.00,,2010102400729
CT,CT-MAIN,,VS-216,1.00,,2010102400736
CT,CT-MAIN,,S-100,1.00,,2010102400750
CT,CT-MAIN,,VA-C,4.00,,2010102400767
CT,CT-MAIN,,K20-713AS,1.00,,2010102400774
CT,CT-MAIN,,AK20-1000UD,1.00,,2010102400798
CT,CT-MAIN,,BP-235,1.00,,2010102400835
CT,CT-MAIN,,BP-230,1.00,,2010102400842
CT,CT-MAIN,,WB-D,6.00,,2010102400866
CT,CT-MAIN,,WC-D,1.00,,2010102400873
CT,CT-MAIN,,BP-225,1.00,,2010102400880
CT,CT-MAIN,,CR-120,5.00,,2010102400897
CT,CT-MAIN,,KL-1125M,1.00,,2010102400910
CT,CT-MAIN,,KL-1187M,1.00,,2010102400927
CT,CT-MAIN,,KL-1062M,1.00,,2010102400934
CT,CT-MAIN,,KL-1000M,1.00,,2010102400941
CT,CT-MAIN,,KL-962M,1.00,,2010102400958
CT,CT-MAIN,,KL-838M,1.00,,2010102400965
CT,CT-MAIN,,KL-931M,1.00,,2010102400972
CT,CT-MAIN,,KL-900M,1.00,,2010102400989
CT,CT-MAIN,,KL-744M,1.00,,2010102400996
CT,CT-MAIN,,S-931,1.00,,2010102401009
CT,CT-MAIN,,S-962,1.00,,2010102401016
CT,CT-MAIN,,S-1125,1.00,,2010102401023
CT,CT-MAIN,,S-1187,1.00,,2010102401030
CT,CT-MAIN,,S-838,1.00,,2010102401047
CT,CT-MAIN,,S-744,1.00,,2010102401054
CT,CT-MAIN,,S-900,1.00,,2010102401061
CT,CT-MAIN,,S-994,2.00,,2010102401078
CT,CT-MAIN,,S-1062,1.00,,2010102401085
CT,CT-MAIN,,AK20A,2.00,,2010102401108
CT,CT-MAIN,,AK20-994UC,1.00,,2010102401115
CT,CT-MAIN,,S-775,1.00,,2010102401122
CT,CT-MAIN,,LBN-1A (INC),1.00,,2010102401146
CT,CT-MAIN,,LBN-11 (INC),1.00,,2010102401153
CT,CT-MAIN,,K16-588AS,10.00,,2010102401962
CT,CT-MAIN,,AK20-869UB,1.00,,2010102402426
CT,CT-MAIN,,S-869,1.00,,2010102402433
CT,CT-MAIN,,AL20-A,1.00,,2010102402471
CT,CT-MAIN,,EKU-525,1.00,,2010112400016
CT,CT-MAIN,,AN-231,1.00,,2010112400085
CT,CT-MAIN,,K16-A413,7.00,,2010112400092
CT,CT-MAIN,,K16-A55,5.00,,2010112400108
CT,CT-MAIN,,K16-A63,38.00,,2010112400122
CT,CT-MAIN,,K16-J63,60.00,,2010112400139
CT,CT-MAIN,,PL-13,130.00,,2010112400146
CT,CT-MAIN,,AN-100,1.00,,2010112400191
CT,CT-MAIN,,CR-12,1.00,,2010112400221
CT,CT-MAIN,,K10-J83,24.00,,2010112400238
CT,CT-MAIN,,K12-J83,4.00,,2010112400245
CT,CT-MAIN,,K16-J57,2.00,,2010112400252
CT,CT-MAIN,,K16-J95,10.00,,2010112400269
CT,CT-MAIN,,K20-A55,8.00,,2010112400283
CT,CT-MAIN,,K20-A57,4.00,,2010112400290
CT,CT-MAIN,,K20-A63,2.00,,2010112400306
CT,CT-MAIN,,K20-J63,11.00,,2010112400313
CT,CT-MAIN,,K20-J83,4.00,,2010112400320
CT,CT-MAIN,,LJ-13,2.00,,2010112400344
CT,CT-MAIN,,L5-A65,528.00,,2010112400351
CT,CT-MAIN,,ML-5,15.00,,2010112400368
CT,CT-MAIN,,PL-5,16.00,,2010112400375
CT,CT-MAIN,,PL-7,36.00,,2010112400382
CT,CT-MAIN,,P20-A55,72.00,,2010112400399
CT,CT-MAIN,,P20-J83,9.00,,2010112400405
CT,CT-MAIN,,P28-A413,2.00,,2010112400412
CT,CT-MAIN,,P28-A55,11.00,,2010112400429
CT,CT-MAIN,,P28-A63,1.00,,2010112400436
CT,CT-MAIN,,P28-A67,12.00,,2010112400443
CT,CT-MAIN,,P28-J57,5.00,,2010112400450
CT,CT-MAIN,,P28-J63,18.00,,2010112400467
CT,CT-MAIN,,P28-J83,60.00,,2010112400474
CT,CT-MAIN,,R28-A413,1.00,,2010112400498
CT,CT-MAIN,,R28-A57,10.00,,2010112400511
CT,CT-MAIN,,R28-A63,19.00,,2010112400528
CT,CT-MAIN,,R28-J57,1.00,,2010112400535
CT,CT-MAIN,,R28-J63,1.00,,2010112400542
CT,CT-MAIN,,R28-J83,10.00,,2010112400559
CT,CT-MAIN,,R28-J95,62.00,,2010112400566
CT,CT-MAIN,,C24-J65-91,6.00,,2010112400573
CT,CT-MAIN,,V24-A65,7.00,,2010112400658
CT,CT-MAIN,,GG25-J87,12.00,,2010112400733
CT,CT-MAIN,,GG25-A45,9.00,,2010112400740
CT,CT-MAIN,,ML-7,21.00,,2010112400832
CT,CT-MAIN,,L20-A47,6.00,,2010112400856
CT,CT-MAIN,,P28-A57,4.00,,2010112400887
CT,CT-MAIN,,KL-14,12.00,,2010112400924
CT,CT-MAIN,,KL-13,4.00,,2010112400931
CT,CT-MAIN,,P-200,1.00,,2010112400955
CT,CT-MAIN,,K16-J83,3.00,,2010112401006
CT,CT-MAIN,,P28-A53,108.00,,2010112401013
CT,CT-MAIN,,R28-A53,108.00,,2010112401020
CT,CT-MAIN,,K3-A65,1.00,,2010112401075
CT,CT-MAIN,,K6-A65,1.00,,2010112401082
CT,CT-MAIN,,K12-A63,7.00,,2010112401099
CT,CT-MAIN,,K12-A57,9.00,,2010112401105
CT,CT-MAIN,,K12-A413,4.00,,2010112401129
CT,CT-MAIN,,K10-A55,4.00,,2010112401136
CT,CT-MAIN,,K8-A55,40.00,,2010112401143
CT,CT-MAIN,,L10-DM05,1.00,,2010112401150
CT,CT-MAIN,,AN-515,1.00,,2010112401181
CT,CT-MAIN,,K10-J95,22.00,,2010112401419
CT,CT-MAIN,,CR-2,1.00,,2010112401747
CT,CT-MAIN,,LJ-7,2.00,,2010112401761
CT,CT-MAIN,,JN-201,9.00,,2010112401884
CT,CT-MAIN,,K12-J63,14.00,,2010112402355
CT,CT-MAIN,,LAB,1.00,,2010112402478
CT,CT-MAIN,,K6-A413,2.00,,2010112402508
CT,CT-MAIN,,K5-A69,20.00,,2010112402515
CT,CT-MAIN,,IC80L6V-3SP,38.00,,2010112402539
CT,CT-MAIN,,EHU-518,2.00,,2010112402577
CT,CT-MAIN,,A80-JVSN,3.00,,2010112402584
CT,CT-MAIN,,P28J95,3.00,,2010112402669
CT,CT-MAIN,,P28J99,7.00,,2010112402676
CT,CT-MAIN,,AN-87,1.00,,2010122400013
CT,CT-MAIN,,AN-97,2.00,,2010122400020
CT,CT-MAIN,,2G-R28,15.00,,2010122400051
CT,CT-MAIN,,2H-R28,17.00,,2010122400068
CT,CT-MAIN,,PF-110-4,2.00,,2010122400075
CT,CT-MAIN,,AN-618A,3.00,,2010122400112
CT,CT-MAIN,,D2-I,1.00,,2010122400129
CT,CT-MAIN,,P-AK20-A,1.00,,2010122400136
CT,CT-MAIN,,PF-244A,1.00,,2010122400181
CT,CT-MAIN,,ASPC-942A,1.00,,2010122400365
CT,CT-MAIN,,GRM-2245,1.00,,2010132400010
CT,CT-MAIN,,P-300,1.00,,2010132400027
CT,CT-MAIN,,P-250,1.00,,2010132400034
CT,CT-MAIN,,P-312,1.00,,2010132400041
CT,CT-MAIN,,P-344,1.00,,2010132400058
CT,CT-MAIN,,P-610A,1.00,,2010132400065
CT,CT-MAIN,,MBB-910,4.00,,2010132400089
CT,CT-MAIN,,MB-30-5,1.00,,2010142400048
CT,CT-MAIN,,GGN-150,1.00,,2010162400011
CT,CT-MAIN,,TS-126A,1.00,,2010172400025
CT,CT-MAIN,,K3A,1.00,,2010192400012
CT,CT-MAIN,,GFC63005,10.00,,2012202300381
CT,CT-MAIN,5607501,H690 TNKX 160610PNTR IC808,2.00,,2012202300434
CT,CT-MAIN,6723731,WNGP 221L-F2P IC530N,10.00,,2012202300715
CT,CT-MAIN,5550509,WBGT 520L IC807,19.00,,2012202300726
CT,CT-MAIN,6404544,GEMI 3002M IC808,9.00,,2012202300750
CT,CT-MAIN,3310513,SC 32T25B,1.00,,2012202301043
CT,CT-MAIN,3401402,MM TS135-H30D-06T05 IC908,2.00,,2012202301044
CT,CT-MAIN,3401414,MM TS160-H40D-06T06 IC908,1.00,,2012202301152
CT,CT-MAIN,4300206,ZN 54M,1.00,,2012202301344
CT,CT-MAIN,,MM GRIT18K200-020-3T6 908,1.00,,2012202301459
CT,CT-MAIN,5682558,HP ANKT 070208PNTR IC808,50.00,,2012202301569
CT,CT-MAIN,,MFS20,1.00,,2012202301732
CT,CT-MAIN,3401426,MM TS225-H50D-06T08 IC908,1.00,,2012202302381
CT,CT-MAIN,,SVG 25 X .95 X 75M-4/6T,900.00,,2012202302800
CT,CT-MAIN,,SVG 19 X .90 X 75M-4/6T,225.00,,2012202302801
CT,CT-MAIN,,SVG 25 X .95 X 75M-2/3T,75.00,,2012202302804
CT,CT-MAIN,,SVG 25 X .95 X 75M-3/4T,"1,125.00",A2R030,2012202302805
CT,CT-MAIN,,SVG 25 X .95 X 75M-5/7T,150.00,,2012202302807
CT,CT-MAIN,,SVG 25 X .95 X 75M-6/10T,300.00,,2012202302811
CT,CT-MAIN,,SVG 25 X .95 X 75M-8/12T,225.00,,2012202302812
CT,CT-MAIN,,SVG 32 X 1.06 X 75M-2/3T,300.00,A2R031,2012202302813
CT,CT-MAIN,,SVG 32 X 1.06 X 75M-3/4T,825.00,,2012202302814
CT,CT-MAIN,,SVG 32 X 1.06 X 75M-6/10T,225.00,,2012202302816
CT,CT-MAIN,,SVG 32 X 1.06 X 75M-8/12T,300.00,,2012202302817
CT,CT-MAIN,,SVG 41 X 1.3 X 75M-2/3T,75.00,,2012202302818
CT,CT-MAIN,,SVG 41 X 1.3 X 75M-3/4T,450.00,A2R035,2012202302819
CT,CT-MAIN,,MFS25,2.00,,2012202302975
CT,CT-MAIN,6853843,SEKR1203AGSR-MJ T3130,400.00,HR2L17,2012202303110
CT,CT-MAIN,,SVG 32 X 1.06 X 3505-2/3T,10.00,,2012202303287
CT,CT-MAIN,,GMF55030,10.00,,2012202303672
CT,CT-MAIN,,GMF55040,10.00,,2012202303674
CT,CT-MAIN,,GMF55060,10.00,,2012202303675
CT,CT-MAIN,,GMF55080,10.00,,2012202303676
CT,CT-MAIN,,GMF55100,9.00,,2012202303677
CT,CT-MAIN,,GMF55120,9.00,,2012202303678
CT,CT-MAIN,,10209607,20.00,,2012202304131
CT,CT-MAIN,,D2101027,15.00,,2012202304298
CT,CT-MAIN,6733156,AVGT060308PBER-MJ AH3135,30.00,,2012202404359
CT,CT-MAIN,6004761,PENTA 34N200J100 IC908,2.00,,2012202404687
CT,CT-MAIN,BIS004A,BIS M-122-02/A,7.00,,2012202404736
CT,CT-MAIN,4550358,CHR MB63,1.00,,2012202405462
CT,CT-MAIN,4550200,CC MB63 ER40,1.00,,2012202405463
CT,CT-MAIN,3375451,ER40 SEAL 20 AA,1.00,,2012202405466
CT,CT-MAIN,3375453,ER40 SEAL 25 AA,1.00,,2012202405467
CT,CT-MAIN,5621469,MM EC100A07R0.5-6T06 IC908,1.00,,2012202405578
CT,CT-MAIN,3429545,MM GRIT 18K-3.00-0.20*928,4.00,,2012202405631
CT,CT-MAIN,,V011280,2.00,,2012202406370
CT,CT-MAIN,4559245,BT30 HYDRO 20X90,5.00,,2012202406601
CT,CT-MAIN,5604856,RCMT 1607-FW-F20 IC928,20.00,,2012202406618
CT,CT-MAIN,3104585,SOF45 8/16-D063-06-22R,1.00,,2012202407436
CT,CT-MAIN,6790313,TCF18L100F-005 SH725,5.00,,2012202407557
CT,CT-MAIN,,20-213-30-036-IND,75.00,,2012202407570
CT,CT-MAIN,6758034,DMC180 AH9130,2.00,,2012202407573
CT,CT-MAIN,6791798,DMC220 AH9130,2.00,,2012202407576
CT,CT-MAIN,,20-213-30-037-IND,8.00,,2012202407580
CT,CT-MAIN,,SVG 54 X 1.6 X 10220-3/4T,8.00,,2012202407614
CT,CT-MAIN,,SVG 41 X 1.3 X 4450-3/4T,6.00,,2012202407991
CT,CT-MAIN,,SVG 19 X .90 X 2362-5/7T,2.00,,2012202407993
CT,CT-MAIN,3106613,‎H690 FWN D050-04-22-R07,1.00,,2012202408264
CT,CT-MAIN,3419170,DGN 1001J-D22 IC1010,10.00,HR1L25,2012202408935
CT,CT-MAIN,6804603,2QP-VNGA160404 BXM20,2.00,,2012202510290
CT,CT-MAIN,6749414,2QP-VNGA160404 BXA20,2.00,,2012202510291
CT,CT-MAIN,,"GEAR CUTTER MODULE 1, 20 PA 12-13T",1.00,,2012202510381
CT,CT-MAIN,,"GEAR CUTTER MODULE 2, 20 PA 14-16T",1.00,,2012202510383
CT,CT-MAIN,,"GEAR CUTTER MODULE 3, 20 PA 12-13T",1.00,,2012202510385
CT,CT-MAIN,6778626,QC12-JSCL2CR09,2.00,,2012202510558
CT,CT-MAIN,6967412,CCGT09T304FN-JS SH7025,10.00,,2012202510559
CT,CT-MAIN,7743510,VBGT110302FN-JS SH7025,20.00,,2012202510561
CT,CT-MAIN,,A07100-SMR5,1.00,,2012202510566
CT,CT-MAIN,6931933, MGR5200F100-D08 SH7025,1.00,,2012202510569
CT,CT-MAIN,,500-4BDO-080-Z3,8.00,,2012202511021
CT,CT-MAIN,,ACC1002.A,7.00,,2012202511128
CT,CT-MAIN,,Mesco PM-5B,50.00,,2012202511174
CT,CT-MAIN,,MDF0001.A,8.00,,2012202511194
CT,CT-MAIN,,MDF0002.A,8.00,,2012202511195
CT,CT-MAIN,,RVT0003.A,5.00,,2012202511196
CT,CT-MAIN,,RVT0004.A,5.00,,2012202511197
CT,CT-MAIN,,RVT0005.A,5.00,,2012202511198
CT,CT-MAIN,,SVG 25 X .95 X 2800-8/12T-L,1.00,,2012202511257
CT,CT-MAIN,,RVT2001.A,5.00,,2012202511258
CT,CT-MAIN,,RVT2002.A,5.00,,2012202511259
CT,CT-MAIN,,RVT2003.A,5.00,,2012202511260
CT,CT-MAIN,,RVT2004.A,5.00,,2012202511261
CT,CT-MAIN,,DE0404,20.00,,2012202511501
CT,CT-MAIN,,DE0304Z,20.00,,2012202511503
CT,CT-MAIN,,DE0604,8.00,,2012202511504
CT,CT-MAIN,,DE0804,80.00,HR2L14,2012202511505
CT,CT-MAIN,,DE1004,8.00,,2012202511506
CT,CT-MAIN,,DE1204,6.00,,2012202511507
CT,CT-MAIN,,EMC56008,10.00,,2012202511787
CT,CT-MAIN,6843156,TBRR07190050-D050 SH725,50.00,HR2L17,2012202511905
CT,CT-MAIN,2393448,DGTL 12B-3D24SH,2.00,,2012202512041
CT,CT-MAIN,,16IRAG60 BT4215,3.00,,2012202512130
CT,CT-MAIN,,APMT1135PDER-EM BPG25D,8.00,,2012202512131
CT,CT-MAIN,,CCMT060204-P1 BP6315,3.00,,2012202512132
CT,CT-MAIN,,CCMT09T308-P1 BP6315,3.00,,2012202512181
CT,CT-MAIN,,CNMG120408-PY3 BP6325,3.00,,2012202512182
CT,CT-MAIN,,VNMG160408-M1 BP2225,3.00,,2012202512183
CT,CT-MAIN,,VNMG160404-FX BP6325,3.00,,2012202512194
CT,CT-MAIN,,SVG 54 X 1.6 X 8020-3/4T,4.00,,2012202512505
CT,CT-MAIN,3320684,DCMT 3-0 F3P IC807,10.00,,2012202512757
CT,CT-MAIN,,DE0204,4.00,,2012202512804
CT,CT-MAIN,,D3*8*D4*50,5.00,,2012202513038
CT,CT-MAIN,,D4*10*D4*50,4.00,,2012202513039
CT,CT-MAIN,,D12*30*D12*75,1.00,,2012202513044
CT,CT-MAIN,,IR METER EXPANDER,2.00,,2012202513117
CT,CT-MAIN,,SD-01 d. 1.6 X 100 mm,10.00,,2012202513118
CT,CT-MAIN,,SD-01 d. 2.4 X 100 mm,10.00,,2012202513119
CT,CT-MAIN,,SD-01 d. 3.2 X 100 mm,10.00,,2012202513120
CT,CT-MAIN,,SD-11 d. 2.4 X 100 mm,10.00,,2012202513121
CT,CT-MAIN,3101923,HM90 E90A-D14-1-C16,1.00,,2012202513193
CT,CT-MAIN,,MIST COLLECTOR RACK,6.00,,2012202613726
CT,CT-MAIN,,DEMA0804A,20.00,HR2L14,2012202613913
CT,CT-MAIN,,DEMB1006A,20.00,HR2L14,2012202613914
CT,CT-MAIN,3360413,FFX4 XNMU 040310RM-T IC808,90.00,,2012202614089
CT,CT-MAIN,3336670,FFX4 ED16-2-030-C16-04,2.00,,2012202614090
CT,CT-MAIN,6405376,TAGB 608Y IC808,10.00,,2012202614311
CT,CT-MAIN,3491786,TAGPAD-XL-3LD70-JHP03086*,1.00,,2012202614491
CT,CT-MAIN,6861402,XPMT050204R-DJ AH725,10.00,,2012202614709
CT,CT-MAIN,6861473,XPMT07H308R-DJ AH725,10.00,,2012202614710
CT,CT-MAIN,,ADR-SV-0075,10.00,,2012202615202
CT,CT-MAIN,7743298,TCS27-150-020 AH7025,70.00,HR2L17,2012202615414
CT,CT-MAIN,7903696,SBG050050RB ZM3,5.00,,2012202615476
CT,CT-MAIN,4500825,SET ER32 SEAL 17 AA,2.00,,2012202615717
CT,CT-MAIN,6733974,JSCL2CR1616X09,1.00,,2012202615773
CT,CT-MAIN,6856765,CCMT09T308-PS AH725,10.00,,2012202615774
CT,CT-MAIN,6733982,JSDJ2CR1616X11,1.00,,2012202615775
CT,CT-MAIN,6766310,JSE2R1616X16-CHP,1.00,,2012202615777
CT,CT-MAIN,5901570,16ER20UN-B AH725,10.00,,2012202615778
CT,CT-MAIN,6164608,JCTER1616X2T16,1.00,,2012202615782
CT,CT-MAIN,6860598,DGS2-020 AH725,10.00,,2012202615783
CT,CT-MAIN,6856696,CCMT060204-PM AH725,10.00,,2012202615784
CT,CT-MAIN,,SC25T8A,1.00,,2012202615785
CT,CT-MAIN,4509547,SC 25T10A,2.00,,2012202615796
CT,CT-MAIN,6154797,SCD 120-040-120 AP3N IC908,2.00,,2012202615797
CT,CT-MAIN,3425884,‎DGTR 16B-1.0-D22SH,1.00,,2012202615798
CT,CT-MAIN,6718365,TDX220F25-4,1.00,,2012202615896
CF,CF-MAIN,,FX99YM YUSHIROKEN - CAN,43.00,,2013202302530
CT,CT-MAIN,,JHU-525,1.00,,2013202402655
CT,CT-MAIN,,C30-C03-81,5.00,,2013202402679
CF,CF-MAIN,,W80 YUSHIRON CLEANER - PAIL,7.00,,2013202405573
CF,CF-MAIN,,MIC-M647 YUSHIROKEN - DRUM,2.00,,2013202405575
CF,CF-MAIN,,G55 YUSHIRON CUT - DRUM,3.00,,2013202406356
CF,CF-MAIN,,CM-M3 YUSHIRON OIL - CAN,5.00,,2013202407242
CF,CF-MAIN,,SF45F YUSHIRON CUT - DRUM,1.00,,2013202407906
CF,CF-MAIN,,FX-M886 YUSHIROKEN - CAN,6.00,,2013202510554
CF,CF-MAIN,,BM344J YUSHIRON CUT ABAS - DRUM,1.00,,2013202510591
CF,CF-MAIN,,FX99SF YUSHIROKEN - CAN,2.00,,2013202511566
VKH,VKH-MAIN,,EC210-16EL,328.00,,2014202300049
VKH,VKH-MAIN,,EC110-08EL,"1,197.50",,2014202300050
VKH,VKH-MAIN,,DN-100-260,2.00,HL1L28,2014202300056
VKH,VKH-MAIN,,X1P1802FBBA,3.00,,2014202300211
VKH,VKH-MAIN,,10811L-12-04N,550.00,R3L2B4,2014202300232
VKH,VKH-MAIN,,10811L-14-04N,381.00,R3L2B2,2014202300234
VKH,VKH-MAIN,,10811L-20-08N,254.00,R6L2B5,2014202300235
VKH,VKH-MAIN,,16712-10-10N,31.00,,2014202300236
VKH,VKH-MAIN,,10311-40-16n,80.00,,2014202300241
VKH,VKH-MAIN,,10311-32-12N,85.00,,2014202300242
VKH,VKH-MAIN,,20211-22-06N,1.00,,2014202300243
VKH,VKH-MAIN,,SV 600-5M,3.00,HL1L26,2014202300447
VKH,VKH-MAIN,,CF-16-F-10-JA-J,3.00,,2014202300555
VKH,VKH-MAIN,,EPC-12-04T,30.00,,2014202300594
VKH,VKH-MAIN,,87312-12-08N,9.00,,2014202300733
VKH,VKH-MAIN,,87342-12-08N,18.00,,2014202300735
VKH,VKH-MAIN,,D4-03-3C3-A26,5.00,HL1L02,2014202300738
VKH,VKH-MAIN,,D4/4P-17L-R,1.00,,2014202300869
VKH,VKH-MAIN,,4520VQ60A14-*CC-20-JA,1.00,,2014202301083
VKH,VKH-MAIN,,EW3000-03D-T,9.00,,2014202301361
VKH,VKH-MAIN,,D16/1P-W001,1.00,,2014202301395
VKH,MF-MAIN,,FOR D40-W001,4.00,,2014202301549
VKH,VKH-MAIN,,4SP-10T,"3,148.80",,2014202301593
VKH,VKH-MAIN,,4SP-08T,458.80,,2014202301598
VKH,VKH-MAIN,,BV-06-B,4.00,,2014202301675
VKH,VKH-MAIN,,FOR D40-W002,4.00,,2014202301759
VKH,VKH-MAIN,,2SN-32 (M),5.00,,2014202301946
VKH,VKH-MAIN,,1CN-26-16,80.00,,2014202301977
VKH,VKH-MAIN,,2CN-26-08,21.00,,2014202301979
VKH,VKH-MAIN,,20511C-30-12N,39.00,Y1L4B3,2014202301982
VKH,VKH-MAIN,,20541T-14-04N,1.00,Y5L4B3,2014202301983
VKH,VKH-MAIN,,20541-20-06N,19.00,Y5L4B2,2014202301984
VKH,VKH-MAIN,,28691-14-06N,30.00,,2014202301986
VKH,VKH-MAIN,,5N-06-08N,1.00,,2014202302025
VKH,VKH-MAIN,,FOR D25-W001,4.00,,2014202302026
VKH,VKH-MAIN,,HP-5016,1.00,,2014202302035
VKH,VKH-MAIN,,FOR D25-W002,2.00,,2014202302123
VKH,VKH-MAIN,,DG4V5-2B-U-H-100,2.00,HL1L38,2014202302169
VKH,VKH-MAIN,,PM40,5.00,HL1L25,2014202302482
VKH,VKH-MAIN,,"BD2-1/2""500BAR/7500PSI-1/4""NPT",5.00,HL4L18,2014202302572
VKH,VKH-MAIN,,EPC-16-04T,20.00,,2014202302583
VKH,VKH-MAIN,,EPL-16-04T,40.00,,2014202302585
VKH,VKH-MAIN,,20511T-20-06N,271.00,Y2L4B4,2014202302640
VKH,VKH-MAIN,,20541T-20-06N,30.00,,2014202302641
VKH,VKH-MAIN,,20541T-20-08N,1.00,Y6L4B3,2014202302642
VKH,VKH-MAIN,,20541T-24-08N,50.00,,2014202302643
VKH,VKH-MAIN,,20512T-30-12N,126.00,Y4L4B2,2014202302644
VKH,VKH-MAIN,,20542T-30-12N,58.00,,2014202302645
VKH,VKH-MAIN,,29612D-10-10N,188.00,,2014202302646
VKH,VKH-MAIN,,2NJ9-04-04N,30.00,,2014202302650
VKH,VKH-MAIN,,2NJ9-06-06N,30.00,,2014202302651
VKH,VKH-MAIN,,2NJ9-24-24N,15.00,,2014202302656
VKH,VKH-MAIN,,2NJ9-32-32N,20.00,,2014202302657
VKH,VKH-MAIN,,2NJ-10-10N,90.00,,2014202302658
VKH,VKH-MAIN,,2NJ-20-20N,15.00,,2014202302659
VKH,VKH-MAIN,,2NJ-24-24N,15.00,,2014202302660
VKH,VKH-MAIN,,2NJ-32-32N,15.00,,2014202302662
VKH,VKH-MAIN,,EFRH50-06,4.00,HL4L22,2014202302971
VKH,VKH-MAIN,,CBV-08-C,1.00,,2014202303040
VKH,VKH-MAIN,,D5-04-3C3-A16,2.00,HL1L03,2014202303118
VKH,VKH-MAIN,,DG4V5-2A-JMUH7-22,4.00,,2014202303187
VKH,VKH-MAIN,,DG4V5-2C-JMUH7-22,5.00,,2014202303188
VKH,VKH-MAIN,,DG4V5-6C-JMUH7-22,3.00,HL1L15,2014202303189
VKH,VKH-MAIN,829AN00103A,DG4V5-8C-JVMUH7-22,9.00,HL1L16,2014202303190
VKH,VKH-MAIN,,FDC1-20-16T-66,8.00,HL1L23,2014202303191
VKH,VKH-MAIN,,GF2NNT330110000,6.00,HL4L12,2014202303204
VKH,VKH-MAIN,,JD-12-30-S,2.00,HL1L25,2014202303225
VKH,VKH-MAIN,,DG4V5-0BL-JMUH7-22,1.00,HL1L15,2014202303253
VKH,VKH-MAIN,,GB1NNT7G0L1A000,9.00,HL4L11,2014202303262
VKH,VKH-MAIN,,2J-12-16L,1.00,,2014202303265
VKH,VKH-MAIN,,2F9-12-12N,40.00,,2014202303321
VKH,VKH-MAIN,,SQC3-12-04,100.00,HL1L25,2014202303322
VKH,VKH-MAIN,,SQC3-401,25.00,HL1L25,2014202303323
VKH,VKH-MAIN,,SQC3-402,5.00,HL1L25,2014202303324
VKH,VKH-MAIN,,SQL3-6M5,10.00,HL1L25,2014202303365
VKH,VKH-MAIN,,EPV-04,195.00,,2014202303399
VKH,VKH-MAIN,,EPV-06,250.00,,2014202303400
VKH,VKH-MAIN,,EPV-12,235.00,,2014202303401
VKH,VKH-MAIN,,26742-24-24N,186.00,B2L2B3,2014202303568
VKH,VKH-MAIN,,26792-24-24N,56.00,B5L2B2,2014202303569
VKH,VKH-MAIN,,700M-26N,450.00,,2014202303609
VKH,VKH-MAIN,,700M-30N,345.00,,2014202303610
VKH,VKH-MAIN,,72011-04-04N,90.00,,2014202303613
VKH,VKH-MAIN,,28611D-20-08N,306.00,B2L3B2,2014202303617
VKH,VKH-MAIN,,300 GAL CAP,1.00,,2014202303655
VKH,VKH-MAIN,,DG4V3-6C-MP2-T7-56,6.00,HL1L38,2014202303710
VKH,VKH-MAIN,,309416,2.00,HL1L13,2014202303747
VKH,VKH-MAIN,,DBW30B2-5X/315X6EW110N9K4,5.00,,2014202303764
VKH,VKH-MAIN,,OK-6022 -M48 X M22,1.00,HL1L07,2014202303836
VKH,VKH-MAIN,,ERH-20-02,7.00,HL4L23,2014202303877
VKH,VKH-MAIN,,EPV-16,50.00,,2014202304182
VKH,VKH-MAIN,,20591C-22-08N,99.00,,2014202404479
VKH,VKH-MAIN,,FL-6000-16,"1,014.10",,2014202404592
VKH,VKH-MAIN,,FL-6000-24,"1,280.60",,2014202404593
VKH,VKH-MAIN,,FL-6000-20,232.20,,2014202404594
VKH,VKH-MAIN,,"A-2 1/2"" 6KG/90PSI-1/4""NPT",4.00,HL4L18,2014202404750
VKH,VKH-MAIN,,19-356-0556,2.00,,2014202405122
VKH,VKH-MAIN,,EPG-06-04,170.00,,2014202405257
VKH,VKH-MAIN,,20512T-36-12N,1.00,Y4L4B3,2014202405432
VKH,VKH-MAIN,,20541T-26-10N,2.00,,2014202405434
VKH,VKH-MAIN,,20542T-36-12N,118.00,Y8L4B1,2014202405435
VKH,VKH-MAIN,,20592T-52-20N,12.00,,2014202405437
VKH,VKH-MAIN,,22642-32-32N,10.00,,2014202405438
VKH,VKH-MAIN,,24242T-20-20N,8.00,Y8L6B1,2014202405440
VKH,VKH-MAIN,,24242T-24-24N,20.00,,2014202405441
VKH,VKH-MAIN,,24292T-24-24N,20.00,,2014202405442
VKH,VKH-MAIN,,26742-32-32N,10.00,,2014202405443
VKH,VKH-MAIN,,70011-20-06N,131.00,,2014202405444
VKH,VKH-MAIN,,87942-32-32N,9.00,,2014202405446
VKH,VKH-MAIN,,1J-08-10N,415.00,,2014202405447
VKH,VKH-MAIN,184-0240-002,184-0240-002,54.00,"HL4L06, HL4L07, HL4L08, HL4L09",2014202405464
VKH,VKH-MAIN,,24292T-20-20N,123.00,B2L1B4,2014202405482
VKH,VKH-MAIN,,FOR D25-28L,2.00,,2014202405527
VKH,VKH-MAIN,,D5-03-3C3-A16,2.00,HL1L03,2014202405528
VKH,VKH-MAIN,,MAXTHERM EP GREASE 3,2.00,,2014202405750
VKH,VKH-MAIN,,D25-H005,8.00,,2014202405856
VKH,VKH-MAIN,,PF30,15.00,HL1L25,2014202405899
VKH,VKH-MAIN,,240L GS20/1/AC(XGN-100)/RPES-18L.P3T/RC,3.00,HL4L10,2014202406524
VKH,VKH-MAIN,,1JN-06-02N,10.00,,2014202406645
VKH,VKH-MAIN,,20441T-26-10N,50.00,,2014202406736
VKH,VKH-MAIN,,20492T-26-10N,40.00,,2014202406745
VKH,VKH-MAIN,,22612D-20-20N,26.00,,2014202406746
VKH,VKH-MAIN,,22612D-24-24N,53.00,Y8L5B1,2014202406750
VKH,VKH-MAIN,,24212T-24-24N,200.00,,2014202406751
VKH,VKH-MAIN,,28611D-14-06N,375.00,B1L3B1,2014202406752
VKH,VKH-MAIN,,28612D-30-12N,105.00,B4L3B4,2014202406753
VKH,VKH-MAIN,,90011-10-10N,35.00,G7L3B2,2014202406758
VKH,VKH-MAIN,,90012-12-12N,61.00,G7L3B3,2014202406759
VKH,VKH-MAIN,,90012-16-16N,91.00,G7L3B4,2014202406760
VKH,VKH-MAIN,(6020901107650),121-1012-004,1.00,,2014202406922
VKH,VKH-MAIN,,SQY3-0606,140.00,HL1L25,2014202406923
VKH,VKH-MAIN,,"A-2 1/2""100BAR/1500PSI-1/4""NPT",5.00,HL4L18,2014202407077
VKH,VKH-MAIN,,VCD100M-1CSO73,4.00,,2014202407125
VKH,VKH-MAIN,,20792-39-16N,14.00,,2014202407162
VKH,VKH-MAIN,,20541C-36-16L,1.00,,2014202407571
VKH,VKH-MAIN,,SVPF-20-70-20,1.00,,2014202407678
VKH,VKH-MAIN,,R8M.1600.H5.A2.D55,1.00,,2014202407689
VKH,VKH-MAIN,,R8M.1600.H5.A0.D47,1.00,,2014202407690
VKH,VKH-MAIN,,87613-16-20N,3.00,,2014202407706
VKH,VKH-MAIN,,87693-16-20N,2.00,,2014202407707
VKH,VKH-MAIN,,87613-20-24N,2.00,,2014202407708
VKH,VKH-MAIN,,00621-24T (R15),8.00,,2014202407710
VKH,VKH-MAIN,,87693-20-24N,2.00,,2014202407711
VKH,VKH-MAIN,,150L GS16/1/AD(X-100)/18L.P3T/RD,6.00,HL4L10,2014202407863
VKH,VKH-MAIN,,HF148-06,231.20,,2014202407879
VKH,VKH-MAIN,,HF148-08,"2,947.30",,2014202407880
VKH,VKH-MAIN,,HF148-12,"2,491.00",,2014202407881
VKH,VKH-MAIN,,D5-CL-02-D12,1.00,HL1L04,2014202407983
VKH,VKH-MAIN,,1BG-06-06N,50.00,,2014202408059
VKH,VKH-MAIN,,1J-10-08N,"1,200.00",,2014202408060
VKH,VKH-MAIN,,1SN4-06-06N,48.00,,2014202408061
VKH,VKH-MAIN,,7N-06-06N,4.00,G4L1B5,2014202408062
VKH,VKH-MAIN,,7N9-08-08N,50.00,,2014202408064
VKH,VKH-MAIN,,1JN4-04-06N,400.00,,2014202408065
VKH,VKH-MAIN,,26711-08-10N,479.00,B4L1B5,2014202408066
VKH,VKH-MAIN,,EPG-12-08,142.00,,2014202408105
VKH,VKH-MAIN,,EPCF-08-03T,150.00,,2014202408106
VKH,VKH-MAIN,,4535VQ60A30-1CC-20-JA,2.00,,2014202408217
VKH,VKH-MAIN,,"A-2 1/2""16BAR/230PSI-1/4""NPT",2.00,HL4L18,2014202408218
VKH,VKH-MAIN,,4SH-32A,86.80,,2014202408406
VKH,VKH-MAIN,,4SH-20A,37.80,,2014202408408
VKH,VKH-MAIN,,4SH-16A,86.80,,2014202408409
VKH,VKH-MAIN,,R2-16,328.00,,2014202408411
VKH,VKH-MAIN,,R1-16,489.00,,2014202408415
VKH,VKH-MAIN,,SM30,14.00,HL1L25,2014202408441
VKH,VKH-MAIN,,10412-26-10N,130.00,,2014202408478
VKH,VKH-MAIN,,10811L-14-06N,404.00,R4L2B5,2014202408479
VKH,VKH-MAIN,,14212-08-08N,108.00,,2014202408480
VKH,VKH-MAIN,,20442T-26-10N,100.00,,2014202408481
VKH,VKH-MAIN,,20542T-22-08N,200.00,,2014202408482
VKH,VKH-MAIN,,20542T-24-08N,92.00,,2014202408483
VKH,VKH-MAIN,,20711T-39-16N,200.00,,2014202408484
VKH,VKH-MAIN,,26712D-08-08N,6.00,B7L1B3,2014202408485
VKH,VKH-MAIN,,20511T-30-12N,3.00,,2014202408486
VKH,VKH-MAIN,,20711T-27-10N,100.00,,2014202408487
VKH,VKH-MAIN,,ZA-M12-290,3.00,,2014202408490
VKH,VKH-MAIN,,87342-24-24N,91.00,G3L2B2,2014202408492
VKH,VKH-MAIN,,FOR D12-W002,5.00,,2014202408498
VKH,VKH-MAIN,,HCT-06-H4,4.00,HL1L08,2014202408512
VKH,VKH-MAIN,,VA30667,2.00,HL1L41,2014202408526
VKH,VKH-MAIN,,SM7101-24VDC-L,4.00,HL1L28,2014202408609
VKH,VKH-MAIN,,SQL3-402,40.00,HL1L25,2014202408851
VKH,VKH-MAIN,,QSN3-8,71.00,HL1L25,2014202408852
VKH,VKH-MAIN,,SQY3-0808,40.00,HL1L25,2014202408853
VKH,VKH-MAIN,,SQL3-804,55.00,HL1L25,2014202408854
VKH,VKH-MAIN,,SQL3-401,91.00,HL1L25,2014202408855
VKH,VKH-MAIN,,12AT110CBPGN12H,1.00,HL4L28,2014202509335
VKH,VKH-MAIN,,12AT125CBPGN12H,9.00,HL4L28,2014202509336
VKH,VKH-MAIN,,TMHC110E,1.00,,2014202509651
VKH,VKH-MAIN,,FPP-08-N-M120,3.00,HL4L18,2014202509755
VKH,VKH-MAIN,,NC-500-10-A-INC,2.00,HL1L27,2014202509825
VKH,VKH-MAIN,,"A-2 1/2""1000BAR/15000PSI-1/4""NPT",2.00,HL4L18,2014202509830
VKH,VKH-MAIN,,PM60,15.00,HL1L25,2014202509911
VKH,VKH-MAIN,,10611-10-04L,100.00,,2014202510175
VKH,VKH-MAIN,,FSS-32-125-E,6.00,HL1L06,2014202510210
VKH,VKH-MAIN,,GF2NNT430110000,48.00,HL4L12,2014202510273
VKH,VKH-MAIN,,2J-04-04N,66.00,,2014202510352
VKH,VKH-MAIN,,2J-10-10N,40.00,,2014202510360
VKH,VKH-MAIN,,2J-20-20N,10.00,,2014202510361
VKH,VKH-MAIN,,2J-32-32N,18.00,,2014202510362
VKH,VKH-MAIN,,2J9-10-10N,50.00,,2014202510363
VKH,VKH-MAIN,,2J9-20-20N,28.00,,2014202510364
VKH,VKH-MAIN,,2J9-32-32N,20.00,,2014202510365
VKH,VKH-MAIN,,2NJ-04-04N,100.00,,2014202510367
VKH,VKH-MAIN,,2NU9-04-04N,100.00,,2014202510369
VKH,VKH-MAIN,,2NU9-24-24N,15.00,,2014202510370
VKH,VKH-MAIN,,2NU9-32-32N,15.00,,2014202510371
VKH,VKH-MAIN,,10811L-20-04LNN,89.00,,2014202510372
VKH,VKH-MAIN,,PB-S2A-A220,4.00,HL1L04,2014202510382
VKH,VKH-MAIN,,2J9-24-24N,20.00,,2014202510394
VKH,VKH-MAIN,,2NJ-06-06N,90.00,,2014202510395
VKH,VKH-MAIN,,2NJ-16-16N,10.00,,2014202510396
VKH,VKH-MAIN,,2NU9-06-06N,69.00,,2014202510397
VKH,VKH-MAIN,,2NU9-12-12N,20.00,,2014202510398
VKH,VKH-MAIN,,FPP-08-N-M120-E,8.00,HL4L18,2014202510465
VKH,VKH-MAIN,,GH506-12-L17-L17-210 CM,1.00,,2014202510485
VKH,VKH-MAIN,,GH506-12-L17-L17-200 CM,1.00,,2014202510486
VKH,VKH-MAIN,,GH506-12-L17-X13-105 CM,1.00,,2014202510487
VKH,VKH-MAIN,,GH506-12-L17-L17-67 CM,1.00,,2014202510488
VKH,VKH-MAIN,,FC687-10-AC8-L10-67 CM,1.00,,2014202510492
VKH,VKH-MAIN,,FC687-10-AC8-L10-55 CM,1.00,,2014202510493
VKH,VKH-MAIN,,FC687-10-AC8-L10-75 CM,1.00,,2014202510494
VKH,VKH-MAIN,,FC687-10-AC8-L10-69 CM,1.00,,2014202510495
VKH,VKH-MAIN,,FC687-10-AC8-L10-46 CM,1.00,,2014202510496
VKH,VKH-MAIN,,FC687-10-AC8-L10-41 CM,1.00,,2014202510497
VKH,VKH-MAIN,,FC687-10-AC8-L10-37 CM,1.00,,2014202510498
VKH,VKH-MAIN,,FC687-10-L10-X9-50 CM,1.00,,2014202510499
VKH,VKH-MAIN,,FC686-4-AC2-L1-51 CM,1.00,,2014202510501
VKH,VKH-MAIN,,FC686-4-L1-X2-50 CM,2.00,,2014202510502
VKH,VKH-MAIN,,00621-20 (R15),6.00,,2014202510511
VKH,VKH-MAIN,,20513-52-20T,8.00,,2014202510512
VKH,VKH-MAIN,,D16/3P-W002,1.00,,2014202510750
VKH,VKH-MAIN,,YKS-00-0-15644,1.00,HL4L29,2014202510791
VKH,VKH-MAIN,,20513-52-24W,4.00,,2014202510805
VKH,VKH-MAIN,,D5-02-2B2B-A16,2.00,HL1L02,2014202510813
VKH,VKH-MAIN,,10811L-16-04N,206.00,R4L2B3,2014202510871
VKH,VKH-MAIN,,10811L-16-06N,141.00,R4L2B1,2014202510872
VKH,VKH-MAIN,,10811L-20-04N,26.00,R5L2B3,2014202510873
VKH,VKH-MAIN,,24292T-08-08N,370.00,G5L4B2,2014202510874
VKH,VKH-MAIN,,VA12259A,2.00,HL1L37,2014202511001
VKH,VKH-MAIN,,DG4V5-2C-MU1G7-50,1.00,HL1L39,2014202511008
VKH,VKH-MAIN,,DT-63-250K-B2-P-02,2.00,HL1L05,2014202511543
VKH,VKH-MAIN,,10811L-18-06N,25.00,G6L4B1,2014202511546
VKH,VKH-MAIN,,10811L-20-06N,170.00,,2014202511547
VKH,VKH-MAIN,,10811L-22-08N,166.00,,2014202511548
VKH,VKH-MAIN,,1S-12-12N,48.00,,2014202511549
VKH,VKH-MAIN,,JSSC100/3-B,1.00,,2014202511705
VKH,VKH-MAIN,,JSSC100/1-B,4.00,,2014202511706
VKH,VKH-MAIN,,80LGS10/1/AD(X-100)/18L.P3T,5.00,,2014202511756
VKH,VKH-MAIN,,IFP-923469N,1.00,HL1L30,2014202511797
VKH,VKH-MAIN,,9900436-000,20.00,HL1L42,2014202511800
VKH,VKH-MAIN,,FC687-4-L1-L1-80 IN,2.00,,2014202511824
VKH,VKH-MAIN,,IFP-923470N,3.00,HL1L30,2014202511873
VKH,VKH-MAIN,,DG4V5-8C-MP7LH7-50,4.00,HL1L39,2014202512190
VKH,VKH-MAIN,,DG4V5-7C-MP7LB6-50,2.00,HL1L39,2014202512195
VKH,VKH-MAIN,,BH40078321,2.00,HL1L42,2014202512240
VKH,VKH-MAIN,,DG4V3-0C-MU2*7-56,1.00,HL1L38,2014202512241
VKH,VKH-MAIN,,00018-06T,180.00,,2014202512281
VKH,VKH-MAIN,,00018-08T,87.00,,2014202512282
VKH,VKH-MAIN,,87612-20-16N,50.00,,2014202512291
VKH,VKH-MAIN,,87642-24-24N,25.00,,2014202512292
VKH,VKH-MAIN,,29692-24-24N,20.00,,2014202512293
VKH,VKH-MAIN,,V10-3GPM PUMP & 7.5HP 3PH MOTOR,1.00,,2014202512527
VKH,VKH-MAIN,,1JN4-08-12N,50.00,,2014202512532
VKH,VKH-MAIN,,28612D-20-08N,300.00,,2014202512649
VKH,VKH-MAIN,,10811L-10-04LNN,145.00,,2014202512650
VKH,VKH-MAIN,,V10-3GPM PUMP & 3HP 3PH MOTOR,1.00,,2014202512676
VKH,VKH-MAIN,,YKS-00-0-13464,1.00,HL4L29,2014202512687
VKH,VKH-MAIN,,20291-16-06N,50.00,,2014202513378
VKH,VKH-MAIN,,29692-20-20N,50.00,,2014202513379
VKH,VKH-MAIN,,EPL-04-01T,179.00,,2014202613666
VKH,VKH-MAIN,,EPL-04-02T,180.00,,2014202613668
VKH,VKH-MAIN,,EPL-06-04T,180.00,,2014202613669
VKH,VKH-MAIN,,EPL-12-01T,180.00,,2014202613671
VKH,VKH-MAIN,,AT-63-(0-1.0 MPA)-A1-N-02,9.00,HL1L05,2014202613678
VKH,VKH-MAIN,,02-102511 INC VANE,1.00,HL1L18,2014202614016
VKH,VKH-MAIN,,FOR KM-91HK-5,1.00,,2014202614044
VKH,VKH-MAIN,,DHH-10-6C-PC*,1.00,,2014202614065
VKH,VKH-MAIN,,TR3020-14,1.00,,2014202614097
VKH,VKH-MAIN,,TR2010-11,1.00,,2014202614101
VKH,VKH-MAIN,,00621-16T (R15),6.00,,2014202614250
VKH,VKH-MAIN,,20513-42-16W,6.00,,2014202614252
VKH,VKH-MAIN,,D6/2P-27L-R,1.00,,2014202614711
VKH,VKH-MAIN,,1SN-10-L10-L10-3 M,1.00,,2014202614802
VKH,VKH-MAIN,,87613-24-24L,4.00,,2014202614932
VKH,VKH-MAIN,,"R7-06-I6-I6-29'11""",5.00,,2014202615039
VKH,VKH-MAIN,,"R7-06-V5-V5-29'11""",5.00,,2014202615040
VKH,VKH-MAIN,,20511T-42-16N,26.00,,2014202615160
VKH,VKH-MAIN,,10512-30-12N,190.00,,2014202615161
VKH,VKH-MAIN,,24211T-12-12N,"1,040.00",,2014202615162
VKH,VKH-MAIN,,20211T-22-06N,40.00,,2014202615163
VKH,VKH-MAIN,,10811L-22-06N,50.00,,2014202615198
VKH,VKH-MAIN,,FC687-4-BN1-BN1-247 IN,1.00,,2014202615575
VKH,VKH-MAIN,,FC687-4-AU37-AU37-150 IN,1.00,,2014202615578
VKH,VKH-MAIN,,FC687-4-AU24-BN15-26 IN,1.00,,2014202615580
VKH,VKH-MAIN,,2SN-06-AU18-AU18-59 IN,1.00,,2014202615581
VKH,VKH-MAIN,,2SN-06-AU18-AU18-17 IN,1.00,,2014202615582
VKH,VKH-MAIN,,2SN-06-AU18-BN19-18 IN,1.00,,2014202615583
VKH,VKH-MAIN,,FC687-12-BN5-BN5-21 IN,1.00,,2014202615584
VKH,VKH-MAIN,,FC687-12-AU21-BN5-23 IN,1.00,,2014202615585
VKH,VKH-MAIN,,4SP-10-AU13-AU13-70 IN,2.00,,2014202615589
VKH,VKH-MAIN,,4SP-10-AU13-BN25-75 IN,2.00,,2014202615590
VKH,VKH-MAIN,,4SP-10-AU13-BN25-34 IN,1.00,,2014202615592
VKH,VKH-MAIN,,BHST-06-H,1.00,HL1L08,2014202615599
VKH,VKH-MAIN,,GH493-16-AO6-BU5-59 IN,1.00,,2014202615866
VKH,VKH-MAIN,,FC687-8-M3-M3-44-IN,1.00,,2014202615868
VKH,VKH-MAIN,,GH493-8-AO3-AO3-22 IN,1.00,,2014202615877
VKH,VKH-MAIN,,GH493-12-AO5-Y6-54-IN,5.00,,2014202615884
VKH,VKH-MAIN,,GH493-12-BY1-BY1-450 MM,1.00,,2014202615890
VKH,VKH-MAIN,,GH493-16-M6-Y8-58 IN,1.00,,2014202615891
CT,CT-MAIN,,TS-126A (INC),1.00,,2014482400027
VKM,VKM-MAIN,,COL R32,1.00,,2015202300038
VKM,VKM-MAIN,,4930353121,1.00,,2015202300115
VKM,VKM-MAIN,,71 12718 3701 02,1.00,,2015202301060
VKM,VKM-MAIN,,MECHANICAL SEAL,2.00,HL4L36,2015202301562
VKM,VKM-MAIN,,AFTS225130,5.00,HL4L38,2015202301800
VKM,VKM-MAIN,,4R-3V560,4.00,HL4L38,2015202301801
VKM,VKM-MAIN,,71 15325 3801 00,5.00,SR-EB6,2015202301832
VKM,VKM-MAIN,,71 01700 2528 00,1.00,HL4L30,2015202301834
VKM,VKM-MAIN,,71 12617 8036 00,1.00,HL4L30,2015202301843
VKM,VKM-MAIN,,PRESSURE SWITCH FN10,1.00,HL4L33,2015202301844
VKM,VKM-MAIN,,4.02.04.00063,2.00,HL4L35,2015202302060
VKM,VKM-MAIN,,COL-R46,1.00,,2015202302062
VKM,VKM-MAIN,,MECHANICAL SEAL SET HQ15-20,2.00,HL4L36,2015202302192
VKM,VKM-MAIN,,MECHANICAL SEAT SET HQ30,4.00,HL4L36,2015202302193
VKM,VKM-MAIN,,MECHANICAL SEAL SET HQ40-50,4.00,HL4L36,2015202302194
VKM,VKM-MAIN,,DEGREASER CHEMICAL,1.00,,2015202302218
VKM,VKM-MAIN,,300S/200V,1.00,,2015202302860
VKM,VKM-MAIN,,70 510 010100 90,1.00,HL4L30,2015202303606
VKM,VKM-MAIN,,RA46,3.00,,2015202303637
VKM,VKM-MAIN,,GR65-CORE,1.00,,2015202303720
VKM,VKM-MAIN,,4.01.11.00024,2.00,HL4L35,2015202303872
VKM,VKM-MAIN,,4.01.12.00112,3.00,HL4L35,2015202303873
VKM,VKM-MAIN,,3.06.04.00018,2.00,HL4L35,2015202303874
VKM,VKM-MAIN,,15190204,4.00,,2015202304170
VKM,VKM-MAIN,,15190102,4.00,,2015202304171
VKM,VKM-MAIN,,15220404,1.00,,2015202304172
VKM,VKM-MAIN,,15815010,4.00,,2015202304173
VKM,VKM-MAIN,,EDC-007,3.00,,2015202304174
VKM,VKM-MAIN,,MITS-NS32-6K1Y,6.00,,2015202404654
VKM,VKM-MAIN,,MITS-RA32-3K6M,22.00,SR-EB4,2015202404655
VKM,VKM-MAIN,,HQ-RA46-3K6M,3.00,SR-EB3,2015202404656
VKM,VKM-MAIN,,TNB-RA68-2K6M,6.00,,2015202404657
VKM,VKM-MAIN,,TB 1215,3.00,HL4L42,2015202404985
VKM,VKM-MAIN,,4.01.27.00064,3.00,HL4L35,2015202405559
VKM,VKM-MAIN,,4.01.12.00063,3.00,HL4L35,2015202405744
VKM,VKM-MAIN,,4.01.12.00056,3.00,HL4L35,2015202405745
VKM,VKM-MAIN,,3VX560 XPZ1400,6.00,HL4L36,2015202406023
VKM,VKM-MAIN,,15905010,3.00,,2015202406083
VKM,VKM-MAIN,,15242005,5.00,,2015202406084
VKM,VKM-MAIN,,15904001,1.00,,2015202406085
VKM,VKM-MAIN,,15243011,5.00,,2015202406086
VKM,VKM-MAIN,,15363102,1.00,,2015202406087
VKM,VKM-MAIN,,2.12.01.1-00101,2.00,HL4L35,2015202406246
VKM,VKM-MAIN,,2.12.01.1-00201,2.00,,2015202406247
VKM,VKM-MAIN,,2.12.02.0-05004,4.00,HL4L35,2015202406251
VKM,VKM-MAIN,,2.12.03.W-00203,2.00,,2015202406255
VKM,VKM-MAIN,,2.12.03.W-00409,3.00,,2015202406256
VKM,VKM-MAIN,,2.12.03.N-00601,3.00,HL4L36,2015202406257
VKM,VKM-MAIN,,4.01.21.00023,1.00,HL4L35,2015202406354
VKM,VKM-MAIN,,4.01.11.00013,4.00,HL4L35,2015202406699
VKM,VKM-MAIN,,4.01.11.00025,4.00,HL4L35,2015202406700
VKM,VKM-MAIN,,4.01.12.00086,4.00,HL4L35,2015202406701
VKM,VKM-MAIN,,4.01.12.00087,4.00,HL4L35,2015202406702
VKM,VKM-MAIN,,4.01.13.00034,7.00,HL4L36,2015202406703
VKM,VKM-MAIN,,4.01.11.00031,2.00,HL4L35,2015202406706
VKM,VKM-MAIN,,4.01.12.00115,2.00,HL4L35,2015202406708
VKM,VKM-MAIN,,4.01.13.00036,2.00,HL4L36,2015202406709
VKM,VKM-MAIN,,4.01.50.00016,2.00,HL4L35,2015202406887
VKM,VKM-MAIN,,70 51000 4100 90,1.00,HL4L30,2015202407281
VKM,VKM-MAIN,,72 10333 0396 03,1.00,HL4L30,2015202407434
VKM,VKM-MAIN,,72 10000 0396 16,1.00,HL4L30,2015202407435
VKM,VKM-MAIN,,71 12600 8114 00,2.00,HL4L30,2015202407465
VKM,VKM-MAIN,,71 12200 8074 11,9.00,HL4L39,2015202407581
VKM,VKM-MAIN,,71 10300 1704 02,1.00,HL4L30,2015202407640
VKM,VKM-MAIN,,71 10333 1025 01,1.00,HL4L30,2015202407650
VKM,VKM-MAIN,,EMS250-ALT,1.00,HL4L37,2015202407780
VKM,VKM-MAIN,,ELS250-ALT,1.00,HL4L37,2015202407781
VKM,VKM-MAIN,,800941010202A,12.00,HL4L42,2015202408759
VKM,VKM-MAIN,,71 10138 8333 11,1.00,HL4L30,2015202408846
VKM,VKM-MAIN,,9938400,1.00,HL4L36,2015202408957
VKM,VKM-MAIN,,PF030,1.00,HL4L33,2015202509544
VKM,VKM-MAIN,,PD030,1.00,HL4L33,2015202509545
VKM,VKM-MAIN,,WC030,1.00,HL4L33,2015202509546
VKM,VKM-MAIN,,PG522PFF,1.00,"HL3L05, HL4L41",2015202510593
VKM,VKM-MAIN,,PG522PDF,1.00,"HL3L05, HL4L41",2015202510594
VKM,VKM-MAIN,,PG522PLF,1.00,"HL3L05, HL4L41",2015202510595
VKM,VKM-MAIN,,PG522WC,1.00,"HL3L05, HL4L41",2015202510596
VKM,VKM-MAIN,,S15352005,2.00,,2015202511398
VKM,VKM-MAIN,,S20232003,3.00,,2015202511399
VKM,VKM-MAIN,,C-20500,2.00,,2015202511422
VKM,VKM-MAIN,,EMS200ALT,1.00,HL4L37,2015202511450
VKM,VKM-MAIN,,ELS200ALT,1.00,HL4L37,2015202511451
VKO,VKO-MAIN,,36-001-018,4.00,HL4L31,2015202511776
VKM,VKM-MAIN,,4.01.17.00039,1.00,HL4L35,2015202511952
VKM,VKM-MAIN,,4.01.36.00035,2.00,HL4L35,2015202511953
VKM,VKM-MAIN,,4.01.35.00123,1.00,HL4L35,2015202511954
VKO,VKO-MAIN,,36-037-003,2.00,HL4L31,2015202512059
VKM,VKM-MAIN,,1230-0014,2.00,,2015202512116
VKM,VKM-MAIN,,800919006162A,4.00,HL4L42,2015202512136
VKO,VKO-MAIN,,G235-474,1.00,HL4L42,2015202512461
VKO,VKO-MAIN,,G286-215,10.00,HL4L42,2015202512462
VKO,VKO-MAIN,,G277-253,5.00,,2015202512464
VKM,VKM-MAIN,,P626096,1.00,,2015202512648
VKM,VKM-MAIN,,KRF25A-V-02 MOTOR,1.00,,2015202513008
VKM,VKM-MAIN,,ELS400-ALT,1.00,HL4L37,2015202513362
VKM,VKM-MAIN,,EMS400-ALT,1.00,HL4L37,2015202513363
VKM,VKM-MAIN,,4.05.28.00026,1.00,,2015202613575
VKM,VKM-MAIN,,PST-NKM1750,1.00,HL4L38,2015202614245
VKM,VKM-MAIN,,71 12308 8073 00,1.00,HL4L39,2015202615077
VKM,VKM-MAIN,,04100705010,1.00,HL4L38,2015202615220
VKM,VKM-MAIN,,DML164S,1.00,HL4L42,2015202615632
VKM,VKM-MAIN,,4.01.21.00042,1.00,,2015202615807
VKO,VKO-MAIN,,SWC185,1.00,HL4L42,2016202301816
VKO,VKO-MAIN,,700505091,1.00,HL4L42,2016202302155
VKO,VKO-MAIN,,700505089,1.00,HL4L42,2016202302156
VKO,VKO-MAIN,,700505087,1.00,HL4L42,2016202302157
VKO,VKO-MAIN,,700551681,1.00,,2016202302195
VKO,VKO-MAIN,,700550249,1.00,,2016202302196
VKO,VKO-MAIN,,700551680,1.00,HL4L31,2016202302197
VKO,VKO-MAIN,,77408841,1.00,HL4L31,2016202303054
VKO,VKO-MAIN,,"UHP HOSE 3/8"" X 20M",5.00,SR-AA1,2016202303312
VKO,VKO-MAIN,,199403121,1.00,HL4L42,2016202303413
VKM,VKM-MAIN,,1235-0010,19.00,HL4L42,2016202303723
VKO,VKO-MAIN,,BC-K,1.00,HL4L31,2016202303762
VKO,VKO-MAIN,,250 BAR ROTOMAX NOZZLE,1.00,,2016202304162
VKO,VKO-MAIN,,GH42550,4.00,SR-DA6,2016202404495
VKO,VKO-MAIN,,GH43803,5.00,SR-DA6,2016202404496
VKO,VKO-MAIN,,700800016,2.00,HL4L31,2016202404531
VKO,VKO-MAIN,,107147559,2.00,HL4L31,2016202404662
VKO,VKO-MAIN,,700540045,2.00,HL4L31,2016202404663
VKO,VKO-MAIN,,81501976,1.00,HL4L31,2016202404698
VKO,VKO-MAIN,,81001142,5.00,HL4L31,2016202404699
VKO,VKO-MAIN,,81501025,2.00,HL4L31,2016202404700
VKO,VKO-MAIN,,80200926,3.00,HL4L31,2016202404701
VKO,VKO-MAIN,,81300767,1.00,HL4L31,2016202404760
VKO,VKO-MAIN,,81400800,2.00,HL4L31,2016202405529
VKO,VKO-MAIN,,8046-204A,28.00,SR-DA2,2016202405614
VKO,VKO-MAIN,,700551144,2.00,HL4L31,2016202406537
VKO,VKO-MAIN,,700551143,2.00,HL4L31,2016202406538
VKO,VKO-MAIN,,GXHD-521,2.00,HL4L42,2016202407239
VKO,VKO-MAIN,,G244-368,3.00,,2016202407834
VKO,VKO-MAIN,,36-031-021,42.00,HL4L31,2016202408542
VKO,VKO-MAIN,,36-031-027,16.00,HL4L31,2016202408543
VKO,VKO-MAIN,,60-020-008,1.00,HL4L31,2016202408547
VKO,VKO-MAIN,,36-036-004,3.00,HL4L31,2016202408549
VKO,VKO-MAIN,,36-036-003,16.00,HL4L31,2016202408550
VKO,VKO-MAIN,,36-001-014,3.00,HL4L31,2016202408551
VKO,VKO-MAIN,,36-001-026,17.00,HL4L31,2016202408552
VKO,VKO-MAIN,,36-009-005,13.00,HL4L31,2016202408553
VKO,VKO-MAIN,,36-032-001,2.00,HL4L31,2016202408555
VKO,VKO-MAIN,,36-031-292,6.00,HL4L31,2016202408557
VKO,VKO-MAIN,,36-001-131,1.00,HL4L31,2016202408559
VKO,VKO-MAIN,,17-001-012,4.00,HL4L31,2016202408562
VKO,VKO-MAIN,,17-015-018,8.00,HL4L31,2016202408564
VKO,VKO-MAIN,,60-020-010,4.00,HL4L31,2016202408567
VKO,VKO-MAIN,,36-001-006,1.00,HL4L31,2016202408658
VKO,VKO-MAIN,,36-001-007,1.00,HL4L31,2016202408659
VKO,VKO-MAIN,,GNXT-100,6.00,HL4L42,2016202408684
VKO,VKO-MAIN,,700505260,1.00,HL4L31,2016202409095
VKO,VKO-MAIN,,700505261,2.00,HL4L31,2016202409096
VKO,VKO-MAIN,,700505221,2.00,HL4L31,2016202409097
VKO,VKO-MAIN,,700505222,1.00,HL4L31,2016202409098
VKO,VKO-MAIN,,700505223,2.00,HL4L31,2016202409099
VKO,VKO-MAIN,,60-300-001,7.00,HL4L31,2016202509244
VKO,VKO-MAIN,,106408382,1.00,HL4L31,2016202509563
VKO,VKO-MAIN,,30-001-015,30.00,HL4L31,2016202509564
VKO,VKO-MAIN,,30-003-015,30.00,HL4L31,2016202509565
VKO,VKO-MAIN,,30-001-013,28.00,HL4L31,2016202509566
VKO,VKO-MAIN,,30-001-014,28.00,HL4L31,2016202509567
VKO,VKO-MAIN,,17-001-014,8.00,HL4L31,2016202509568
VKO,VKO-MAIN,,81401228,1.00,HL4L31,2016202509599
VKO,VKO-MAIN,,81201541,3.00,HL4L31,2016202509601
VKO,VKO-MAIN,,G248-837,13.00,HL4L42,2016202509633
VKO,VKO-MAIN,,G15E-088,10.00,HL4L42,2016202509635
VKO,VKO-MAIN,,GNXT-600,11.00,HL4L42,2016202509637
VKO,VKO-MAIN,,GXHD-521,6.00,HL4L42,2016202509638
VKO,VKO-MAIN,,81500620,1.00,HL4L31,2016202510113
VKO,VKO-MAIN,,81201711,1.00,HL4L31,2016202510114
VKO,VKO-MAIN,,8120744,6.00,HL4L31,2016202510115
VKO,VKO-MAIN,,80200886,12.00,HL4L31,2016202510116
VKO,VKO-MAIN,,81300648,1.00,HL4L31,2016202510118
VKO,VKO-MAIN,,80200595,3.00,HL4L31,2016202510119
VKO,VKO-MAIN,,81201558,3.00,HL4L31,2016202510120
VKO,VKO-MAIN,,81201559,3.00,HL4L31,2016202510122
VKO,VKO-MAIN,,81500595,4.00,HL4L31,2016202510123
VKO,VKO-MAIN,,240-794,15.00,,2016202510228
VKO,VKO-MAIN,,G244-369,1.00,,2016202510234
VKO,VKO-MAIN,,700550691,1.00,HL3L31,2016202510393
VKO,VKO-MAIN,,G206-994,2.00,HL4L42,2016202510445
VKO,VKO-MAIN,,GXHD-321,10.00,HL4L42,2016202510446
VKO,VKO-MAIN,,GXHD-319,5.00,HL4L42,2016202510448
VKO,VKO-MAIN,,2508444,10.00,,2016202510449
VKO,VKO-MAIN,,AIRBLAST AIR HOSE,9.00,,2016202510450
VKO,VKO-MAIN,,G240-797,4.00,,2016202510451
VKO,VKO-MAIN,,107144023,1.00,HL4L31,2016202510452
VKO,VKO-MAIN,,A67999-100,5.00,HL4L42,2016202510555
VKO,VKO-MAIN,,36-001-024,1.00,HL4L31,2016202510833
VKO,VKO-MAIN,,36-011-081,2.00,HL4L31,2016202510834
VKO,VKO-MAIN,,36-001-008,6.00,HL4L31,2016202510835
VKO,VKO-MAIN,,17-002-012,8.00,HL4L31,2016202510836
VKO,VKO-MAIN,,700550906,1.00,,2016202511003
VKO,VKO-MAIN,,700540583,2.00,HL4L31,2016202511411
VKO,VKO-MAIN,,700540637,2.00,HL4L31,2016202511412
VKO,VKO-MAIN,,803664,3.00,SR-DA2,2016202511514
VKO,VKO-MAIN,,GXHD-317,18.00,HL4L42,2016202511535
VKO,VKO-MAIN,,G167-025,195.00,,2016202511536
VKO,VKO-MAIN,,78205265S,100.00,HL4L42,2016202511537
VKO,VKO-MAIN,,GXHD-323,10.00,HL4L42,2016202511551
VKO,VKO-MAIN,,GXTR-524,3.00,SR-DA6,2016202511698
VKO,VKO-MAIN,,801098,2.00,HL4L42,2016202511720
VKO,VKO-MAIN,,G287-032,175.00,SR-DA5,2016202511730
VKO,VKO-MAIN,,G243-281,28.00,,2016202511731
VKO,VKO-MAIN,,G246-215,11.00,,2016202511732
VKO,VKO-MAIN,,36-031-032,2.00,HL4L31,2016202511777
VKO,VKO-MAIN,,G166-969,20.00,HL4L42,2016202511837
VKo,VKO-MAIN,,803639,15.00,,2016202511979
VKO,VKO-MAIN,,D9LMO24MO2401,10.00,,2016202512006
VKO,VKO-MAIN,,D9DMC08ME0801,5.00,,2016202512008
VKO,VKO-MAIN,,700520550,2.00,,2016202512014
VKO,VKO-MAIN,,700520551,2.00,,2016202512015
VKO,VKO-MAIN,,36-001-017,8.00,HL4L31,2016202512058
VKO,VKO-MAIN,,17-001-010,12.00,HL4L31,2016202512060
VKO,VKO-MAIN,,17-001-011,12.00,HL4L31,2016202512061
VKO,VKO-MAIN,,36-001-010,1.00,HL4L31,2016202512085
VKO,VKO-MAIN,,PREMIER AIR HOSE 20BARS,1.00,,2016202512128
VKO,VKO-MAIN,,D9FME08ME08010,10.00,,2016202512385
VKO,VKO-MAIN,,80200900,3.00,HL4L31,2016202512405
VKO,VKO-MAIN,,80200771,3.00,HL4L31,2016202512406
VKO,VKO-MAIN,,80200740,3.00,HL4L31,2016202512407
VKO,VKO-MAIN,,80200814,3.00,HL4L31,2016202512408
VKO,VKO-MAIN,,80200806,3.00,HL4L31,2016202512421
VKO,VKO-MAIN,,G243-161,10.00,SR-DA6,2016202512458
VKO,VKO-MAIN,,G286-217,9.00,HL4L42,2016202512463
VKO,VKO-MAIN,,G235-460,1.00,,2016202512465
VKO,VKO-MAIN,,GXHD-001,8.00,HL4L42,2016202512466
VKO,VKO-MAIN,,G197-344,1.00,HL4L42,2016202512485
VKO,VKO-MAIN,,GNXT-107,1.00,HL4L42,2016202512486
VKO,VKO-MAIN,,G288-488,5.00,HL4L42,2016202512500
VKO,VKO-MAIN,,77408191-024,4.00,HL4L31,2016202512639
VKO,VKO-MAIN,,GXHD-231,3.00,HL4L42,2016202512722
VKO,VKO-MAIN,,GXHD-229,3.00,HL4L42,2016202512723
VKO,VKO-MAIN,,GXHD-227,3.00,HL4L42,2016202512724
VKO,VKO-MAIN,,GXHD-221,3.00,HL4L42,2016202512725
VKO,VKO-MAIN,,GXHD-219,3.00,HL4L42,2016202512726
VKO,VKO-MAIN,,GXHD-333,3.00,HL4L42,2016202512727
VKo,VKO-MAIN,,GXHD-315,4.00,HL4L42,2016202512728
VKO,VKO-MAIN,,8253-309.2,2.00,,2016202513021
VKO,VKO-MAIN,,G286-115,5.00,HL4L42,2016202513284
VKO,VKO-MAIN,,G286-119,5.00,HL4L42,2016202513286
VKO,VKO-MAIN,,G286-219,1.00,HL4L42,2016202513289
VKO,VKO-MAIN,,G286-517,5.00,HL4L42,2016202513297
VKO,VKO-MAIN,,O01_FT_012,20.00,HL4L31,2016202613385
VKO,VKO-MAIN,,O01_BC_712-O,26.00,HL4L31,2016202613386
VKO,VKO-MAIN,,G279-014 F0024855,1.00,,2016202613452
VKO,VKO-MAIN,,603907,1.00,SR-AA1,2016202613613
VKO,VKO-MAIN,,O01-OS7-013,4.00,HL4L31,2016202613692
VKO,VKO-MAIN,,80500651,1.00,,2016202613974
VKO,VKO-MAIN,,80500971,2.00,,2016202613975
VKO,VKO-MAIN,,O01-BC-724,5.00,HL4L31,2016202614038
VKO,VKO-MAIN,,O01-BC-720,5.00,HL4L31,2016202614039
VKO,VKO-MAIN,,O01-BC-711,5.00,HL4L31,2016202614040
VKO,VKO-MAIN,,700505224,1.00,HL4L31,2016202614049
VKO,VKO-MAIN,,25D515,2.00,,2016202614464
VKO,VKO-MAIN,,G15E-085,4.00,HL4L42,2016202614465
VKO,VKO-MAIN,,G287-451,2.00,,2016202614466
VKO,VKO-MAIN,,G15E-083,2.00,HL4L42,2016202614467
VKO,VKO-MAIN,,G248-952,2.00,,2016202614468
VKO,VKO-MAIN,,24B822,1.00,,2016202614469
VKO,VKO-MAIN,,81600618,1.00,,2016202614779
VKO,VKO-MAIN,,GXHD-325,1.00,HL4L42,2016202614854
VKO,VKO-MAIN,,21411,5.00,,2016202614945
VKO,VKO-MAIN,,81300619,1.00,HL4L31,2016202614981
VKO,VKO-MAIN,,81300559,1.00,HL4L31,2016202614982
VKO,VKO-MAIN,,81200634,1.00,HL4L31,2016202614983
VKO,VKO-MAIN,,81200822,1.00,HL4L31,2016202614984
VKO,VKO-MAIN,,81200704,1.00,HL4L31,2016202614986
VKO,VKO-MAIN,,81200619,2.00,HL4L31,2016202614987
VKO,VKO-MAIN,,81201755,1.00,HL4L31,2016202614988
VKO,VKO-MAIN,,NV3-722,1.00,,2016202615128
CT,CT-MAIN,,SM-00136,1.00,,2020000539650
CT,CT-MAIN,,SM-00149,1.00,,2020000539667
CT,CT-MAIN,,SM-00145,1.00,,2020000539674
CT,CT-MAIN,,SM-00151,1.00,,2020000539681
CT,CT-MAIN,,SM-00153,1.00,,2020000539698
CT,CT-MAIN,,SM-00154,1.00,,2020000539704
CT,CT-MAIN,,SM-00155,1.00,,2020000539711
CT,CT-MAIN,,SM-00156,1.00,,2020000539728
CT,CT-MAIN,,PD 1,5.00,,2020000568186
CT,CT-MAIN,,TOOL 3,1.00,,2020000568445
CT,CT-MAIN,,124010712,8.00,,2020000931676
CT,CT-MAIN,,147003589,8.00,,2020000931683
CT,CT-MAIN,,99133,16.00,,2020000957775
CT,CT-MAIN,,3722000130,5.00,,2020000964711
CT,CT-MAIN,,80.112.40,1.00,,2020001167777
CT,CT-MAIN,,80.112.50,1.00,,2020001167784
CT,CT-MAIN,,40.645.25.3,1.00,,2020001169207
CT,CT-MAIN,,D63-H30,10.00,,2020001201266
CT,CT-MAIN,,64-32-2,1.00,,2020001224517
CT,CT-MAIN,,AFT NBC/3 - LR430,1.00,,2020001230181
CT,CT-MAIN,5504968,IDI 190-SG IC908,1.00,,2020001236855
CT,CT-MAIN,4590697,ER 20/9-10 AA,1.00,,2020001244706
CT,CT-MAIN,4398576,SR 10502813-HG-M,4.00,HR1L23,2020001245963
CT,CT-MAIN,5602784,MT21 I 18 UN IC328,1.00,,2020001246021
CT,CT-MAIN,5602660,MT14 I 2.00 ISO IC328,1.00,,2020001246038
CT,CT-MAIN,3103403,T490 ELN D32-2-W32-16,3.00,,2020001246137
CT,CT-MAIN,5606093,T490 LNMT 1607 PN-R IC808,4.00,,2020001246144
CT,CT-MAIN,5508140,TPMT 321 IC8250,340.00,HR1L18,2020001246243
CT,CT-MAIN,5508110,DNMG 442 GN IC8250,650.00,,2020001246274
CT,CT-MAIN,6011370,DGN 3102C IC830,8.00,,2020001246441
CT,CT-MAIN,6003581,DGN 3102C IC808,"1,623.00",HR1L25,2020001246458
CT,CT-MAIN,3601980,E12 SDUCR-07 HEAD,2.00,,2020001247585
CT,CT-MAIN,"5520237
",TCX 4,1.00,,2020001260386
CT,CT-MAIN,"5592992
",WNMG 433 VL IC908,6.00,,2020001263813
CT,CT-MAIN,"6403359
",GEPI 2.5-MT0.05 IC908,5.00,,2020001264254
CT,CT-MAIN,"3105867
",HTP D016-2-L120-C16-LN06,1.00,,2020001264261
CT,CT-MAIN,2850055,TGIR 32C-6,2.00,,2020001264308
CT,CT-MAIN,4503774,WR ER-25 MINI,1.00,,2020001264544
CT,CT-MAIN,"7005890
",SR 10508082-HG,1.00,HR1L23,2020001265435
CT,CT-MAIN,"7005132
",SR 10504970,2.00,,2020001265572
CT,CT-MAIN,"3104668
",ERW D020A032-A-3-C25-12,1.00,,2020001265688
CT,CT-MAIN,"5530330
",SCD 042-017-060 AP3 IC908,2.00,,2020001265909
CT,CT-MAIN,"5507260
",SNMG 543-GN IC9350,9.00,,2020001265923
CT,CT-MAIN,"5621376
",MM EC080A05R0.5-6T05 IC908,1.00,,2020001267446
CT,CT-MAIN,"5508101
",DCMT 3-1 SM IC8250,2.00,,2020001267651
CT,CT-MAIN,"7002105
",SR TC-4,4.00,,2020001268009
CT,CT-MAIN,"6402652
",GIQL 11-1.04-0.05 IC528,5.00,,2020001268016
CT,CT-MAIN,"6402660
",GIQL 11-2.00-0.10 IC528,5.00,,2020001268023
CT,CT-MAIN,"5604376
",HBF D120-QF IC908,7.00,,2020001268276
CT,CT-MAIN,"5622596
",MM EC080E05C3CF-4T05 IC908,1.00,,2020001268597
CT,CT-MAIN,"5903399
",22 ERM N60 IC808,10.00,,2020001269259
CT,CT-MAIN,"4398586
",SR 10502813-HGSM,1.00,HR1L23,2020001271191
CT,CT-MAIN,5510327,CNMM 432-M4MW IC6025,5.00,,2020001271696
CT,CT-MAIN,,RCR-1/2,1.00,,2020001423996
CT,CT-MAIN,,RCR-5/8,1.00,,2020001424016
CT,CT-MAIN,,PB-9297,1.00,,2020001424528
CT,CT-MAIN,,SVG 25 X .95 X 3350-4/6T,29.00,,2020001427451
CT,CT-MAIN,,ZKG12-3/8S,1.00,,2020001431205
CT,CT-MAIN,,ZKG12-1/2S,1.00,,2020001431212
CT,CT-MAIN,,ROL-8.5,4.00,,2020001431571
CT,CT-MAIN,,ROL-13,3.00,,2020001431588
CT,CT-MAIN,,N08A0615,4.00,,2020001434213
CT,CT-MAIN,,PULL 40 COLLET - 8MM,1.00,,2020001436477
CT,CT-MAIN,,CNMG120404-ZF NS730,10.00,,2020001451340
CT,CT-MAIN,,CNMG120408-ZF NS730,10.00,,2020001451357
CT,CT-MAIN,,WNMG080408-TM T9015,4.00,,2020001452477
CT,CT-MAIN,,WNMA080408 T5115,20.00,,2020001452569
CT,CT-MAIN,6851243,XHGR18T202ER-MJ AH730,6.00,,2020001452606
CT,CT-MAIN,6816705,30S3040R,4.00,,2020001452729
CT,CT-MAIN,,GR30 T9025,40.00,,2020001452736
CT,CT-MAIN,,WPMT05H315ZPR-ML AH120,8.00,,2020001452767
CT,CT-MAIN,,TNMG160404-TSF NS730,2.00,,2020001452774
CT,CT-MAIN,,EPH18R016M16.0-3,1.00,,2020001452798
CT,CT-MAIN,6802569,CSTB-3.5,7.00,,2020001452897
CT,CT-MAIN,,CCGT060200FR-J10 NS530,8.00,,2020001452927
CT,CT-MAIN,6851416,EPH18R016M16.0-2,1.00,,2020001453061
CT,CT-MAIN,,TPMT090204-PS T9015,5.00,,2020001453153
CT,CT-MAIN,,WTT-622G1F,2.00,,2020001453399
CT,CT-MAIN,,CGWTR2525,1.00,,2020001453535
CT,CT-MAIN,6856637,VPET110301MFR-JPP SH730,6.00,,2020001453573
CT,CT-MAIN,6854000,DCGT070201FN-JS SH730,6.00,,2020001453580
CT,CT-MAIN,,CCMT060204-PS NS730,10.00,,2020001453603
CT,CT-MAIN,,06-4 TX20,5.00,,2020001454433
CT,CT-MAIN,,CNMA120404 T5115,4.00,,2020001454853
CT,CT-MAIN,,CNMA120404 T5010,4.00,,2020001454860
CT,CT-MAIN,,DNMG110404-11 NS530,10.00,,2020001455058
CT,CT-MAIN,6860085,TPM11R080M25.4-07,1.00,,2020001455102
CT,CT-MAIN,6860067,LMMU110708PNER-MJ AH120,10.00,,2020001455119
CT,CT-MAIN,,TRC12R050M22.0-05,1.00,,2020001455126
CT,CT-MAIN,6860119,TEN09R063M22.0-06,1.00,,2020001455133
CT,CT-MAIN,5812594,RCMT1204EN-NMJ AH725,20.00,,2020001455157
CT,CT-MAIN,,DCMT11T302-PS NS730,4.00,,2020001455171
CT,CT-MAIN,,CNMG120408-SM T6020,3.00,,2020001455201
CT,CT-MAIN,,VPET080201-TEST SH730,7.00,,2020001455416
CT,CT-MAIN,,VPET080201-TEST AH725,7.00,,2020001455423
CT,CT-MAIN,,PCLS-10,2.00,,2020001455478
CT,CT-MAIN,,SNMG120408-SM T6020,10.00,,2020001455898
CT,CT-MAIN,,TPGT090202R-W15 NS530,7.00,,2020001456147
CT,CT-MAIN,6853876,SEEN1203AGTN-T T3130,5.00,,2020001456499
CT,CT-MAIN,,RTC100P,4.00,,2020001456710
CT,CT-MAIN,6818189,RNGN1003-ATC BX360,5.00,,2020001456734
CT,CT-MAIN,6864601,CNMG120408-TM T9125,7.00,,2020001456796
CT,CT-MAIN,6862466,DNMG150404-TSF T9115,6.00,,2020001456826
CT,CT-MAIN,,PWT-328AT-PSM AH120,40.00,,2020001456925
CT,CT-MAIN,,TEEN43ZTR GH330,50.00,,2020001457441
CT,CT-MAIN,,SDEN53ZTN20 T3130,5.00,,2020001457892
CT,CT-MAIN,,RTD200STL,5.00,,2020001458516
CT,CT-MAIN,,SNGG090304-01 NS530,6.00,,2020001458523
CT,CT-MAIN,,SNMG090304 NS530,7.00,,2020001458530
CT,CT-MAIN,,SNMG120408-TSF NS730,2.00,,2020001458547
CT,CT-MAIN,,KB0-64965 SH730,7.00,,2020001458585
CT,CT-MAIN,,VBGT110302FN-JS SH730,8.00,,2020001458615
CT,CT-MAIN,,VBGT110302N-JS AH725,17.00,,2020001458622
CT,CT-MAIN,6807900,TEEN32ZTR GH330,50.00,,2020001459483
CT,CT-MAIN,,ENH3-2,4.00,,2020001461011
CT,CT-MAIN,,ENH32TC1141-51 (626.132),4.00,,2020001461912
CT,CT-MAIN,6865365,CCMT09T304-PSS AH725,10.00,,2020001462216
CT,CT-MAIN,6850129,CNMG120408-CM T5115,4.00,,2020001462230
CT,CT-MAIN,6862134,EPGT03X100R-W08 SH730,10.00,,2020001462254
CT,CT-MAIN,6861251,EPO07R022M20.0-05,1.00,,2020001462278
CT,CT-MAIN,5610207,SDMT050204PN-MJ AH725,10.00,,2020001462285
CT,CT-MAIN,6861244,AOMT070204PDPR-MJ AH725,10.00,,2020001462308
CT,CT-MAIN,3028881,TRC12R040M16.0-04,1.00,,2020001462322
CT,CT-MAIN,3109296,TPD05R032M16.0E06,1.00,,2020001462339
CT,CT-MAIN,6856636,VPET110301MFL-JP SH730,7.00,,2020001462353
CT,CT-MAIN,6816154,JXT1R6000F J740,8.00,,2020001462407
CT,CT-MAIN,6805449,CNMG120408-SH AH630,5.00,,2020001462599
CT,CT-MAIN,6805450,CNMG120408-SH AH645,5.00,,2020001462605
CT,CT-MAIN,,T12M-STUPR11,3.00,,2020001462766
CT,CT-MAIN,,TPMT110202-PSF AH725,41.00,,2020001462773
CT,CT-MAIN,,RNGN120700 LX11,3.00,,2020001462926
CT,CT-MAIN,6848803,A08H-SCLCR06-D100,1.00,,2020001462971
CT,CT-MAIN,,CCGT09T301FR-J10 J740,50.00,,2020001463008
CT,CT-MAIN,,PCLC-3822,1.00,,2020001463053
CT,CT-MAIN,6844060,DSM0080G10 YH170,7.00,,2020001463121
CT,CT-MAIN,6862154,EPGT03X101L-W08 SH730,64.00,HR2L16,2020001463220
CT,CT-MAIN,,CCMT060204-PF GT730,10.00,,2020001463633
CT,CT-MAIN,6822305,SEGW12X4ZEFR-D DX140,5.00,,2020001465743
CT,CT-MAIN,6822219,SEGW12X4ZEFR KS05F,10.00,,2020001465750
CT,CT-MAIN,6863444,DNMG150408-ZM T9115,10.00,,2020001466580
CT,CT-MAIN,6864924,CCMT09T308-PSS AH725,10.00,,2020001466597
CT,CT-MAIN,6812370,ACLNR2525M12,1.00,,2020001466603
CT,CT-MAIN,6848809,A16Q-SCLCR09-D180,1.00,,2020001466627
CT,CT-MAIN,6860860,CTIR20-3T06-D250,1.00,,2020001466634
CT,CT-MAIN,6860843,CTER2525-2T12,1.00,,2020001466658
CT,CT-MAIN,6821939,GBL32200 AH710,8.00,,2020001466740
CT,CT-MAIN,6822282,DCGT11T304-AL KS05F,5.00,,2020001466771
CT,CT-MAIN,"6863378
",DNMG150404-ZF T9115,8.00,,2020001466917
CT,CT-MAIN,"6864863
",DCMT11T302-PSF AH725,5.00,,2020001466931
CT,CT-MAIN,6850359,WNMA080408 T5105,2.00,,2020001466979
CT,CT-MAIN,,VPET080201MFR-JRP SH730,10.00,,2020001467129
CT,CT-MAIN,,J10ER010BF J740,5.00,,2020001467136
CT,CT-MAIN,,JXGR8100FA-005 J740,5.00,,2020001467150
CT,CT-MAIN,6822218,SEGT12X4ZEFR-AJ KS05F,10.00,,2020001468287
CT,CT-MAIN,6821686,JXGR8150FA-005 J740,9.00,,2020001468317
CT,CT-MAIN,6844056,DSM0060G10 YH170,6.00,,2020001468430
CT,CT-MAIN,6811260,JXBR8010F J740,1.00,,2020001468461
CT,CT-MAIN,6822079,ASMT11T308PDPR-MJ NS740,10.00,,2020001469222
CT,CT-MAIN,6822508,KNMX160405L-S1 T9015,48.00,,2020001469239
CT,CT-MAIN,6805033,KNMX160405L-S1 GH330,8.00,,2020001469246
CT,CT-MAIN,6859449,VEE100L07.0R00-03S06AH725,1.00,,2020001469642
CT,CT-MAIN,6856753,VPET080201MFN-JSP SH730,20.00,,2020001470051
CT,CT-MAIN,"6802784
",DCGT070202FL-J10 J740,8.00,,2020001470341
CT,CT-MAIN,"6811498
",VBGT110301FR-J10 J740,15.00,,2020001471799
CT,CT-MAIN,6854008,CCGT060204FN-JS SH730,90.00,,2020001471829
CT,CT-MAIN,,EM863030,1.00,,2020001525188
CT,CT-MAIN,,EM810035,16.00,,2020001527656
CT,CT-MAIN,,EM810140,6.00,,2020001527748
CT,CT-MAIN,,EM816140,6.00,,2020001527939
CT,CT-MAIN,,EM816160,1.00,,2020001527946
CT,CT-MAIN,,EM813020,14.00,,2020001528097
CT,CT-MAIN,,EM813025,16.00,,2020001528103
CT,CT-MAIN,,EM813030,9.00,,2020001528110
CT,CT-MAIN,,EM813035,12.00,,2020001528127
CT,CT-MAIN,,EM813050,5.00,,2020001528158
CT,CT-MAIN,,EM813140,1.00,,2020001528219
CT,CT-MAIN,,EM813160,1.00,,2020001528226
CT,CT-MAIN,,EM838050,5.00,,2020001528240
CT,CT-MAIN,,EH424035,15.00,,2020001528332
CT,CT-MAIN,,EH424140,21.00,,2020001528400
CT,CT-MAIN,,EH432140,1.00,,2020001528509
CT,CT-MAIN,,EH445030,4.00,,2020001528530
CT,CT-MAIN,,EH445040,23.00,,2020001528547
CT,CT-MAIN,,EH445050,10.00,,2020001528554
CT,CT-MAIN,,EH445080,6.00,,2020001528578
CT,CT-MAIN,,EH445100,6.00,,2020001528585
CT,CT-MAIN,,EH445120,8.00,,2020001528608
CT,CT-MAIN,,EH445140,2.00,,2020001528615
CT,CT-MAIN,,EH449030,17.00,,2020001528639
CT,CT-MAIN,,EH449040,1.00,,2020001528646
CT,CT-MAIN,,EH449080,15.00,,2020001528677
CT,CT-MAIN,,EH449100,5.00,,2020001528684
CT,CT-MAIN,,EH437050,2.00,,2020001528776
CT,CT-MAIN,,EH437080,4.00,,2020001528790
CT,CT-MAIN,,EH437120,16.00,,2020001528813
CT,CT-MAIN,,EH438030,6.00,,2020001528837
CT,CT-MAIN,,EH438050,12.00,,2020001528851
CT,CT-MAIN,,EH438080,5.00,,2020001528882
CT,CT-MAIN,,EH438120,12.00,,2020001528905
CT,CT-MAIN,,E9039012,8.00,,2020001532599
CT,CT-MAIN,,E9039016,28.00,,2020001532605
CT,CT-MAIN,,E9039020,19.00,,2020001532612
CT,CT-MAIN,,E9039024,23.00,,2020001532629
CT,CT-MAIN,,E9039040,2.00,,2020001532636
CT,CT-MAIN,,E9039008,21.00,,2020001533350
CT,CT-MAIN,,E9039032,8.00,,2020001533367
CT,CT-MAIN,,D3 X L45,1.00,,2020001533428
CT,CT-MAIN,,D4 X L45,1.00,,2020001533435
CT,CT-MAIN,,D6 X L50,1.00,,2020001533442
CT,CT-MAIN,,G9A68010,22.00,,2020001534845
CT,CT-MAIN,,G9A68015,2.00,,2020001534852
CT,CT-MAIN,,G9A68025,85.00,,2020001534876
CT,CT-MAIN,,G9A70050,1.00,,2020001534944
CT,CT-MAIN,,G9A69030,103.00,,2020001534968
CT,CT-MAIN,,G9A69040,10.00,,2020001534975
CT,CT-MAIN,,E2401015,20.00,,2020001535187
CT,CT-MAIN,,E2401020,10.00,,2020001535194
CT,CT-MAIN,,E2401025,32.00,,2020001535200
CT,CT-MAIN,,E2401905,33.00,,2020001535231
CT,CT-MAIN,,E2412030,5.00,,2020001535330
CT,CT-MAIN,,E2412180,2.00,,2020001535415
CT,CT-MAIN,,EP941060,2.00,,2020001536160
CT,CT-MAIN,,E2412050,5.00,,2020001543489
CT,CT-MAIN,,EMB1301601,29.00,,2020001547739
CT,CT-MAIN,,E9078948,10.00,,2020001549931
CT,CT-MAIN,,E999913369,1.00,,2020001551002
CT,CT-MAIN,,E999913370,3.00,,2020001551026
CT,CT-MAIN,EMB95080KN,EMC52080,70.00,HR2L04,2020001551651
CT,CT-MAIN,EMB95100KN,EMC52100,63.00,HR2L04,2020001551774
CT,CT-MAIN,EMB96010KN,EMC54010,125.00,HR2L08,2020001551798
CT,CT-MAIN,EMB96015KN,EMC54015,148.00,HR2L08,2020001551804
CT,CT-MAIN,EMB96020KN,EMC54020,144.00,HR2L08,2020001551811
CT,CT-MAIN,,EMC54025,177.00,HR2L08,2020001551828
CT,CT-MAIN,EMB96040KN,EMC54040,180.00,HR2L09,2020001551835
CT,CT-MAIN,EMB96060KN,EMC54060,191.00,HR2L09,2020001551842
CT,CT-MAIN,EMB96080KN,EMC54080,95.00,HR2L09,2020001551859
CT,CT-MAIN,EMB96100KN,EMC54100,74.00,HR2L09,2020001551866
CT,CT-MAIN,,EMC56015,5.00,,2020001551897
CT,CT-MAIN,,EMC56020,95.00,HR2L10,2020001551903
CT,CT-MAIN,,EMC56025,6.00,,2020001551910
CT,CT-MAIN,,EMC56030,31.00,,2020001551927
CT,CT-MAIN,,EMC56040,27.00,,2020001551934
CT,CT-MAIN,,EMC56050,24.00,,2020001551941
CT,CT-MAIN,EMB97060KN,EMC56060,111.00,,2020001551958
CT,CT-MAIN,,EMC56080,12.00,,2020001551965
CT,CT-MAIN,,EMC56100,8.00,HR2L11,2020001551972
CT,CT-MAIN,,EMC56120,9.00,,2020001551989
CT,CT-MAIN,,EMC53050,5.00,,2020001552009
CT,CT-MAIN,,EMC53060,17.00,HR2L08,2020001552016
CT,CT-MAIN,,EMC53901,5.00,HR2L08,2020001552023
CT,CT-MAIN,,EMC53902,16.00,,2020001552030
CT,CT-MAIN,,EMC55030,62.00,HR2L10,2020001552047
CT,CT-MAIN,,EMC55050,13.00,,2020001552054
CT,CT-MAIN,,EMC55060,77.00,HR2L10,2020001552061
CT,CT-MAIN,EMB96160KN,EMC55902,40.00,,2020001552078
CT,CT-MAIN,,EM99915621,9.00,,2020001555406
CT,CT-MAIN,EMB95040KN,EMC52040,23.00,HR2L04,2020001560202
CT,CT-MAIN,,EMC54160,9.00,,2020001560271
CT,CT-MAIN,,EMC53080,5.00,HR2L08,2020001570706
CT,CT-MAIN,,G9B52120,4.00,,2020001570737
CT,CT-MAIN,,BP - MF MADE,1.00,,2020001637454
CT,CT-MAIN,,D52 X H28 X 0 X 0.6 X 28 (J),10.00,,2020001643448
CT,CT-MAIN,,M8 X 1.25,5.00,,2020001659234
CT,CT-MAIN,,M10 X 1.5,2.00,,2020001659241
CF,CF-MAIN,,AQUATENSID - YUSHIRON QUENCH,2.00,,2020001671205
CT,CT-MAIN,,3R-914-03,1.00,,2020001725090
CT,CT-MAIN,,AP - 0001,1.00,,2020001731107
CT,CT-MAIN,,3R-605.1,4.00,,2020001734191
CT,CT-MAIN,,3R-605.2,1.00,,2020001734269
CT,CT-MAIN,,R116.0200.00 TN35,4.00,,2020001737703
CT,CT-MAIN,,BU111.0500.01,1.00,,2020001738007
CT,CT-MAIN,,R105.0060.1.1 TF45,30.00,,2020001738021
CT,CT-MAIN,,T-3620-1,1.00,,2020001738052
CT,CT-MAIN,,RU108.0.031.08 TN35,20.00,,2020001738748
CT,CT-MAIN,,BU114.0625.03,2.00,,2020001738762
CT,CT-MAIN,,BU105.0.625.01,2.00,,2020001738779
CT,CT-MAIN,,CCMT 060202 PF4 WAM 20,7.00,,2020001739769
CT,CT-MAIN,,CCMT 060202 PF4 WAM 30,7.00,,2020001739776
CT,CT-MAIN,,CCMT 060204 PS4 WAM 20,7.00,,2020001739783
CT,CT-MAIN,,CCGT 060202 PF5 WAM 30,7.00,,2020001739790
CT,CT-MAIN,,RU105.0031.4.5 TN35,25.00,,2020001739868
CT,CT-MAIN,,BU114.ST06.00,2.00,,2020001739929
CT,CT-MAIN,,BU105.075.01,1.00,,2020001739936
CT,CT-MAIN,,R108.1846.02 TN35,40.00,,2020001740611
CT,CT-MAIN,,BU108.0500.01,2.00,,2020001740628
CT,CT-MAIN,,R105.0100.5.6 TN35,15.00,,2020001740635
CT,CT-MAIN,,R114.0150.00 TN35,26.00,,2020001740642
CT,CT-MAIN,,RU105.4604.1.5 TN35,10.00,,2020001741519
CT,CT-MAIN,,MU328.0625.02B,2.00,,2020001741526
CT,CT-MAIN,,BU110.0625.02,1.00,,2020001741540
CT,CT-MAIN,,RU110.6208.7.8 T125,10.00,,2020001741557
CT,CT-MAIN,,R105.1823.005.1.5 TF45,7.00,,2020001741687
CT,CT-MAIN,,BU105.0500.01,1.00,,2020001741731
CT,CT-MAIN,,B114.0016.01,1.00,,2020001741748
CT,CT-MAIN,,R111.0200.02 TN35,32.00,,2020001741755
CT,CT-MAIN,,H 151 475 / 1,2.00,,2020001741977
CT,CT-MAIN,,H 34 1070 / 20,3.00,,2020001741984
CT,CT-MAIN,,H 15 190 / 16,2.00,,2020001741991
CT,CT-MAIN,,H 34 1070 / 25,2.00,,2020001742004
CT,CT-MAIN,,RU108.0078.08 TN35,2.00,,2020001742073
CT,CT-MAIN,,R114.3090.02 TN35,10.00,,2020001742097
CT,CT-MAIN,,R111.1855.02 TN35,8.00,,2020001742103
CT,CT-MAIN,,RU105.0062.1.7 TN35,10.00,,2020001742479
CT,CT-MAIN,,RU116.0.125.00 TN35,20.00,,2020001742493
CT,CT-MAIN,,R114.1415.00 TN35,4.00,,2020001742509
CT,CT-MAIN,,BU114.0500.01,1.00,,2020001742516
CT,CT-MAIN,,R108.4545.02 TN35,8.00,,2020001742738
CT,CT-MAIN,,PS - T36201,12.00,,2020001743674
CT,CT-MAIN,,BU114.0500.03,1.00,,2020001743957
CT,CT-MAIN,,R105.4545.3.7 TN35,10.00,,2020001744633
CT,CT-MAIN,,3R-322/50E,1.00,,2020001746491
CT,CT-MAIN,,R105.1823.5.5 MG12,2.00,,2020001746675
CT,CT-MAIN,,B114.0016.00,1.00,,2020001746682
CT,CT-MAIN,,B111.0012.02,1.00,,2020001746699
CT,CT-MAIN,6806520,SNGG120404R-P GH110,2.00,,2020001747023
CT,CT-MAIN,152065,SNGG120404L-P GH110,20.00,,2020001747030
CT,CT-MAIN,124426,DCMT11T302-PS NS530,10.00,,2020001747870
CT,CT-MAIN,6848332,VNMG160404-TSF GT730,18.00,,2020001747894
CT,CT-MAIN,,CCGT09T304L-W20 GH110,10.00,,2020001748426
CT,CT-MAIN,127277,DNMG150404 T9025,10.00,,2020001749232
CT,CT-MAIN,,DNMG150404 GT730,10.00,,2020001749249
CT,CT-MAIN,6821493,SDKN53ZTN NS740,2.00,,2020001749270
CT,CT-MAIN,,JSTGR1010K3,1.00,,2020001749454
CT,CT-MAIN,6856629,VPET080201MFR-JPP,5.00,,2020001750016
CT,CT-MAIN,,VPET080201MFL-JPP,8.00,,2020001750023
CT,CT-MAIN,,T12M-STUPR11-D14,1.00,,2020001750146
CT,CT-MAIN,6804977,JTGR3050F J740,40.00,,2020001750306
CT,CT-MAIN,6809931,XGR6310-02,30.00,,2020001750467
CT,CT-MAIN,,CNMG120404-ZF NS730,10.00,,2020001750634
CT,CT-MAIN,,DNMG150404-ZF NS730,1.00,,2020001750665
CT,CT-MAIN,6859029,J10ER005BF SH730,59.00,HR2L16,2020001750702
CT,CT-MAIN,,DCET0702008MFN-JSP SH730,5.00,,2020001750719
CT,CT-MAIN,,DCET070201MFL-JRP SH730,5.00,,2020001750726
CT,CT-MAIN,,WNMG080408-CH T5115,4.00,,2020001750962
CT,CT-MAIN,,WNMG080408-CH T5105,4.00,,2020001750979
CT,CT-MAIN,,TNMG160408-TSF T9015,2.00,,2020001751044
CT,CT-MAIN,,DNMG150408-TSF T9015,8.00,,2020001751051
CT,CT-MAIN,,TEEN32ZTR AH120,10.00,,2020001751099
CT,CT-MAIN,,SED2060F,1.00,,2020001751105
CT,CT-MAIN,,ADMT130308PR-MJ AH120,4.00,,2020001751150
CT,CT-MAIN,,APMT070308PN-MJ AH120,10.00,,2020001751167
CT,CT-MAIN,,TNMG160408-ZM GT730,2.00,,2020001751204
CT,CT-MAIN,,SNMG120408-TM T9025,2.00,,2020001751235
CT,CT-MAIN,6856698,CCMT09T304-PM AH725,10.00,,2020001751242
CT,CT-MAIN,,CNGA120408 BX360,1.00,,2020001751259
CT,CT-MAIN,,CNMG120408-TSF NS730,10.00,,2020001751273
CT,CT-MAIN,,CNMG120408-CM T5125,10.00,,2020001751297
CT,CT-MAIN,,RU245.0750.02,1.00,,2020001753352
CT,CT-MAIN,,217.0010.20 TN32,16.00,,2020001753369
CT,CT-MAIN,,BU114.0625.01,1.00,,2020001754588
CT,CT-MAIN,,RU116.0.078.00 TN35,4.00,,2020001754953
CT,CT-MAIN,,R116.0130.00 MG12,4.00,,2020001754960
CT,CT-MAIN,TSUGAMI,NP17 CC5.0,1.00,,2020001757206
CT,CT-MAIN,TSUGAMI,NP17 CC6.0,1.00,,2020001757213
CT,CT-MAIN,,NP17 GB5.0,1.00,,2020001757220
CT,CT-MAIN,,NP17 GB6.0,1.00,,2020001757237
CT,CT-MAIN,TSUGAMI,NP17 SUB CC5.0,1.00,,2020001757244
CT,CT-MAIN,TSUGAMI,NP17 SUB CC6.0,1.00,,2020001757251
CT,CT-MAIN,,C288050,1.00,,2020001758593
CT,CT-MAIN,,EMC52010,28.00,HR2L04,2020001761784
CT,CT-MAIN,,EMC52020,80.00,HR2L04,2020001761791
CT,CT-MAIN,,EMC52030,62.00,HR2L04,2020001761807
CT,CT-MAIN,,EMC52050,53.00,HR2L04,2020001761814
CT,CT-MAIN,EMB95070KN,EMC52070,50.00,,2020001761821
CT,CT-MAIN,,EMC52015,56.00,HR2L04,2020001762859
CT,CT-MAIN,E5C14020,E5C72020,70.00,HR2L03,2020001768509
CT,CT-MAIN,E5C14030,E5C72030,76.00,HR2L03,2020001768516
CT,CT-MAIN,EMB96050KN,EMC54050,262.00,HR2L09,2020001769407
CT,CT-MAIN,,D5306060,3.00,,2020001769421
CT,CT-MAIN,,T2809312-C,80.00,HR2L15,2020001769582
CT,CT-MAIN,,BT15XER11-A50,1.00,,2020001770069
CT,CT-MAIN,,BT15XER16-A40,1.00,,2020001770076
CT,CT-MAIN,,EMC53100,20.00,,2020001770632
CT,CT-MAIN,,EMC53120,8.00,,2020001770649
CT,CT-MAIN,,EMC55080,10.00,HR2L10,2020001770656
CT,CT-MAIN,EMC47100KN,EMC55100,23.00,HR2L10,2020001770663
CT,CT-MAIN,,H 15 190 /10,2.00,,2020001771813
CT,CT-MAIN,EMB96035KN,EMC54035,60.00,,2020001771899
CT,CT-MAIN,,D1GP103SET2,2.00,,2020001771905
CT,CT-MAIN,,DH423106,2.00,,2020001772063
NC,NC-MAIN,,EVR 32 X 1.1 X 3820,4.00,HL2L12,2020002129750
NC,NC-MAIN,,SAU 27 X 0.9 X 3430,1.00,HL2L09,2020002129774
CT,CT-MAIN,,VCH-160,1.00,,2020002133382
CT,CT-MAIN,,VF-130,1.00,,2020002134105
CT,CT-MAIN,,BT40 ER40-080,74.00,,2020002157456
CT,CT-MAIN,,ER40 23PCS/SET,11.00,,2020002157463
CT,CT-MAIN,,WER40,9.00,,2020002157470
CT,CT-MAIN,,BT40 ER20-100,14.00,HR3L12,2020002157487
CT,CT-MAIN,,ER20 12PCS/SET,7.00,,2020002157494
CT,CT-MAIN,,WER20,10.00,,2020002157500
CT,CT-MAIN,,R8 ER32,1.00,,2020002157517
CT,CT-MAIN,,ER32 18PCS/SET,10.00,,2020002157524
CT,CT-MAIN,,WER32,12.00,,2020002157531
CT,CT-MAIN,,BT40 EM32-100,1.00,,2020002157579
CT,CT-MAIN,,BT40 APU13-110,15.00,,2020002157586
CT,CT-MAIN,,BT40 45 DEG,36.00,HR3L04,2020002157593
CT,CT-MAIN,,BT40 MAZAK,114.00,HR3L04,2020002157609
CT,CT-MAIN,,BT40 (100-001),5.00,,2020002157616
CT,CT-MAIN,,SKV-8 (W/O BASE),3.00,,2020002157647
CT,CT-MAIN,,ER16 10PCS/SET,2.00,,2020002158279
CT,CT-MAIN,,ER16 04,5.00,,2020002158330
CT,CT-MAIN,,ER32 06,1.00,HR3L05,2020002158408
CT,CT-MAIN,,ER32 10,2.00,HR3L05,2020002158415
CT,CT-MAIN,,ER32 12,5.00,HR3L05,2020002158439
CT,CT-MAIN,,ER32 08,2.00,HR3L05,2020002158798
CT,CT-MAIN,A-PM-10-1,PM10 (FIG. 1),7.00,,2020002158804
CT,CT-MAIN,,ZIP-50A,3.00,HR3L06,2020002158811
CT,CT-MAIN,,ER32 16,4.00,,2020002159009
CT,CT-MAIN,,ER40 20,1.00,,2020002159016
CT,CT-MAIN,,ER40 25,2.00,,2020002159023
CT,CT-MAIN,,ER40 16,3.00,,2020002159184
CT,CT-MAIN,,ER32 20,4.00,,2020002159191
CT,CT-MAIN,,ER40 06,5.00,,2020002159207
CT,CT-MAIN,,VCS-MT4P,1.00,,2020002159306
CT,CT-MAIN,,C20 ER20-050,4.00,HR3L04,2020002159337
CT,CT-MAIN,,R8 FMB22,1.00,,2020002159689
CT,CT-MAIN,,C25 ER20-100,11.00,,2020002159719
CT,CT-MAIN,,BT40 ER32-060,7.00,HR3L09,2020002160340
CT,CT-MAIN,,ER32 15,16.00,,2020002160562
CT,CT-MAIN,,ER40 04,4.00,,2020002160609
CT,CT-MAIN,,ER40 08,1.00,,2020002160647
CT,CT-MAIN,,ER40 10,2.00,,2020002160661
CT,CT-MAIN,,ER40 12,2.00,,2020002160685
CT,CT-MAIN,,BT40 FMB22-60,1.00,,2020002161736
CT,CT-MAIN,,BT40 FMB27-60,1.00,,2020002161743
CT,CT-MAIN,,BT40 FMB32-45,2.00,,2020002161750
CT,CT-MAIN,,R8 ER40,7.00,HR3L15,2020002161767
CT,CT-MAIN,,WER25,10.00,,2020002161934
CT,CT-MAIN,,ER20 03,24.00,HR3L05,2020002161989
CT,CT-MAIN,,ER20 05,1.00,,2020002162009
CT,CT-MAIN,,ER20 10,19.00,,2020002162023
CT,CT-MAIN,,ER20 12,6.00,,2020002162047
CT,CT-MAIN,,ER16 02,21.00,,2020002162481
CT,CT-MAIN,,ER16 03,16.00,,2020002162498
CT,CT-MAIN,,ER16 05,40.00,,2020002162504
CT,CT-MAIN,,ER16 06,53.00,,2020002162511
CT,CT-MAIN,,ER16 08,18.00,HR3L05,2020002162528
CT,CT-MAIN,,ER16 10,7.00,,2020002162535
CT,CT-MAIN,,BT40 ER16-100,3.00,,2020002162542
CT,CT-MAIN,,WASC32,4.00,,2020002163778
CT,CT-MAIN,,WASC42,5.00,,2020002164485
CT,CT-MAIN,,BT40 SMA22-120,2.00,,2020002165628
CT,CT-MAIN,,ER16 07,10.00,,2020002166960
CT,CT-MAIN,,MOTOR FOR GP-11,2.00,,2020002168704
CT,CT-MAIN,,MOTOR FOR GP-25,1.00,,2020002168711
CT,CT-MAIN,,TBGT060102L,5.00,,2020002169046
CT,CT-MAIN,,TPGH090204L,10.00,,2020002169053
CT,CT-MAIN,,T8,10.00,,2020002169084
CT,CT-MAIN,,WER16,2.00,,2020002170257
CT,CT-MAIN,,CARBON BRUSH FOR GP6,1.00,,2020002170851
CT,CT-MAIN,,FLANGE & BEARING (R) FOR GP6,2.00,,2020002170868
CT,CT-MAIN,,FLANGE & BEARING (L) FOR GP6,2.00,,2020002170875
CT,CT-MAIN,,CARBON BRUSH FOR GP26,2.00,,2020002170882
CT,CT-MAIN,,FLANGE & BEARING (R) FOR GP26,3.00,,2020002170899
CT,CT-MAIN,,FLANGE & BEARING (L) FOR GP26,3.00,,2020002170905
CT,CT-MAIN,,CARBON BRUSH FOR GP11,14.00,,2020002170912
CT,CT-MAIN,,CARBON BRUSH FOR GP25,4.00,,2020002170929
CT,CT-MAIN,,CARBON BRUSH FOR GP34,4.00,,2020002170936
CT,CT-MAIN,,FLANGE & BEARING FOR GP11,3.00,,2020002170943
CT,CT-MAIN,,FLANGE & BEARING FOR GP25,2.00,,2020002170950
CT,CT-MAIN,,FLANGE & BEARING FOR GP34,2.00,,2020002170967
CT,CT-MAIN,,E40-20-K,2.00,,2020002171223
CT,CT-MAIN,,C32 ER32-100,5.00,,2020002171421
CT,CT-MAIN,A-MS2206A,MS2206A,20.00,,2020002172107
CT,CT-MAIN,A-W-TF07,TF7,1.00,,2020002172114
CT,CT-MAIN,,600301-06011,284.00,,2020002400026
CT,CT-MAIN,,39028,1.00,,2020002425852
CT,CT-MAIN,,39011,1.00,,2020002425883
CT,CT-MAIN,,39012,1.00,,2020002425890
CT,CT-MAIN,,03223,1.00,,2020002429935
CT,CT-MAIN,,M1.7 X 0.35 BD (D3) NITRIDE,5.00,,2020002430047
CT,CT-MAIN,,M3 X .5 BM X (D6) TIN,4.00,,2020002430078
CT,CT-MAIN,,M3 X 0.5 BM X (D6) TICN,5.00,,2020002430085
CT,CT-MAIN,,M3 X .50 BD (D3),1.00,,2020002430122
CT,CT-MAIN,,M2.6 X .45 BD (D3),2.00,,2020002430139
CT,CT-MAIN,,04335,7.00,,2020002430177
CT,CT-MAIN,,04313,6.00,,2020002432874
CT,CT-MAIN,,PA2-002,2.00,,2020002432997
CT,CT-MAIN,,PA4-009,2.00,,2020002433000
CT,CT-MAIN,,PA4-013,1.00,,2020002433048
CT,CT-MAIN,,1021T-0108,8.00,,2020002435912
CT,CT-MAIN,,1022T-0115,6.00,,2020002435929
CT,CT-MAIN,,697967-30382,9.00,,2020002436414
CT,CT-MAIN,,D2-AS,2.00,,2020002437567
CT,CT-MAIN,,K16-A,2.00,,2020002437572
CT,CT-MAIN,,K8-J85,18.00,,2020002437574
CT,CT-MAIN,,K12-J85,12.00,,2020002437575
CT,CT-MAIN,,K20-A,2.00,,2020002437576
CT,CT-MAIN,,K20-C05,6.00,,2020002437577
CT,CT-MAIN,,K20-NR83,1.00,,2020002437578
CT,CT-MAIN,,K4-A65,6.00,,2020002437579
CT,CT-MAIN,,L8-J67,72.00,,2020002437584
CT,CT-MAIN,,K8-J95,28.00,,2020002437585
CT,CT-MAIN,,L10-J67,52.00,,2020002437587
CT,CT-MAIN,,L10-J83,48.00,,2020002437588
CT,CT-MAIN,,L10-J85,74.00,,2020002437589
CT,CT-MAIN,,L5-A63,4.00,,2020002437590
CT,CT-MAIN,,L5-J89,36.00,,2020002437592
CT,CT-MAIN,,LN-3167,1.00,,2020002437594
CT,CT-MAIN,,LN-3658A,1.00,,2020002437595
CT,CT-MAIN,,R28-J85,12.00,,2020002437597
CT,CT-MAIN,,S-190,2.00,,2020002437598
CT,CT-MAIN,,S-308,21.00,,2020002437599
CT,CT-MAIN,,S-526,6.00,,2020002437601
CT,CT-MAIN,,K10-J85,74.00,,2020002439460
CT,CT-MAIN,,L8-J57,3.00,,2020002439569
CT,CT-MAIN,,20821-1250,1.00,,2020002440008
CT,CT-MAIN,,151T-0024-FB,4.00,,2020002440022
CT,CT-MAIN,,46090,12.00,,2020002440817
CT,CT-MAIN,,13050,1.00,,2020002440831
CT,CT-MAIN,,0.625 (SLIDE - 0.625),2.00,,2020002441227
CT,CT-MAIN,,D6-A65,120.00,,2020002441357
CT,CT-MAIN,,D8-A65,120.00,,2020002441364
CT,CT-MAIN,,BL4-A,1.00,,2020002442231
CT,CT-MAIN,,BL20-619AS,3.00,,2020002442255
CT,CT-MAIN,,L12-479AS,2.00,,2020002442279
CT,CT-MAIN,,L8-J95,48.00,,2020002442446
CT,CT-MAIN,,S-354,12.00,,2020002442460
CT,CT-MAIN,,56355,13.00,,2020002442897
CT,CT-MAIN,,02030,8.00,,2020002442910
CT,CT-MAIN,,91610,5.00,,2020002442958
CT,CT-MAIN,,13047,3.00,,2020002443306
CT,CT-MAIN,,13057,1.00,,2020002443313
CT,CT-MAIN,,13230,5.00,,2020002443368
CT,CT-MAIN,,L12-370AS,4.00,,2020002443399
CT,CT-MAIN,,K10-NR83,5.00,,2020002443559
CT,CT-MAIN,,180T-0020,2.00,,2020002443740
CT,CT-MAIN,,P28-NM05,1.00,,2020002443917
CT,CT-MAIN,,26596,2.00,,2020002444273
CT,CT-MAIN,,26651,2.00,,2020002444280
CT,CT-MAIN,,11070,17.00,,2020002444440
CT,CT-MAIN,,BL8-245AS,5.00,,2020002444525
CT,CT-MAIN,,13157,2.00,,2020002445065
CT,CT-MAIN,,13080,9.00,,2020002445621
CT,CT-MAIN,,42190,4.00,,2020002445638
CT,CT-MAIN,,K16-J67,12.00,,2020002445669
CT,CT-MAIN,,11190,5.00,,2020002445768
CT,CT-MAIN,,AK20-1125UE,1.00,,2020002445836
CT,CT-MAIN,,BL10-308AS,1.00,,2020002445843
CT,CT-MAIN,,91530,4.00,,2020002446536
CT,CT-MAIN,,BL16-526AS,4.00,,2020002446567
CT,CT-MAIN,,BL16-A,1.00,,2020002446574
CT,CT-MAIN,,BL16-W,1.00,,2020002446581
CT,CT-MAIN,,K6-200CS,1.00,,2020002446604
CT,CT-MAIN,,S-323,2.00,,2020002446611
CT,CT-MAIN,,S-370,2.00,,2020002446628
CT,CT-MAIN,,R28-A47,12.00,,2020002446635
CT,CT-MAIN,,26050,7.00,,2020002447243
CT,CT-MAIN,,S-479,1.00,,2020002447281
CT,CT-MAIN,,ST-2200,1.00,,2020002447540
CT,CT-MAIN,,ST-2750,1.00,,2020002447557
CT,CT-MAIN,,K12-C05,16.00,,2020002447571
CT,CT-MAIN,,K000324-6421,2.00,,2020002447717
CT,CT-MAIN,,D6-J97,16.00,,2020002448486
CT,CT-MAIN,,D6-NM89,4.00,,2020002448493
CT,CT-MAIN,,D2-AW,1.00,,2020002448509
CT,CT-MAIN,,D2-A060H,1.00,,2020002448516
CT,CT-MAIN,,42177,20.00,,2020002448875
CT,CT-MAIN,,K6-A63,36.00,,2020002449032
CT,CT-MAIN,,27480,9.00,,2020002449216
CT,CT-MAIN,,L20-J85,68.00,,2020002449438
CT,CT-MAIN,,S-295,1.00,,2020002449902
CT,CT-MAIN,,56540,7.00,,2020002450472
CT,CT-MAIN,,ENDMILL CTD 3/16 X .400,2.00,,2020002450588
CT,CT-MAIN,,01550,10.00,,2020002450779
CT,CT-MAIN,,01570,10.00,,2020002450786
CT,CT-MAIN,,02600,10.00,,2020002450793
CT,CT-MAIN,,02620,10.00,,2020002450809
CT,CT-MAIN,,02640,10.00,,2020002450816
CT,CT-MAIN,,ENDMILL 3/64 X.375,2.00,,2020002451516
CT,CT-MAIN,,BL10-323AB,2.00,,2020002451745
CT,CT-MAIN,,L20-J67,61.00,,2020002452421
CT,CT-MAIN,,K20681AS,1.00,,2020002452469
CT,CT-MAIN,,48038,1.00,,2020002452803
CT,CT-MAIN,,P20C05,4.00,,2020002452810
CT,CT-MAIN,,181T-0023,1.00,,2020002454913
CT,CT-MAIN,,182A-0104,2.00,,2020002454920
CT,CT-MAIN,,S255,2.00,,2020002455002
CT,CT-MAIN,,LCB,2.00,,2020002455583
CT,CT-MAIN,,K20A65,12.00,,2020002455590
CT,CT-MAIN,,L20A55,6.00,,2020002455606
CT,CT-MAIN,,2HP282125WF,1.00,,2020002455613
CT,CT-MAIN,,41903,2.00,,2020002456092
CT,CT-MAIN,,3GP281125VB,2.00,,2020002456535
CT,CT-MAIN,,ST-1187,3.00,,2020002456559
CT,CT-MAIN,,TCGT-06T108,10.00,,2020002456931
CT,CT-MAIN,,S-170,3.00,,2020002456993
CT,CT-MAIN,,ENDMILL CTD 1/32 X .187,1.00,,2020002457006
CT,CT-MAIN,,"ENDMILL .4724""/.4704"" DIA",1.00,,2020002459505
CT,CT-MAIN,,455H-73,1.00,,2020002460099
CT,CT-MAIN,,456H-79,1.00,,2020002460105
CT,CT-MAIN,,451H-18,1.00,,2020002460143
CT,CT-MAIN,,451H-23,1.00,,2020002460167
CT,CT-MAIN,,60062,3.00,,2020002460891
CT,CT-MAIN,,EHU525,2.00,,2020002461140
CT,CT-MAIN,,K000324-1782,3.00,,2020002461317
CT,CT-MAIN,,K000324-5286,6.00,,2020002461324
CT,CT-MAIN,,26000H-20FM,3.00,,2020002463588
CT,CT-MAIN,,89491,5.00,,2020002463755
CT,CT-MAIN,,89511,5.00,,2020002463762
CT,CT-MAIN,,R28J8701A,9.00,,2020002464233
CT,CT-MAIN,,RH-1.750-4.0-1.250,1.00,,2020002464738
CT,CT-MAIN,,91540,5.00,,2020002467401
CT,CT-MAIN,,1C20T-16.5-FB,1.00,,2020002468583
CT,CT-MAIN,,R-437-1750U,1.00,,2020002469184
CT,CT-MAIN,,99157,1.00,,2020002469894
CT,CT-MAIN,,50236,7.00,,2020002470753
CT,CT-MAIN,,50240,2.00,,2020002470760
CT,CT-MAIN,,50242,6.00,,2020002470777
CT,CT-MAIN,,04157,1.00,,2020002471484
CT,CT-MAIN,,83033,5.00,,2020002471507
CF,CF-MAIN,,SC95 YUSHIROKEN - CAN,11.00,,2020002730840
CF,CF-MAIN,,W180 YUSHIRO CLEANER - DRUM,1.00,,2020002730888
CF,CF-MAIN,,W180 YUSHIRO CLEANER - CAN,3.00,,2020002730895
CF,CF-MAIN,,P313 NONRUSTER - DRUM,7.00,,2020002730901
CF,CF-MAIN,,P313 NONRUSTER - CAN,3.00,,2020002730918
CF,CF-MAIN,,CG8M YUSHIRON OIL - DRUM,1.00,,2020002731595
CF,CF-MAIN,,EC50T3S YUSHIROKEN - DRUM,1.00,,2020002731601
CF,CF-MAIN,,EC50TJ YUSHIROKEN - DRUM,1.00,,2020002731908
CF,CF-MAIN,,SC46TJ YUSHIROKEN - DRUM,1.00,,2020002731915
CF,CF-MAIN,,WB-2 YUSHILUBE - CAN,3.00,,2020002731922
CF,CF-MAIN,,NX650TJ YUSHIRON ABAS - DRUM,3.00,,2020002731991
CF,CF-MAIN,,MIC 2800NX YUSHIROKEN - DRUM,8.00,,2020002732370
CF,CF-MAIN,,MIC 2800NX YUSHIROKEN - CAN,5.00,,2020002732387
CF,CF-MAIN,,EC50T3S YUSHIROKEN - CAN,2.00,,2020002733834
CT,CT-MAIN,,D52 X H28 X 0 X 0.6 X 28,8.00,,2020002734671
CT,CT-MAIN,,D62 X H30 X 0 X 3 X 28,3.00,,2020002734688
CF,CF-MAIN,44748,YUSHIRON OIL CL5 - DRUM,1.00,,2020002739522
CF,CF-MAIN,,KZ352J YUSHIRON ABAS - DRUM,9.00,,2020002746872
CF,CF-MAIN,,FX55M YUSHIROKEN - DRUM,7.00,,2020002748432
CF,CF-MAIN,,FX55M YUSHIROKEN - CAN,9.00,,2020002749071
CF,CF-MAIN,,BM582A YUSHIRON ABAS - DRUM,22.00,,2020002749330
CT,CT-MAIN,,SM-00271,2.00,,2020002751449
CF,CF-MAIN,,PCW180 YUSHIRO CLEANER - CAN,3.00,,2020002770129
CT,CT-MAIN,,SBS07,1.00,,2020002836528
CT,CT-MAIN,,CPU - 8.20 MM,1.00,,2020002935047
CT,CT-MAIN,,GB - 8.00 MM,1.00,,2020002935573
CT,CT-MAIN,,CPU - 12.22 MM,1.00,,2020002936198
CT,CT-MAIN,,3R-225,1.00,,2020221700198
CT,CT-MAIN,,250V 3A,25.00,,2020231400019
CT,CT-MAIN,,FOR BM,1.00,,2020231400026
CT,CT-MAIN,,FOR CRH300S,1.00,,2020231400033
CT,CT-MAIN,,FOR V-300,10.00,,2020231400057
CT,CT-MAIN,,WB V-300,11.00,,2020231400071
CT,CT-MAIN,,P-50,3.00,,2020231400101
CT,CT-MAIN,,RK-15,8.00,,2020231400118
CT,CT-MAIN,,M-29,2.00,,2020231400125
CT,CT-MAIN,,10208014,1.00,,2020231400149
CT,CT-MAIN,,10331615,1.00,,2020231400378
CT,CT-MAIN,,A 25 X .90-10T,22.99,,2020241400856
CT,CT-MAIN,,A 25 X .90-8T,27.12,,2020241400863
CT,CT-MAIN,,SVG 41 X 1.3 X 5040-2/3T-L,1.00,,2020241401105
CT,CT-MAIN,,SVG 54 X 1.6-3/4T,150.00,,2020241401181
CT,CT-MAIN,,SVG 25 X .95 X 3430-4/6T-L,10.00,A2R037,2020241401280
CT,CT-MAIN,,SVG 41 X 1.3-5/7T,55.58,,2020241401303
CT,CT-MAIN,,GLB 13 X .64-14T,19.73,,2020241401433
CT,CT-MAIN,,SVG 25 X .95 X 3505-3/4T,121.00,,2020251400587
CT,CT-MAIN,,SVG 25 X .95 X 3505-4/6T,324.00,,2020251400594
CT,CT-MAIN,,SVG 25 X .95 X 3660-4/6T,2.00,,2020251400624
CT,CT-MAIN,,SVG 25 X .95 X 4040-4/6T,10.00,,2020251400655
CT,CT-MAIN,,SVG 32 X 1.06 X 4115-3/4T,20.00,,2020251400662
CT,CT-MAIN,,SVG 32 X 1.06 X 4570-3/4T,15.00,,2020251400679
CT,CT-MAIN,,SVG 41 X 1.3 X 4670-2/3T,1.00,,2020251400709
CT,CT-MAIN,,SVG 41 X 1.3 X 5040-4/6T,6.00,,2020251400723
CT,CT-MAIN,,SVG 41 X 1.3 X 4670-3/4T,5.00,,2020251400785
CT,CT-MAIN,,SVG 41 X 1.3 X 4670-4/6T,50.00,,2020251400792
CT,CT-MAIN,,SVG 32 X 1.06 X 4420-3/4T,20.00,,2020251401232
CT,CT-MAIN,,SVG 32 X 1.06 X 3505-4/6T,5.00,,2020251401256
CT,CT-MAIN,,SVG 54 X 1.6 X 9800-3/4T,4.00,,2020251401317
CT,CT-MAIN,,SVG 54 X 1.6 X 6800-2/3T,10.00,A2R033,2020251401331
CT,CT-MAIN,,SVG 25 X .95 X 3430-6/10T-L,47.00,,2020251401485
CT,CT-MAIN,,SVG 25 X .95 X 3505-3/4T-L,11.00,A2R037,2020251401508
CT,CT-MAIN,,SVG 25 X .95 X 3505-4/6T-L,7.00,A2R037,2020251401515
CT,CT-MAIN,,SVG 25 X .95 X 3505-8/12T-L,1.00,,2020251401539
CT,CT-MAIN,,SVG 25 X .95 X 3660-3/4T-L,9.00,A2R037,2020251401553
CT,CT-MAIN,,SVG 25 X .95 X 3660-4/6T-L,5.00,A2R037,2020251401560
CT,CT-MAIN,,SVG 32 X 1.06 X 4570-3/4T-L,4.00,A2R036,2020251401775
CT,CT-MAIN,,SVG 41 X 1.3 X 5450-2/3T-L,6.00,,2020251401911
CT,CT-MAIN,,SVG 41 X 1.3 X 5800-4/6T-L,3.00,,2020251401935
CT,CT-MAIN,,SVG 25 X .95 X 3430-3/4T-L,6.00,,2020251402444
CT,CT-MAIN,,SVG 25 X .95 X 3000-4/6T-L,1.00,,2020251402550
CT,CT-MAIN,,SVG 41 X 1.3 X 4880-4/6T-L,4.00,,2020251402574
CT,CT-MAIN,,SVG 32 X 1.06 X 3660-4/6T-L,1.00,,2020251402758
CT,CT-MAIN,,SVG 32 X 1.06 X 4115-2/3T,12.00,,2020251402857
CT,CT-MAIN,,SVG 65 X 1.6 X 8800-.75/1T,2.00,,2020251402871
CT,CT-MAIN,,SVG 25 X .95 X 3505-5/7T,236.00,,2020251402901
CT,CT-MAIN,,SVG 41 X 1.3 X 4880-3/4T,16.00,,2020251402956
CT,CT-MAIN,,SVG 25 X .95 X 3200-8/12T-L,1.00,,2020251402994
CT,CT-MAIN,,SVG 41 X 1.3 X 5050-2/3T-L,1.00,,2020251403250
CT,CT-MAIN,,SVG 19 X .90 X 2360-4/6T-L,5.00,A2R037,2020251403342
CT,CT-MAIN,,SVG 25 X .95 X 3280-6/10T-L,1.00,,2020251403519
CT,CT-MAIN,,SVG 67 X 1.6 X 6670-3/4T,14.00,,2020251403618
CT,CT-MAIN,,SVG 25 X .95 X 2650-8/12T-L,2.00,,2020251403649
CT,CT-MAIN,,SVG 54 X 1.6 X 7600-4/6T,3.00,,2020251403663
CT,CT-MAIN,,SVG 54 X 1.6 X 5280-3/4T,4.00,,2020251403717
CT,CT-MAIN,,SVG 54 X 1.6 X 9400-.75/1T,6.00,,2020251403755
CT,CT-MAIN,,SVG 32 X 1.06 X 3912-3/4T-L,14.00,A2R036,2020251403809
CT,CT-MAIN,,SVG 32 X 1.06 X 4115-4/6T-L,1.00,,2020251403953
CT,CT-MAIN,,SVG 67 X 1.6 X 9390-1.1/1.5T,2.00,A2R034,2020251404158
CT,CT-MAIN,,SVG 54 X 1.6 X 7600-2/3T,6.00,A2R033,2020251404257
CT,CT-MAIN,,SVG 25 X .95 X 3048-4/6T-L,1.00,A2R037,2020251404370
CT,CT-MAIN,,SVG 25 X .95 X 2360-3/4T-L,1.00,,2020251404394
CT,CT-MAIN,,A 25 X .90 X 30M-8T,2.00,,2020261400096
CT,CT-MAIN,,A 3 X .64 X 30M-24T,7.00,,2020261400102
CT,CT-MAIN,,A 6 X .64 X 30M-10T,2.00,,2020261400119
CT,CT-MAIN,,GLB 13 X .90 X 30M-14T,10.00,A2R032,2020261400607
CT,CT-MAIN,,A 13 X .64 X 30M-14T,2.00,,2020261400737
CT,CT-MAIN,,A 25 X .90 X 30M-10T,4.00,,2020261400744
CT,CT-MAIN,,GLB 6 X .90 X 30M-10T,3.00,,2020261400751
CT,CT-MAIN,,GLB 13 X .90 X 30M-4T,1.00,,2020261401222
CT,CT-MAIN,,GLB 8 X .64 X 30M-14T,1.00,,2020261401307
CT,CT-MAIN,,COBALT8 41 X 1.3 X 75M-3/4T,2.00,,2020261401321
CT,CT-MAIN,,GLB 3 X .64 X 30M-18T,3.00,,2020261401338
CT,CT-MAIN,,58033711,6.00,,2020271400611
CT,CT-MAIN,,58033697,3.00,,2020271400628
CT,CT-MAIN,,58033738,3.00,,2020271400659
CT,CT-MAIN,,SK10-4.5,10.00,,2020291400516
CT,CT-MAIN,,CC06-C4,10.00,,2020291407188
CT,CT-MAIN,,SKG-12L,5.00,,2020291407195
CT,CT-MAIN,,SKG-18L,5.00,,2020291407201
CT,CT-MAIN,,SKG-28,5.00,,2020291407218
CT,CT-MAIN,,SKG-8,5.00,,2020291407225
CT,CT-MAIN,,NC5TS-53-VMC16-60,1.00,,2020291407522
CT,CT-MAIN,,BT50-SMS16-75,1.00,,2020291407553
CT,CT-MAIN,,CAT50 SK6-195U,1.00,,2020291407669
CT,CT-MAIN,6402638,GIQR 11-2.00-0.10 IC528,5.00,,2020301208941
CT,CT-MAIN,,88 981 104,10.00,,2020330900205
CT,CT-MAIN,2800552,GHDR 25-8A,2.00,,2020341200042
CT,CT-MAIN,6401782,GIPA 6.00-3.00 IC20,70.00,,2020341200172
CT,CT-MAIN,6401816,GIDA 8.00-4.00 IC20,50.00,,2020341200189
CT,CT-MAIN,2800795,GHDKR 25-6,1.00,,2020341200226
CT,CT-MAIN,2800168,GHDR 25-8,1.00,HR1L05,2020341200288
CT,CT-MAIN,6490403,GIPA 6.0-35V-1.2 IC20,9.00,,2020341200356
CT,CT-MAIN,6402004,GIPA 8-35V-1.2 IC20,9.00,,2020341200370
CT,CT-MAIN,6400456,GIMF 508 IC656,10.00,,2020341200523
CT,CT-MAIN,2898536,CGHN 52-6R-4793DG,4.00,,2020341200639
CT,CT-MAIN,6402108,GIPA 4.00-0.40 IC20,8.00,,2020341200677
CT,CT-MAIN,2800693,GHIL 16SC 13,1.00,,2020341200714
CT,CT-MAIN,6490403,GIPA 6.0-35V-1.2 10D IC20,7.00,,2020341200868
CT,CT-MAIN,6400417,GIM 4 IC20,5.00,,2020341200950
CT,CT-MAIN,2800507,GHURS 25,1.00,,2020341201025
CT,CT-MAIN,6401044,GIP 5.40-WT0.25 IC656,20.00,,2020341201087
CT,CT-MAIN,2800766,GHIUR 50-15A-8,1.00,,2020341201230
CT,CT-MAIN,6400885,GIP 4.40-WT0.15 IC20,20.00,,2020341201391
CT,CT-MAIN,6401821,GIFI 4.00E-2.00 IC20,5.00,,2020341202404
CT,CT-MAIN,6402814,GIP 3.00-0.20 IC908,8.00,,2020341202619
CT,CT-MAIN,6499330,GIF 5.20-0.50 IC9054,6.00,,2020341202657
CT,CT-MAIN,6402258,GIM 3-4RA IC354,40.00,,2020341202701
CT,CT-MAIN,6402803,GIMF 406 IC908,10.00,,2020341209083
CT,CT-MAIN,6491379,GIDA 80-40YZ IC20SP,4.00,,2020341209427
CT,CT-MAIN,2800896,PICCO 20-4-5,1.00,,2020341209724
CT,CT-MAIN,6402159,GIG 2.30-0.20 IC328,5.00,,2020341209793
CT,CT-MAIN,6402160,GIG 2.30-0.20 IC825,5.00,,2020341209809
CT,CT-MAIN,6402795,GIP 4.00E-2.00 IC908,5.00,,2020341209878
CT,CT-MAIN,6495290,GIPA 4.00-0.20 IC20,1.00,,2020341209892
CT,CT-MAIN,6402536,GIP 1.57-0.15 IC354,10.00,,2020341210157
CT,CT-MAIN,6403329,GEPI 1.00-0.10 IC908,5.00,,2020341210164
CT,CT-MAIN,6003105,PENTA 24N080J000 IC908,3.00,HR1L14,2020341210256
CT,CT-MAIN,6003102,PENTA 24R200J15D IC1008,12.00,,2020341210263
CT,CT-MAIN,6403343,GEPI 1.50-0.10 IC908,8.00,,2020341210331
CT,CT-MAIN,6402793,GIP 4.00E-0.80 IC908,5.00,,2020341210348
CT,CT-MAIN,6402794,GIP 3.00E-1.50 IC908,5.00,,2020341210478
CT,CT-MAIN,6403078,MM GRIT 22K-3.00-0.20 IC528,35.00,,2020341210621
CT,CT-MAIN,6003088,PENTA 24N050J004 IC1008,1.00,,2020341210638
CT,CT-MAIN,6494752,PICCO R007.0200-34 IC228,2.00,,2020341210874
CT,CT-MAIN,6003218,PENTA 24N200J020 IC908,215.00,HR1L19,2020341210898
CT,CT-MAIN,6003100,PENTA 24R200J06D IC1008,4.00,,2020341210904
CT,CT-MAIN,6402819,GIP 2.70-0.10 IC908,8.00,,2020341210973
CT,CT-MAIN,6403072,PICCO R015.3015-30 IC228,2.00,,2020341211079
CT,CT-MAIN,6403066,UMGR 4.0-A60 IC508,6.00,,2020341211239
CT,CT-MAIN,2800707,GHDKL 25-8,5.00,,2020341211376
CT,CT-MAIN,6403082,MM GRIT 22K-45A IC528,15.00,,2020341211413
CT,CT-MAIN,6403081,MM GRIT 18K-45A IC528,1.00,,2020341211420
CT,CT-MAIN,6403107,MM GRIT 22K-2.00-0.20 IC528,1.00,,2020341211451
CT,CT-MAIN,2801342,SCHR 12-6B,4.00,,2020341211512
CT,CT-MAIN,2895254,GHDR 25-04764,1.00,,2020341211604
CT,CT-MAIN,6494445,GIMY 04764L ID5,2.00,,2020341211611
CT,CT-MAIN,6003116,PENTA 24N178J018 IC908,1.00,,2020341211697
CT,CT-MAIN,6402090,GIF 4.00E-0.40 IC328,5.00,,2020341211819
CT,CT-MAIN,6403242,GIF 4.00E-2.00 IC9015,9.00,,2020341211826
CT,CT-MAIN,6403089,MM GRIT 16K-1.50-0.10 IC528,1.00,,2020341211864
CT,CT-MAIN,2801243,GHIUL 50C-27.5A-8,1.00,,2020341212052
CT,CT-MAIN,6003095,PENTA 24R100J15D IC1008,1.00,,2020341212083
CT,CT-MAIN,6403370,GEPI 2.50-0.10 IC528,5.00,,2020341212090
CT,CT-MAIN,6411114,GTGA 16 EL/IR 120 IC508,1.00,HR1L22,2020341212151
CT,CT-MAIN,6403735,GIQR 8-3.00-0.20 IC528,13.00,,2020341212199
CT,CT-MAIN,6402790,GIPI 4.00E-0.40 IC908,5.00,,2020341212298
CT,CT-MAIN,5530130,PICCO R-MF 8-7 L21 IC908,1.00,,2020341212373
CT,CT-MAIN,6090268,PENTA 24N400-11828 IC908,1.00,,2020341212403
CT,CT-MAIN,6402199,GTGA 16 EL/IR 100 IC508,5.00,,2020341212458
CT,CT-MAIN,6402627,GIQR 11-0.75-0.00 IC528,2.00,,2020341212465
CT,CT-MAIN,6403209,GEPI 3.00-1.50 IC908,2.00,,2020341212526
CT,CT-MAIN,6402485,GIQR 8-2.00-R100 IC528,3.00,,2020341212618
CT,CT-MAIN,6403053,GFQR 12-1.50-0.20  IC528,3.00,,2020341212724
CT,CT-MAIN,,PENTA 24N318J020 SPS08Q,3.00,,2020341212755
CT,CT-MAIN,6403114,MM GRIT 22K-4.00-0.20 IC528,1.00,,2020341212809
CT,CT-MAIN,6402873,MM GRIT 16K-3.00-0.20 IC528,1.00,,2020341212823
CT,CT-MAIN,6003416,PENTA 24N150Z010 IC908,2.00,,2020341212892
CT,CT-MAIN,6480471,PICCO L 620.3006-20 IC1008,5.00,,2020341212953
CT,CT-MAIN,6402863,MM GRIT 18K-1.20-0.05 528,1.00,,2020341213028
CT,CT-MAIN,6403130,GIPI 1.96-0.10 IC908,8.00,,2020341213035
CT,CT-MAIN,6402647,GIQR 11-MT-0.05 IC528,15.00,,2020341213059
CT,CT-MAIN,6403115,MM GRIT 22K-4.25-0.20 IC528,1.00,,2020341213110
CT,CT-MAIN,6403128,GIPI 2.22-0.10 IC908,5.00,,2020341213158
CT,CT-MAIN,6403199,GEPI 2.39-0.15 IC908,4.00,,2020341213226
CT,CT-MAIN,6200323,GRIP 4004Y IC808,18.00,,2020341213233
CT,CT-MAIN,6403478,TIPI 3.4MT-0.10 IC908,5.00,,2020341213356
CT,CT-MAIN,6403637,SCIR 6B-MTL007 IC1008,10.00,,2020341213363
CT,CT-MAIN,6402087,GIP 3.00-0.00 IC328,2.00,,2020341213448
CT,CT-MAIN,6402156,GIG 2.00-0.20 IC328,5.00,,2020341213479
CT,CT-MAIN,6003091,PENTA 24N300J150 IC908,4.00,,2020341213691
CT,CT-MAIN,"6003587
",PENTA 34R200C06D IC908,1.00,,2020341214094
CT,CT-MAIN,"6405248
",GIPI 4.00-2.0UR IC8250,5.00,,2020341214124
CT,CT-MAIN,"6403882
",SCIR 6B-150NP005 IC1008,5.00,,2020341214148
CT,CT-MAIN,"6403178
",GIM 3J IC908,2.00,,2020341214162
CT,CT-MAIN,"6003104
",PENTA 24N050J000 IC908,3.00,HR1L14,2020341214186
CT,CT-MAIN,"6405224
",GIPI 3.00-1.5UR IC8250,5.00,,2020341214193
CT,CT-MAIN,"6404318
",GIP 6.00E-3.00 IC8250,5.00,,2020341214230
CT,CT-MAIN,6002343,DGN 3102C IC354,5.00,,2020351200056
CT,CT-MAIN,6002363,DGN 4003J IC20,7.00,,2020351200148
CT,CT-MAIN,2301256,DGTR 1616-3,2.00,,2020351200186
CT,CT-MAIN,2301245,DGFH 32-3,73.00,,2020351200193
CT,CT-MAIN,6002505,DGN 2002C IC354,4.00,,2020351200209
CT,CT-MAIN,2301246,DGFH 32-4,5.00,,2020351200216
CT,CT-MAIN,2301244,DGFH 32-2,19.00,HR1L02,2020351200254
CT,CT-MAIN,6002381,DGN 5003J IC20,33.00,,2020351200353
CT,CT-MAIN,6002654,DGR 1001J-8D IC328,2.00,,2020351200674
CT,CT-MAIN,2393428,DGTR 12B-2D24SH,1.00,HR1L03,2020351200728
CT,CT-MAIN,6002962,DGN 3102C IC908,444.00,HR1L24,2020351200889
CT,CT-MAIN,2301393,DGTL 20B-2D35,2.00,,2020351200902
CT,CT-MAIN,2301389,DGTL 12B-2D30,6.00,,2020351200919
CT,CT-MAIN,2393438,DGTL 12B-2D24SH,1.00,HR1L03,2020351200933
CT,CT-MAIN,6002961,DGN 2202J IC908,657.00,HR1L25,2020351201008
CT,CT-MAIN,2301399,DGTL 16B-3D35,1.00,,2020351201022
CT,CT-MAIN,6002964,DGN 4003C IC908,9.00,,2020351201053
CT,CT-MAIN,6002959,DGN 2002C IC908,453.00,HR1L25,2020351201060
CT,CT-MAIN,6003226,PENTA 24N150J010 IC908,1.00,,2020351201237
CT,CT-MAIN,6003035,DGR 1400JS-15D IC908,8.00,,2020351201411
CT,CT-MAIN,6002943,DGR 2000P-6D IC508,5.00,,2020351201572
CT,CT-MAIN,6003241,DGN 3002Z IC908,17.00,,2020351201633
CT,CT-MAIN,2395453,C5-DGTR-5D80-03327,1.00,,2020351201664
CT,CT-MAIN,6002968,DGR 3102C-6D IC908,13.00,HR1L24,2020351201763
CT,CT-MAIN,6002844,GSFN 4.8J IC908,2.00,,2020351201855
CT,CT-MAIN,6002839,GSFN 2 IC908,7.00,,2020351201985
CT,CT-MAIN,6002539,GFN 1.2J IC328,10.00,,2020351202005
CT,CT-MAIN,6011380,DGN 2002C IC808,882.00,HR1L25,2020351202029
CT,CT-MAIN,6011376,DGN 4003C IC808,52.00,,2020351202043
CT,CT-MAIN,6002949,DGL 3102C-6D IC908,9.00,,2020351202210
CT,CT-MAIN,6003233,DGR 4803C-4D IC328,50.00,,2020351202234
CT,CT-MAIN,6080083,GFN 0.50PF-0.05-25733 IC928,6.00,,2020351202296
CT,CT-MAIN,"6003034
",DGR 1001J-8D IC908,5.00,,2020351202319
CT,CT-MAIN,5503085,WOMX 4-2 GG IC328,10.00,,2020361200428
CT,CT-MAIN,5504966,IDI 180-SG IC908,1.00,,2020361202729
CT,CT-MAIN,5505028,IDI 122-SG IC908,1.00,,2020361202835
CT,CT-MAIN,5504963,IDI 170-SG IC908,1.00,,2020361202897
CT,CT-MAIN,5505076,IDI 164-SG IC908,1.00,,2020361202934
CT,CT-MAIN,5505084,IDI 085-SG IC908,1.00,,2020361203016
CT,CT-MAIN,5505661,IDP 123 IC908,1.00,,2020361203047
CT,CT-MAIN,5504897,IDI 127-SG IC908,1.00,,2020361203177
CT,CT-MAIN,5505602,IDP 160 IC908,1.00,,2020361203344
CT,CT-MAIN,5505855,XCGT 060300-60DT IC508,2.00,,2020361203634
CT,CT-MAIN,3220606,HSD 033-069-033 AG10 UC,8.00,,2020361204013
CT,CT-MAIN,3220608,HSD 035-073-035 AG10 UC,8.00,,2020361204020
CT,CT-MAIN,3201150,CHAMRING 170-WN32-09,1.00,,2020361204617
CT,CT-MAIN,3241972,SPCGD-05800-0183-31354*01,1.00,,2020361204938
CT,CT-MAIN,"5530145
",SCD 030-023-060 ACG5 IC908,1.00,,2020361205096
CT,CT-MAIN,"5505089
",IDI 090-SG IC908,1.00,,2020361205553
CT,CT-MAIN,6200043,HFPL 5004 IC20,1.00,,2020371200135
CT,CT-MAIN,6200063,HFPL 4020 IC825,5.00,,2020371200289
CT,CT-MAIN,7001912,EDG-33B,3.00,,2020371200326
CT,CT-MAIN,6200092,GRIP 4004Y IC354,14.00,,2020371200425
CT,CT-MAIN,6200088,GRIP 5005Y IC354,20.00,HR1L22,2020371200463
CT,CT-MAIN,2500286,HFHR 25-70-6T32,2.00,,2020371200524
CT,CT-MAIN,6200077,HFPL 4004 IC354,5.00,,2020371200715
CT,CT-MAIN,2550050,HFAEL 95C-5T25,1.00,,2020371200968
CT,CT-MAIN,6200076,HFPL 3015 IC354,6.00,,2020371201019
CT,CT-MAIN,6200129,GRIP 5008Y IC908,21.00,,2020371204317
CT,CT-MAIN,6200147,GRIP 4020Y IC908,1.00,,2020371204331
CT,CT-MAIN,6291277,GRIP 4004Y IC908,12.00,HR1L22,2020371204348
CT,CT-MAIN,6293511,HFPL 6008 (R0.8) IC354,13.00,,2020371204430
CT,CT-MAIN,6293531,HFPL 6010 (R1.0) IC354,11.00,,2020371204447
CT,CT-MAIN,6293541,HFPL 5010 IC354,4.00,,2020371204454
CT,CT-MAIN,6292379,GRIP 3003Y IC908,5.00,,2020371204461
CT,CT-MAIN,6200098,GRIP 6005Y IC508,5.00,,2020371204553
CT,CT-MAIN,6200067,HFPR 3003 IC354,5.00,,2020371204607
CT,CT-MAIN,6200064,HFPL 6030 IC825,8.00,,2020371204614
CT,CT-MAIN,6290254,HFPR 5004 IC428,20.00,,2020371204683
CT,CT-MAIN,6200078,HFPL 4020 IC354,4.00,,2020371204713
CT,CT-MAIN,2500584,HGHR 1010-12 3T6,15.00,,2020371204720
CT,CT-MAIN,6291287,GRIP 5005Y IC908,35.00,HR1L22,2020371204881
CT,CT-MAIN,6291307,GRIP 6005Y IC908,5.00,,2020371204997
CT,CT-MAIN,2500588,HGHR 1212-12-3T6,6.00,,2020371205017
CT,CT-MAIN,6200143,GRIP 3015Y IC908,5.00,,2020371205024
CT,CT-MAIN,2596696,HGIR 20C-3-10339,3.00,,2020371205215
CT,CT-MAIN,2590006,HGHR 16M-3-11417,10.00,,2020371205222
CT,CT-MAIN,6200303,HFPL 3015 IC808,10.00,,2020371205376
CT,CT-MAIN,2500559,HELIR 1616-3T12,1.00,,2020371205468
CT,CT-MAIN,6200317,GRIP 3002Y IC808,12.00,,2020371205512
CT,CT-MAIN,6290339,GRIP 3003Y SPS65VA,7.00,,2020371205611
CT,CT-MAIN,5500519,DNMS 432 12 IC20,5.00,,2020381200019
CT,CT-MAIN,5500336,CNMS 432 12 IC20,5.00,,2020381200026
CT,CT-MAIN,3600914,S10L SDUCR 07,3.00,,2020381200088
CT,CT-MAIN,3601016,S12K STFPR 11,3.00,,2020381200095
CT,CT-MAIN,3600916,S12M SDUCR 07,2.00,,2020381200101
CT,CT-MAIN,3601017,S12M STFPR 11,2.00,,2020381200118
CT,CT-MAIN,3601159,S16Q SDUCR 07,1.00,,2020381200125
CT,CT-MAIN,3606540,S16Q STFPR 11,2.00,,2020381200132
CT,CT-MAIN,3601019,S20R STFPR 16,1.00,,2020381200149
CT,CT-MAIN,3600678,MVVNN 2525M 16,1.00,,2020381200217
CT,CT-MAIN,3600661,MVJNL 2525M 16,2.00,,2020381200248
CT,CT-MAIN,3600667,MVJNR 2020K 16,6.00,,2020381200255
CT,CT-MAIN,3600669,MVJNR 2525M 16,8.00,,2020381200262
CT,CT-MAIN,3600699,PDJNR 2525M 15,11.00,,2020381200392
CT,CT-MAIN,3600698,PDJNR 2020K 15,3.00,HR1L08,2020381200408
CT,CT-MAIN,3600693,PCLNR 2525M 12,4.00,,2020381200521
CT,CT-MAIN,5502569,TPMR 221 IC825,58.00,,2020381200569
CT,CT-MAIN,5502226,TPMR 221 IC848,100.00,,2020381200576
CT,CT-MAIN,3600696,PDJNL 2525M 15,1.00,,2020381200699
CT,CT-MAIN,5503038,WBMT 520L IC354,706.00,HR1L17,2020381201115
CT,CT-MAIN,3600852,S10L SCLCR 06,4.00,,2020381201146
CT,CT-MAIN,5500354,DCMW 11T304 IC20,3.00,,2020381201306
CT,CT-MAIN,5500521,IWSN 433,36.00,,2020381201610
CT,CT-MAIN,3601303,MWLNL 2525M 08W,3.00,,2020381201634
CT,CT-MAIN,3601307,S20S MWLNR 06W,2.00,,2020381201726
CT,CT-MAIN,3601323,S25T MWLNR 08W,2.00,,2020381201757
CT,CT-MAIN,5591687,WNMG 432 GN IC9025,3.00,,2020381202044
CT,CT-MAIN,,SPU 633 IC328,24.00,,2020381202105
CT,CT-MAIN,3601327,S32U MWLNR 08W,1.00,,2020381202112
CT,CT-MAIN,3601318,MWLNR 2020K 08W,4.00,,2020381202136
CT,CT-MAIN,5540011,VCGT 333 AS IC20,1.00,,2020381202211
CT,CT-MAIN,5503919,DNMG 333 TF IC8048,29.00,,2020381202228
CT,CT-MAIN,3601137,S16Q PWLNR 06,7.00,,2020381202266
CT,CT-MAIN,5591067,CNMG 432 GN IC9025,2.00,,2020381202570
CT,CT-MAIN,5503626,TNMG 323 IC8048,20.00,,2020381202877
CT,CT-MAIN,5503666,WNMG 432 NF IC530N,4.00,,2020381203010
CT,CT-MAIN,5504123,WNMG 3-0 SF IC530N,1.00,,2020381203058
CT,CT-MAIN,5504684,TPMT 322 IC9025,105.00,,2020381203126
CT,CT-MAIN,3601117,S40U PTFNR 22,1.00,,2020381203393
CT,CT-MAIN,3600853,S12M SCLCR 06,3.00,,2020381203621
CT,CT-MAIN,3601088,SVXCL 2525M 16,1.00,,2020381203850
CT,CT-MAIN,5602116,R90MT 1205-RM IC328,10.00,,2020381204543
CT,CT-MAIN,3601265,S0610H SWUBR 06,3.00,,2020381204567
CT,CT-MAIN,5595607,DNMG 431 TF IC9025,1.00,,2020381204888
CT,CT-MAIN,5503779,DCMT 3-1 IC520N,7.00,,2020381205014
CT,CT-MAIN,5504749,IDI 135-SG IC 528,7.00,,2020381205311
CT,CT-MAIN,5504634,DNMG 432 GN IC9025,1.00,,2020381205397
CT,CT-MAIN,5598108,IDI 120-SG IC908,1.00,,2020381205557
CT,CT-MAIN,5505018,WNMA 433 IC4028,5.00,,2020381205571
CT,CT-MAIN,5505017,WNMA 432 IC4028,18.00,,2020381205588
CT,CT-MAIN,5504848,IDI 140-SG IC908,1.00,HR1L15,2020381205601
CT,CT-MAIN,5504965,IDI 200-SG IC908,1.00,,2020381205618
CT,CT-MAIN,5504853,IDI 110-SG IC908,1.00,,2020381205700
CT,CT-MAIN,5504846,IDI 130-SG IC908,1.00,,2020381205717
CT,CT-MAIN,3601918,SVJNL 2525M 12F,2.00,,2020381205724
CT,CT-MAIN,3601917,SVJNR 2525M 12F,17.00,,2020381205748
CT,CT-MAIN,3601862,SVJNR 2020K 12F,2.00,,2020381205755
CT,CT-MAIN,5504093,DNMG 331 SF IC530N,1.00,,2020381205809
CT,CT-MAIN,5598216,TCMT 2-1-19 IC20N,10.00,,2020381205861
CT,CT-MAIN,5505011,CCMT 3-0-SM IC907,5.00,HR1L26,2020381205885
CT,CT-MAIN,5502315,TPU 321 IC656,9.00,,2020381206011
CT,CT-MAIN,5595037,CCMT 3-1-14 IC9025,1.00,,2020381206028
CT,CT-MAIN,2800957,SXCNN 3232 P36-10,1.00,,2020381206202
CT,CT-MAIN,5504880,VNMG 2.5-1 NF IC907,636.00,,2020381206240
CT,CT-MAIN,5595309,WNMG 432 GN IC907,110.00,,2020381206295
CT,CT-MAIN,6402745,XNUW 3606-10 IC54,10.00,,2020381206325
CT,CT-MAIN,3606555,S25S PWLNR 06,1.00,,2020381206455
CT,CT-MAIN,5503833,CNMG 432 GN IC3028,8.00,,2020381206615
CT,CT-MAIN,5503847,TNMG 332 GN IC3028,7.00,,2020381206639
CT,CT-MAIN,5540012,RCGT 0803M0 AS IC20,5.00,,2020381206707
CT,CT-MAIN,5505245,IDI 191-SG IC908,1.00,,2020381206745
CT,CT-MAIN,5504979,WBGT 520L IC907,5.00,,2020381206752
CT,CT-MAIN,5504970,IDI 205-SG IC908,1.00,,2020381206813
CT,CT-MAIN,5792719,RNGN 120400T IN22,1.00,,2020381206929
CT,CT-MAIN,5700413,SNGN 120708T IN22,6.00,,2020381206936
CT,CT-MAIN,5691092,CDE 322 R02 301,20.00,,2020381206974
CT,CT-MAIN,5640195,CDE 322 R05 111,17.00,,2020381206981
CT,CT-MAIN,5599172,WNMG 432 VL IC908,30.00,,2020381207025
CT,CT-MAIN,3692787,S0808J SWUBR 06,14.00,,2020381207032
CT,CT-MAIN,5504980,WBGT 520L IC908,5.00,,2020381207056
CT,CT-MAIN,5503787,TPGH 2-1 L IC570,20.00,,2020381207070
CT,CT-MAIN,5640765,CDE 322 R05 227,83.00,,2020381207216
CT,CT-MAIN,5505285,VNMG 331 NF IC907,"1,185.00",HR1L17,2020381207230
CT,CT-MAIN,5503774,CCMT 3-1 IC520N,4.00,,2020381207308
CT,CT-MAIN,5505156,DCMT 2-1 SM IC907,260.00,,2020381207360
CT,CT-MAIN,5503026,DCGT 2-1 IC30N,10.00,,2020381207384
CT,CT-MAIN,5504625,DCMT 3-0 IC9025,2.00,,2020381207391
CT,CT-MAIN,5505012,DCMT 3-0 SM IC907,410.00,HR1L25,2020381207407
CT,CT-MAIN,5599418,DCMT 3-0 PF IC3028,1.00,,2020381207520
CT,CT-MAIN,5590899,DCMT 3-2 PF IC3028,3.00,,2020381207544
CT,CT-MAIN,5505444,DCMT 2-0 PF IC3028,3.00,,2020381207599
CT,CT-MAIN,5503773,CCMT 3-0 IC520N,6.00,,2020381207797
CT,CT-MAIN,5506192,LNMX 150608L-HT IC907,6.00,,2020381208060
CT,CT-MAIN,5505043,KNUX 160410-R11 IC9015,9.00,,2020381208114
CT,CT-MAIN,5540019,CCGT 430 AS IC20,20.00,,2020381208275
CT,CT-MAIN,5505575,TPGX 730-L IC908,7.00,,2020381208497
CT,CT-MAIN,5505574,TPGX 221L IC908,8.00,,2020381208503
CT,CT-MAIN,5504390,QCMT 3-1 SM IC9015,7.00,,2020381208565
CT,CT-MAIN,5505694,QCMT 3-0 PF IC908,7.00,,2020381208572
CT,CT-MAIN,5594309,TPGX 730-L IC20,1.00,,2020381208657
CT,CT-MAIN,5505848,DNMG 432 VL IC908,79.00,,2020381209005
CT,CT-MAIN,5504101,DNMG 432 GN IC3028,7.00,,2020381209050
CT,CT-MAIN,5505138,DNMG 441 TF IC907,10.00,,2020381209067
CT,CT-MAIN,5504873,CCMT 2-1 SM IC907,150.00,,2020381209180
CT,CT-MAIN,5504874,DCMT 3-1 SM IC907,272.00,HR1L25,2020381209197
CT,CT-MAIN,5505131,WNMG 431 TF IC907,340.00,HR1L16,2020381209210
CT,CT-MAIN,5505577,WCGT 020102L IC908,1.00,HR1L14,2020381209289
CT,CT-MAIN,5540033,VCGT 330-AS IC20,5.00,,2020381209388
CT,CT-MAIN,5506377,VCET 1103005L-WF   IC907,7.00,,2020381209395
CT,CT-MAIN,5506327,VCET 1103005R-WF IC907,7.00,,2020381209401
CT,CT-MAIN,5596001,SNMG 431 TF IC907,5.00,,2020381209555
CT,CT-MAIN,5506625,XCMT 060204 MF IC908,7.00,,2020381209661
CT,CT-MAIN,5506189,LNMX 150612R-HT IC908,5.00,,2020381209746
CT,CT-MAIN,5504886,TCMT 2-1 SM IC908,4.00,HR1L14,2020381209760
CT,CT-MAIN,5504823,WNMG 3-1 TF IC907,20.00,,2020381209777
CT,CT-MAIN,3201676,DR-MF-16R-2.25D-20A-08,1.00,,2020381209791
CT,CT-MAIN,5506627,XCMT 080304 MF IC908,8.00,,2020381209807
CT,CT-MAIN,5506325,DCET 0702005R WF IC907,5.00,,2020381209814
CT,CT-MAIN,5595051,DCMT 3-1 PF IC907,4.00,,2020381209821
CT,CT-MAIN,5505571,TCMT 3-1 SM IC907,4.00,,2020381209883
CT,CT-MAIN,5600418,TPMT 322 IC520M,120.00,,2020381209937
CT,CT-MAIN,5594947,DCGT 3-0 AS IC520,10.00,HR1L25,2020381209975
CT,CT-MAIN,5504602,CCMT 2-0 IC9025,4.00,,2020381210155
CT,CT-MAIN,5505576,TPGX 731-L IC908,5.00,,2020381210254
CT,CT-MAIN,3602184,PCLCL 1010M-06S,1.00,,2020381210476
CT,CT-MAIN,5507359,DNMG 432 GN IC9250,10.00,,2020381210483
CT,CT-MAIN,5504094,DNMG 331 SF IC520N,3.00,,2020381210568
CT,CT-MAIN,5507290,DCMT 2-1 SM IC9250,10.00,,2020381210605
CT,CT-MAIN,5506974,CNMG 432 GN IC9250,30.00,,2020381210636
CT,CT-MAIN,5507276,DNMG 442 GN IC9250,91.00,,2020381210667
CT,CT-MAIN,5591946,WNMG 3-2 GN IC9250,1.00,,2020381210704
CT,CT-MAIN,5507283,WNMG 3-2 TF IC9250,5.00,,2020381210711
CT,CT-MAIN,5506972,WNMG 432 TF IC9250,5.00,,2020381210735
CT,CT-MAIN,5506971,WNMG 432 GN IC9250,114.00,,2020381210742
CT,CT-MAIN,5599766,DNMG 431 TF IC3028,8.00,,2020381210834
CT,CT-MAIN,5504514,DNMG 433 GN IC9015,8.00,,2020381210841
CT,CT-MAIN,5507278,TNMG 332 GN IC9250,1.00,,2020381210902
CT,CT-MAIN,5507310,VNMG 2.5-0 NF IC9250,5.00,HR1L17,2020381210919
CT,CT-MAIN,5507282,TNMG 331 TF IC9250,4.00,,2020381210926
CT,CT-MAIN,5506993,TCMT 3-2 SM IC9250,10.00,,2020381211077
CT,CT-MAIN,5506235,VCMT 330 SM IC907,1.00,,2020381211121
CT,CT-MAIN,5507281,DNMG 432 TF IC9250,4.00,,2020381211138
CT,CT-MAIN,5502773,TPMR 321 IC20N,9.00,,2020381211268
CT,CT-MAIN,5505124,TNMG 331 TF IC907,5.00,,2020381211336
CT,CT-MAIN,5540021,TCGT 3-1 AS IC20,10.00,,2020381211473
CT,CT-MAIN,5505442,CCMT 3-0 PF IC3028,8.00,,2020381211602
CT,CT-MAIN,5591806,SNMG 432 GN IC9150,20.00,,2020381211657
CT,CT-MAIN,5506611,SOMX 050204 DT IC9080,5.00,,2020381211756
CT,CT-MAIN,5507339,CNMX 452-HTW IC9250,7.00,,2020381211855
CT,CT-MAIN,5592266,TPMR 222 PF IC9150,8.00,,2020381211886
CT,CT-MAIN,5507985,CNMX 452-HTW IC807,5.00,,2020381211954
CT,CT-MAIN,3694698,E08K SWUBR 06,1.00,,2020381211978
CT,CT-MAIN,5507755,WNMG 432 TF IC8250,57.00,,2020381212050
CT,CT-MAIN,3602893,PWLNR 2525M-08X,10.00,HR1L08,2020381212067
CT,CT-MAIN,5507801,WNMG 432 GN IC8250,946.00,HR1L16,2020381212081
CT,CT-MAIN,5507826,WNMG 431 GN IC8250,280.00,HR1L16,2020381212142
CT,CT-MAIN,5507312,CNMG 643 GN IC9250,5.00,,2020381212258
CT,CT-MAIN,5500687,RNMG 64 IC656,8.00,,2020381212265
CT,CT-MAIN,5596057,VNMP 332 IC9025,5.00,,2020381212272
CT,CT-MAIN,5507561,SNMG 643 GN IC9250,4.00,,2020381212289
CT,CT-MAIN,5507555,VNMG 332 TF IC9250,10.00,,2020381212357
CT,CT-MAIN,5508145,VNMG 2.5-2 NF IC8250,31.00,,2020381212371
CT,CT-MAIN,5508144,VNMG 2.5-1 NF IC8250,340.00,HR1L17,2020381212388
CT,CT-MAIN,5507370,VNMG 331 NF IC9250,10.00,,2020381212555
CT,CT-MAIN,5505537,WNMG 433 NR IC4028,20.00,,2020381212616
CT,CT-MAIN,5507802,CNMG 432 GN IC8250,470.00,,2020381212685
CT,CT-MAIN,5507811,WNMG 3-2 GN IC8250,190.00,,2020381212692
CT,CT-MAIN,5507689,TPMT 2-1 IC9250,255.00,HR1L18,2020381212708
CT,CT-MAIN,5508109,DNMG 441 TF IC8250,89.00,HR1L24,2020381212715
CT,CT-MAIN,5508107,DNMG 431 TF IC8250,30.00,,2020381212739
CT,CT-MAIN,5508108,DNMG 432 GN IC8250,110.00,HR1L24,2020381212760
CT,CT-MAIN,5507591,TPMT 2-2 IC9250,15.00,,2020381212777
CT,CT-MAIN,5507592,TPMT 322 IC9250,4.00,,2020381212784
CT,CT-MAIN,5508508,VNMG 332 TF IC807,475.00,HR1L17,2020381212791
CT,CT-MAIN,5508111,DNMG 442 TF IC8250,20.00,HR1L24,2020381212807
CT,CT-MAIN,5508141,VCMT 331 SM IC8250,21.00,,2020381212906
CT,CT-MAIN,5507224,CCMT 432 SM IC9150,80.00,,2020381212975
CT,CT-MAIN,5504773,CCMT 3-1 SM IC907,84.00,,2020381212999
CT,CT-MAIN,5506483,VCMT 222 SM IC908,50.00,,2020381213040
CT,CT-MAIN,5592352,WNMG 432 VL IC808,2.00,,2020381213064
CT,CT-MAIN,5505333,TPMT 2-0 IC907,5.00,,2020381213460
CT,CT-MAIN,5591066,XCMT 040104R MF IC908,8.00,,2020381213521
CT,CT-MAIN,5507839,WNMG 3-2 GN IC8150,5.00,,2020381213538
CT,CT-MAIN,5505134,SNMG 433 TF IC907,8.00,,2020381213637
CT,CT-MAIN,5504912,TNMG 332 TF IC907,8.00,,2020381213644
CT,CT-MAIN,5508221,VNMG 2.5-1 NF IC807,10.00,,2020381213675
CT,CT-MAIN,5550246,CNMG 432 WF IC8250,4.00,,2020381213682
CT,CT-MAIN,3602960,PWLNR 2020K 08X,3.00,,2020381213712
CT,CT-MAIN,5507581,RCMT 1204M0-14 IC9250,5.00,,2020381214030
CT,CT-MAIN,5507821,CNMG 431 GN IC8250,4.00,,2020381214085
CT,CT-MAIN,3602401,PCLNL 2525M 12X,1.00,,2020381214139
CT,CT-MAIN,5550495,VCMT 220 SM IC807,8.00,,2020381214184
CT,CT-MAIN,"5550503
",VNMG 2.5-0 NF IC807,220.00,HR1L17,2020381214313
CT,CT-MAIN,"5501819
",TNMS 331-12 IC20,30.00,,2020381214344
CT,CT-MAIN,"5504875
",DCMT 3-2 SM IC907,3.00,,2020381214399
CT,CT-MAIN,"3696538
",CRDNN 2525M-12CE,1.00,,2020381214429
CT,CT-MAIN,"5550484
",TPMT 2-1 IC807,2.00,,2020381214580
CT,CT-MAIN,"5590779
",VCGT 332 AS IC4,20.00,,2020381214610
CT,CT-MAIN,"5508178
",WNMG 432 WF IC8150,5.00,,2020381214627
CT,CT-MAIN,"5540029
",CCGT 060201-AS IC20,10.00,,2020381214634
CT,CT-MAIN,5507359,DNMG 432-52 DC710,96.00,,2020381214665
CT,CT-MAIN,5506971,WNMG 432-52 DC710,26.00,,2020381214672
CT,CT-MAIN,5505131,WNMG 431-97 DC9700,145.00,,2020381214696
CT,CT-MAIN,5550450,TCMT 3-1 SM IC807,5.00,,2020381214726
CT,CT-MAIN,5507282,TNMG 160404-97 DC710,85.00,,2020381214788
CT,CT-MAIN,5507278,TNMG 160408-52 DC710,100.00,,2020381214795
CT,CT-MAIN,5507284,SNMG 120408-52 DC710,100.00,,2020381214801
CT,CT-MAIN,4530004,BT 40/SM32X60,1.00,,2020391200030
CT,CT-MAIN,,ISO 40D/EM16X63,1.00,,2020391200221
CT,CT-MAIN,,ISO 40/EM32X100,2.00,,2020391200351
CT,CT-MAIN,,ISO 40/EM20X45,2.00,,2020391200368
CT,CT-MAIN,,L.S.-SMC40,5.00,,2020391200450
CT,CT-MAIN,,ISO 50/EM12X63,1.00,,2020391200474
CT,CT-MAIN,4500268,ER 20/7.0-6.0,5.00,,2020391200801
CT,CT-MAIN,4529021,BT 40/EM20X45,2.00,,2020391201327
CT,CT-MAIN,4530010,BT 30/SEM22X50,1.00,,2020391201648
CT,CT-MAIN,4500178,ER 11/3-4,1.00,,2020391201686
CT,CT-MAIN,4550104,BT 40-MB63,1.00,,2020391201921
CT,CT-MAIN,4550747,HSK A40 MB50,2.00,,2020391202546
CT,CT-MAIN,4500115,ER 20/8-9,8.00,,2020391202768
CT,CT-MAIN,5505573,TPGX 220-L IC908,5.00,,2020391203598
CT,CT-MAIN,4503098,PS CAT40 45 5/8 ANSI,5.00,,2020391204113
CT,CT-MAIN,5520216,TCH 4,5.00,,2020391204168
CT,CT-MAIN,4535004,DIN69871 40 EM32X100,1.00,,2020391204335
CT,CT-MAIN,4502000,ST 32X70 ER25 MF,1.00,,2020391204731
CT,CT-MAIN,4500177,ER 11/2-3,1.00,,2020391204830
CT,CT-MAIN,4512004,SET ER32 SPR 18,1.00,,2020391205882
CT,CT-MAIN,4512005,SET ER 40 SPR 23,1.00,HR1L04,2020391205899
CT,CT-MAIN,4517003,PS CAT50 45 M24 ISO B,1.00,,2020391205967
CT,CT-MAIN,"4500114
",ER 20/7-8,10.00,,2020391206315
CT,CT-MAIN,"4500119

",ER 20/12-13,17.00,,2020391206346
CT,CT-MAIN,5600135,SEK 42 AFN IC20,3.00,,2020401200067
CT,CT-MAIN,5502940,XOMT 060204 DT IC328,8.00,,2020401200197
CT,CT-MAIN,5601234,CR D100-MT IC328,2.00,,2020401200210
CT,CT-MAIN,5601198,CR D120-QF IC328,5.00,,2020401200234
CT,CT-MAIN,5601315,TPK 32 PPTR 42 IC328,7.00,,2020401200265
CT,CT-MAIN,5601262,TPK 43 PDTR 42 IC328,1.00,,2020401200272
CT,CT-MAIN,5601150,ADKT 1505 PDR HM IC328,14.00,,2020401200333
CT,CT-MAIN,5601249,SOMT 060204 HQ IC328,30.00,,2020401200401
CT,CT-MAIN,5600493,APKT 1003 PDR HM IC28,5.00,,2020401200685
CT,CT-MAIN,5690096,XPMT 100420R IC28,43.00,,2020401201132
CT,CT-MAIN,5601832,OEMT 060405 AER 76 IC328,2.00,,2020401201255
CT,CT-MAIN,5601746,TNKF 1204AN-LM IC418,20.00,,2020401201286
CT,CT-MAIN,5601638,ANKT 1404 PNR IC328,4.00,,2020401201330
CT,CT-MAIN,3101160,F45KT D125-40-R06,2.00,,2020401201408
CT,CT-MAIN,5601009,CR D100-MT IC250,5.00,,2020401201859
CT,CT-MAIN,5601316,SPK 42EDTR-42 IC328,35.00,,2020401202672
CT,CT-MAIN,5602098,O45MT 050505RM IC950,10.00,,2020401202733
CT,CT-MAIN,5691263,APCR 1003 PDFR P IC28,3.00,,2020401203068
CT,CT-MAIN,3100862,E90AD D40-W32,1.00,,2020401203105
CT,CT-MAIN,3101683,HM90 E90A D12-1-W16-C,1.00,,2020401205352
CT,CT-MAIN,5694179,OECR 060405 AER-P IC28,275.00,HR1L20,2020401205413
CT,CT-MAIN,5601943,OEMT 060405 AER 76 IC950,5.00,,2020401205420
CT,CT-MAIN,5602170,CRF D120 QF IC950,8.00,,2020401205437
CT,CT-MAIN,5602171,CRF D160 QF IC950,13.00,,2020401205444
CT,CT-MAIN,3101891,HM90 E90A D32-4-W25,1.00,,2020401205451
CT,CT-MAIN,3101912,HM90 E90A D25-4-W25,5.00,,2020401205475
CT,CT-MAIN,5602417,HM90 APKT 1003PDR IC328,30.00,,2020401205482
CT,CT-MAIN,5602492,HM90 APKT 1003PDR IC950,8.00,,2020401205499
CT,CT-MAIN,5602383,HM90 ADKT 1505PDR IC328,10.00,,2020401205505
CT,CT-MAIN,5602497,HM90 ADKT 1505PDR IC950,5.00,,2020401205529
CT,CT-MAIN,5621325,MM EC120B09R000-4T08 IC908,1.00,,2020401205635
CT,CT-MAIN,5621336,MM EC100B07R000-3T06 IC908,1.00,,2020401205789
CT,CT-MAIN,5698498,ADCT 1505 PDFR-HM IC928,2.00,,2020401205796
CT,CT-MAIN,3102474,MM S-B-L125-C16-T06,1.00,,2020401205833
CT,CT-MAIN,5621337,MM EC100B07R000-4T06 IC908,1.00,,2020401205956
CT,CT-MAIN,5601308,APLV 53-R02-205,20.00,,2020401206335
CT,CT-MAIN,5603203,MM HCR120-2T08 IC908,1.00,,2020401206557
CT,CT-MAIN,5601480,CR D180-QF IC328,4.00,,2020401206687
CT,CT-MAIN,5621710,MM HT120N06R4.0-2T06 IC908,1.00,,2020401206755
CT,CT-MAIN,5601965,TSD 1205N,1.00,,2020401206823
CT,CT-MAIN,5602964,HM90 APCR 100304PDFR-P IC28,20.00,,2020401206861
CT,CT-MAIN,5603693,SPMT 100408TR-HQ-M IC328,1.00,,2020401206878
CT,CT-MAIN,5620756,ECA120B25-2C12 IC08,2.00,,2020401206984
CT,CT-MAIN,5602056,CRF D250-QF IC328,10.00,,2020401207165
CT,CT-MAIN,5600647,APKT 160416R-HM IC28,17.00,,2020401207387
CT,CT-MAIN,5601374,APKT 1604PDR-RM IC50M,20.00,,2020401207394
CT,CT-MAIN,5603143,MM TS195-H50D-06T08 IC328,1.00,,2020401207431
CT,CT-MAIN,5602966,HM90 ADCR 1505PDFR-P IC28,10.00,,2020401207523
CT,CT-MAIN,5604024,MM HR2.5/094-5.1-2T06 IC908,1.00,,2020401207578
CT,CT-MAIN,5690618,OFMT 07T3-AETN IC928,5.00,,2020401207684
CT,CT-MAIN,5603151,OEMT 060405 AER 76 IC908,520.00,,2020401207714
CT,CT-MAIN,5621805,ECA-B-3 06-16C06-57 IC08,3.00,,2020401207981
CT,CT-MAIN,5603144,MM TS195-H60D-06T08 328,1.00,,2020401208285
CT,CT-MAIN,5602494,HM90 APKT 1003PDR IC908,6.00,,2020401208391
CT,CT-MAIN,5604345,MM HT100N06R2.0-2T06 IC908,1.00,,2020401208537
CT,CT-MAIN,5504859,SOMT 09T306 GF IC908,8.00,,2020401208575
CT,CT-MAIN,5604245,HBR D120-QF IC908,9.00,,2020401208643
CT,CT-MAIN,5603352,MM HC100C10R0.4-2T06 IC908,1.00,,2020401208681
CT,CT-MAIN,5604812,HP ANKT 070208 PNTR IC908,9.00,,2020401208698
CT,CT-MAIN,5622173,MM EFS100B07-4T06 IC908,1.00,,2020401208711
CT,CT-MAIN,5603947,HM90 APCR 100304PDFR-P IC908,8.00,,2020401208728
CT,CT-MAIN,5604808,MTECS 0605C19 28 UN IC908,1.00,,2020401208926
CT,CT-MAIN,5699918,EC060A10-2C06L57 IC08,40.00,,2020401208940
CT,CT-MAIN,3101903,HM90 E90A D20-3-W16,1.00,,2020401208957
CT,CT-MAIN,5622036,MM ECF45-160-6T10 IC908,26.00,,2020401208971
CT,CT-MAIN,5604102,MM HR3.0/125-6.5-2T08 IC908,1.00,,2020401208995
CT,CT-MAIN,5603442,FF WOMT 09T320T IC908,5.00,,2020401209237
CT,CT-MAIN,5602655,MT14 I 1.25 ISO IC928,1.00,,2020401209459
CT,CT-MAIN,5602659,MT14 I 1.75 ISO IC928,1.00,,2020401209473
CT,CT-MAIN,5602661,MT14 I 2.00 ISO IC928,1.00,,2020401209480
CT,CT-MAIN,5620038,EC100A22-4C10 IC08,10.00,,2020401209527
CT,CT-MAIN,5602371,REMT 1505 LM 76 IC928,10.00,,2020401209558
CT,CT-MAIN,5604795,MTECS 06016C4 56 UN IC908,3.00,,2020401209732
CT,CT-MAIN,5621186,ECF D-5/45-4C12 IC900,2.00,,2020401209978
CT,CT-MAIN,5604107,BCR D120-QT IC328,2.00,,2020401210448
CT,CT-MAIN,5650729,EC-A4 12-75C12E150 IC08,3.00,,2020401210592
CT,CT-MAIN,5603605,MT12 I 0.5 ISO IC928,1.00,,2020401210684
CT,CT-MAIN,5604240,HCR D120-QF IC908,5.00,,2020401210820
CT,CT-MAIN,5622034,MM EB200A15-4T12 IC908,1.00,,2020401210875
CT,CT-MAIN,5604252,HCD D205-090-QF IC908,1.00,,2020401211025
CT,CT-MAIN,5602364,APKT 1604PDR-76 IC928,5.00,,2020401211100
CT,CT-MAIN,5601728,SPK 53EDTR-42 IC328,10.00,,2020401211162
CT,CT-MAIN,5604023,MM HR1.6/063-6.8-2T06 908,1.00,,2020401211384
CT,CT-MAIN,5602368,XOMT 060204 HQ IC928,1.00,,2020401211414
CT,CT-MAIN,5603084,OECR 060405 AER-P IC928,13.00,HR1L20,2020401211711
CT,CT-MAIN,5695339,OFCT 07T3 AER IC910,6.00,,2020401211797
CT,CT-MAIN,5697558,OFMT 07T3 AER 76 IC928,10.00,,2020401211810
CT,CT-MAIN,5604108,BCR D160-QT IC908,1.00,,2020401211872
CT,CT-MAIN,5650189,EC-A2 010-015/20C4M55 903,2.00,,2020401212022
CT,CT-MAIN,5621810,ECA-B-3 16-32C16-92 IC08,1.00,,2020401212046
CT,CT-MAIN,5604989,MTECS 0250C49 32 UN IC908,5.00,,2020401212091
CT,CT-MAIN,5604990,MTECS 0250C75 28 UN IC908,2.00,,2020401212107
CT,CT-MAIN,3102196,MTSR 0013 J14C,1.00,,2020401212152
CT,CT-MAIN,5603733,OFCR 07T3-RW-P IC908,6.00,,2020401212312
CT,CT-MAIN,5605170,RCMT 2009-FW-T20 IC928,14.00,,2020401212466
CT,CT-MAIN,5603777,MM TS.500-N062P-06T05 IC328,10.00,,2020401212541
CT,CT-MAIN,5650202,EC-A2 015-023/06C4M45 IC903,2.00,,2020401212657
CT,CT-MAIN,5601282,APKT 1203PDR-RM IC328,20.00,,2020401212701
CT,CT-MAIN,5604811,FF WOCT 060212T IC928,5.00,,2020401212770
CT,CT-MAIN,3104644,SOF45 8/16-D050-04-22R,3.00,,2020401212787
CT,CT-MAIN,5606051,ONMU 050505-TN-MM IC808,121.00,HR1L20,2020401212800
CT,CT-MAIN,5604372,LNMT 1506PN-N-MM IC908,525.00,HR1L01,2020401212817
CT,CT-MAIN,5600046,APKT 1003PDR-HM IC50M,5.00,,2020401212961
CT,CT-MAIN,5602542,3M AXKT 1304PDR-MM IC910,2.00,,2020401213135
CT,CT-MAIN,5621327,MM EB.500A37-4T08  IC908,1.00,,2020401213265
CT,CT-MAIN,5604575,LNET 082604-TN-N IC928,10.00,,2020401213425
CT,CT-MAIN,6403753,MM GRIT 28K-2.50-0.2 IC528,1.00,,2020401213456
CT,CT-MAIN,5604816,HP ANKT 070216PNTR IC908,8.00,,2020401213470
CT,CT-MAIN,5605164,MM HDF120-090-2T06 IC908,1.00,,2020401213715
CT,CT-MAIN,5680016,EC12E18/60-3C12R02A100DH IC08,1.00,,2020401213920
CT,CT-MAIN,5606106,T490 LNMT 0804 PN-R IC808,170.00,HR1L18,2020401214071
CT,CT-MAIN,5606393,HM90 APKT 1003PDR IC808,890.00,HR1L21,2020401214095
CT,CT-MAIN,5605566,H490 ANKX 120508PNTR IC808,50.00,HR1L21,2020401214170
CT,CT-MAIN,5606056,S845 SNMU 1305ANR-MM IC808,2.00,,2020401214224
CT,CT-MAIN,5697459,ADCR 1505PDFR IC928,10.00,,2020401214453
CT,CT-MAIN,5606593,OEMT 060405 AER 76 IC808,250.00,HR1L20,2020401214613
CT,CT-MAIN,5606351,HM90 APKT 1003PDR IC830,618.00,HR1L21,2020401214620
CT,CT-MAIN,5606330,HM90 ADKT 1505PDR IC830,420.00,,2020401214637
CT,CT-MAIN,5606328,HM90 ADKT 1505PDR IC808,95.00,,2020401214644
CT,CT-MAIN,5650233,EC-A2 020-030/16C4M50 903,2.00,,2020401214651
CT,CT-MAIN,5650205,EC-A2 015-023/12C4M45 903,2.00,,2020401214668
CT,CT-MAIN,5650162,EC-A2 005-007/08C4M45 IC903,2.00,,2020401214699
CT,CT-MAIN,5622351,MM ECS-A4.00X10-2T06  908,1.00,,2020401214750
CT,CT-MAIN,5604793,MTECS 06014C3 72 UN 908,2.00,,2020401214798
CT,CT-MAIN,5650167,EC-A2 006-009/10C4M45 903,2.00,,2020401214897
CT,CT-MAIN,5650165,EC-A2 006-009/06C4M45 903,2.00,,2020401214903
CT,CT-MAIN,3104769,H490 F90AX D050-3-22-12,1.00,,2020401214910
CT,CT-MAIN,5604538,ENHT 100430 IC908,8.00,,2020401214934
CT,CT-MAIN,5604536,ENHT 100420 IC908,8.00,,2020401214958
CT,CT-MAIN,5603120,LNET 124504 TN IC928,289.00,,2020401214972
CT,CT-MAIN,5650161,EC-A2 005-007/06C4M45 903,2.00,,2020401214989
CT,CT-MAIN,5650186,EC-A2 010-015/10C4M45 903,5.00,,2020401215009
CT,CT-MAIN,5620595,EBM008A016-2C03 IC900,2.00,,2020401215016
CT,CT-MAIN,5604585,FF WOMT 060212T-M IC928,10.00,,2020401215108
CT,CT-MAIN,5605154,HM90 APKW 1003PDR IC908,5.00,,2020401215177
CT,CT-MAIN,5604231,RCMW 1607MO IC908,2.00,,2020401215252
CT,CT-MAIN,5606585,SPMT 100408TR-HQ-M IC808,8.00,,2020401215269
CT,CT-MAIN,5622781,ECA-H3 08-12/24C08CF-R02,2.00,,2020401215504
CT,CT-MAIN,5622022,MM EC200A15R1.0-4T12 IC908,1.00,,2020401215573
CT,CT-MAIN,5621682,MM EA160B10R000-3T10 IC08,1.00,,2020401215597
CT,CT-MAIN,5507877,SOMT 120408 DT IC808,5.00,,2020401215771
CT,CT-MAIN,5603248,BCR D400-QT IC328,3.00,,2020401215986
CT,CT-MAIN,5621808,ECA-B-3 12-25C12-83 IC08,3.00,,2020401216440
CT,CT-MAIN,5606957,MT12 I 1.00 ISO IC908,7.00,,2020401216785
CT,CT-MAIN,3104760,H490 E90AX D32-3-W32-12,1.00,,2020401216808
CT,CT-MAIN,5622780,ECA-H3 06-09/18C06CF-R02,2.00,,2020401216839
CT,CT-MAIN,5604318,HP ADCR 190604PDFR-P 28,4.00,,2020401216914
CT,CT-MAIN,5621806,ECA-B-3 08-20C08-63 IC08,1.00,,2020401216921
CT,CT-MAIN,5605271,HCD D120-090-QF IC908,6.00,,2020401216938
CT,CT-MAIN,"5604254
",HCD D160-090-QF IC908,5.00,,2020401217362
CT,CT-MAIN,"5620863
",EB020A04-2C03 IC900,40.00,,2020401217430
CT,CT-MAIN,"3104587
",SOF45 8/16-D100-08-32R,1.00,,2020401217447
CT,CT-MAIN,"3104798
",FF EW D40-100-W32-09-CP,1.00,,2020401217485
CT,CT-MAIN,"5606970
",MT12 19 BSPT IC908,6.00,,2020401217492
CT,CT-MAIN,"5621356
",MM EC160A12R1.0-4T10 IC908,4.00,,2020401217508
CT,CT-MAIN,"3105268
",H490 E90AX D16-2-C16-09,5.00,HR1L05,2020401217591
CT,CT-MAIN,"3105260
",H490 E90AX D20-3-C20-09,4.00,,2020401217607
CT,CT-MAIN,"3105262
",H490 E90AX D25-4-C25-09,6.00,,2020401217614
CT,CT-MAIN,5606020,H490 ANKX 090408PNTR IC830,377.00,HR1L21,2020401217638
CT,CT-MAIN,5603151,OEMT 060405 AER-7 DC9800,10.00,,2020401218017
CT,CT-MAIN,"3105289
",T490 ELN D40-4-W32-13,1.00,,2020401218093
CT,CT-MAIN,5603775,MM TS135-H30D-06T05 328,1.00,,2020401218208
CT,CT-MAIN,"5604244
",HBR D100-QF IC908,14.00,,2020401218284
CT,CT-MAIN,"5606018
",H490 ANKX 090408PNTR IC808,230.00,,2020401218314
CT,CT-MAIN,"3105294
",SOE45 8/16-D032-03-W25R,3.00,,2020401218321
CT,CT-MAIN,"5606497
",MM HCD200-120-2T12 IC908,1.00,,2020401218406
CT,CT-MAIN,"3101696
",HM90 E90A-D40-3-W32-C,1.00,,2020401218468
CT,CT-MAIN,3101922,HM90 E90A D12-1-W16,1.00,,2020402402880
CT,CT-MAIN,6000266,GFN 2 IC656,2.00,,2020411200088
CT,CT-MAIN,2300767,SGTBU 25 6G,9.00,,2020411200156
CT,CT-MAIN,6011365,GFN 3 IC354,1.00,,2020411200378
CT,CT-MAIN,6011355,GSFN 3.2 IC635,9.00,,2020411200439
CT,CT-MAIN,6002440,GTN 3 IC354,10.00,,2020411200446
CT,CT-MAIN,6002790,GFL 1.2JS-15D IC328,7.00,,2020411203324
CT,CT-MAIN,6080082,GFN 1.06J-0.05 IC928,7.00,,2020411203683
CT,CT-MAIN,7000187,SR M6X20,21.00,,2020421200016
CT,CT-MAIN,7000188,SR M6X25,299.00,,2020421200023
CT,CT-MAIN,7000216,SR 14-544,14.00,,2020421200047
CT,CT-MAIN,7000045,HW-5.0,3.00,,2020421200061
CT,CT-MAIN,7000270,T 7/51,1.00,,2020421200078
CT,CT-MAIN,7060253,A 16,10.00,,2020421200085
CT,CT-MAIN,7060315,AI 16,30.00,,2020421200092
CT,CT-MAIN,7060054,K 16,5.00,,2020421200115
CT,CT-MAIN,4300075,LR 4M,63.00,,2020421200122
CT,CT-MAIN,7060157,S 11,3.00,HR1L23,2020421200139
CT,CT-MAIN,7000168,SP 4,2.00,,2020421200146
CT,CT-MAIN,7000225,SR 16-236P,5.00,,2020421200160
CT,CT-MAIN,7000213,SR 14-541,25.00,,2020421200184
CT,CT-MAIN,7000104,RING 5,14.00,,2020421200207
CT,CT-MAIN,1000003,T 15/61,1.00,,2020421200214
CT,CT-MAIN,7000895,SR 34-512,24.00,,2020421200221
CT,CT-MAIN,7060254,A 22,7.00,,2020421200238
CT,CT-MAIN,7060295,AE 22,1.00,,2020421200252
CT,CT-MAIN,5505448,IVSN 322,25.00,HR1L23,2020421200276
CT,CT-MAIN,7000105,RING 6,13.00,,2020421200306
CT,CT-MAIN,7060121,S 22,5.00,,2020421200313
CT,CT-MAIN,1000001,SR 06,2.00,,2020421200320
CT,CT-MAIN,1000002,SR 08,70.00,,2020421200337
CT,CT-MAIN,7003194,SR 117-2011,2.00,,2020421200344
CT,CT-MAIN,7000217,SR 14-548,5.00,HR1L23,2020421200351
CT,CT-MAIN,7000402,SR 14-544/S,16.00,,2020421200368
CT,CT-MAIN,7000836,SR 34-508,10.00,,2020421200382
CT,CT-MAIN,7000894,SR 34-511,6.00,,2020421200399
CT,CT-MAIN,7000501,SR 34-513,16.00,,2020421200405
CT,CT-MAIN,7000183,SR M5X20,89.00,,2020421200412
CT,CT-MAIN,7002104,SR TC 3P,4.00,,2020421200429
CT,CT-MAIN,7000265,T 15/5,11.00,,2020421200436
CT,CT-MAIN,7002136,T 20/51,14.00,,2020421200443
CT,CT-MAIN,7000428,T 6/5,10.00,,2020421200467
CT,CT-MAIN,7000274,T 8/53,3.00,,2020421200481
CT,CT-MAIN,5560073,TSD 16R,1.00,,2020421200498
CT,CT-MAIN,5520117,TWN 423,21.00,,2020421200504
CT,CT-MAIN,4300414,SR 117-2017,30.00,,2020421200511
CT,CT-MAIN,7000090,NL 34L,41.00,,2020421200535
CT,CT-MAIN,7001923,EDG-33A,3.00,HR1L23,2020421200559
CT,CT-MAIN,7000380,SR M8X30,5.00,,2020421200566
CT,CT-MAIN,7000082,LR 4D,10.00,,2020421200573
CT,CT-MAIN,5520066,TDN 422,22.00,,2020421200580
CT,CT-MAIN,7000036,HW-2.0,8.00,,2020421200610
CT,CT-MAIN,7000824,PL 25/R1/8,2.00,,2020421200627
CT,CT-MAIN,7000250,SR 76-1022,4.00,,2020421200634
CT,CT-MAIN,7000186,SR M6X16,58.00,,2020421200641
CT,CT-MAIN,7000223,SR 16-212,2.00,,2020421200658
CT,CT-MAIN,7000224,SR 16-236,1.00,,2020421200672
CT,CT-MAIN,7001839,T 25/61,2.00,,2020421200702
CT,CT-MAIN,7001831,SR 34-515,7.00,,2020421200719
CT,CT-MAIN,7000287,SR 34-508/L,20.00,,2020421200726
CT,CT-MAIN,5560063,TVC 3-1P,1.00,,2020421200757
CT,CT-MAIN,5520054,TCN 423,3.00,,2020421200771
CT,CT-MAIN,7000818,PL 16-M6,15.00,,2020421200788
CT,CT-MAIN,7000427,SR 14-552,5.00,,2020421200795
CT,CT-MAIN,4300454,LC 252 SET 1,34.00,,2020421200801
CT,CT-MAIN,7002076,ZNW 4WI,2.00,,2020421200818
CT,CT-MAIN,7060331,AI 22U,10.00,,2020421200825
CT,CT-MAIN,7001922,EDG-44A,1.00,,2020421200832
CT,CT-MAIN,7001978,SR 14-572,40.00,,2020421200863
CT,CT-MAIN,7000039,HW-3.0,2.00,,2020421200870
CT,CT-MAIN,4300195,TSP 15R,5.00,,2020421200887
CT,CT-MAIN,7000024,ESG 0.5,6.00,,2020421200894
CT,CT-MAIN,7060056,K 27,7.00,,2020421200924
CT,CT-MAIN,7060255,A 27,7.00,,2020421200931
CT,CT-MAIN,4300439,LC 250 SET 1,1.00,,2020421200955
CT,CT-MAIN,7065006,ADE 16,10.00,,2020421200979
CT,CT-MAIN,7060343,AD 16,10.00,,2020421200986
CT,CT-MAIN,7065007,ADI 16,10.00,,2020421200993
CT,CT-MAIN,7001996,ZNW 4W,5.00,,2020421201006
CT,CT-MAIN,7000413,SR 117- 2009,3.00,,2020421201013
CT,CT-MAIN,4300393,LR 3S,3.00,,2020421201020
CT,CT-MAIN,7002061,ZNW 3W,13.00,,2020421201044
CT,CT-MAIN,5560066,IWSN 322,4.00,,2020421201051
CT,CT-MAIN,5520157,TDN 322,1.00,,2020421201068
CT,CT-MAIN,7001866,SR 14-564,11.00,,2020421201082
CT,CT-MAIN,7060160,SR 14-558,15.00,,2020421201150
CT,CT-MAIN,7065008,S16S,4.00,HR1L23,2020421201167
CT,CT-MAIN,7000811,SR 14-559,5.00,,2020421201181
CT,CT-MAIN,7000167,SP 3,4.00,,2020421201280
CT,CT-MAIN,7000823,LR 3D,1.00,,2020421201297
CT,CT-MAIN,7000203,SR 117-2014,2.00,,2020421201303
CT,CT-MAIN,3800102,SIR 0016 P16,3.00,,2020431200044
CT,CT-MAIN,3800006,SER 2525 M16,4.00,HR1L11,2020431200051
CT,CT-MAIN,5900986,16 IR14 NPT IC50M,2.00,,2020431200068
CT,CT-MAIN,5502467,VNMS 332-12 IC20,1.00,,2020431200075
CT,CT-MAIN,3800115,SIR 0010 H11,4.00,,2020431200099
CT,CT-MAIN,3800048,SIR 0020 P16,1.00,,2020431200105
CT,CT-MAIN,3800050,SIR 0025 R16,2.00,,2020431200112
CT,CT-MAIN,5920245,06 IRMA60 IC228,15.00,,2020431200136
CT,CT-MAIN,3800003,SER 2020 K16,3.00,,2020431200198
CT,CT-MAIN,3800125,SIR 0013 M16,10.00,,2020431200259
CT,CT-MAIN,5992831,16 IR14 NPT IC220,2.00,,2020431200266
CT,CT-MAIN,5901356,08 ILA55 IC228,10.00,,2020431200273
CT,CT-MAIN,5999184,22 IR 8 ABUT IC220,4.00,,2020431200372
CT,CT-MAIN,5993037,16 IR 14 NPT IC908,4.00,HR1L26,2020431200815
CT,CT-MAIN,5901523,16 IRM AG 60 IC908,90.00,,2020431200860
CT,CT-MAIN,5901519,16 ERM AG 60 IC908,435.00,,2020431200877
CT,CT-MAIN,3800239,SIR 0005 H06,2.00,,2020431201331
CT,CT-MAIN,5602680,MT40 I 1.50 ISO IC328,1.00,,2020431201492
CT,CT-MAIN,5902154,11 IR 2.00 ISO IC908,31.00,,2020431201928
CT,CT-MAIN,5921212,22 IRM N60 IC908,20.00,,2020431201980
CT,CT-MAIN,5901966,16 ER 24 UN IC908,2.00,,2020431202093
CT,CT-MAIN,5921208,22 ERM N60 IC908,15.00,,2020431202222
CT,CT-MAIN,5902021,16 IR 8 ACME IC908,10.00,,2020431202314
CT,CT-MAIN,5901101,16 IR 0.60 ISO IC50M,5.00,,2020431202482
CT,CT-MAIN,5921215,16 IRM AG 55 IC908,1.00,,2020431202543
CT,CT-MAIN,5921209,08 IRM A 60 IC908,10.00,,2020431202574
CT,CT-MAIN,5921236,16 IRM AG 60 IC808,516.00,,2020431202703
CT,CT-MAIN,5903266,16 ERM AG 60 IC808,701.00,HR1L26,2020431202710
CT,CT-MAIN,5921250,11 IRM A60 IC808,185.00,HR1L26,2020431202727
CT,CT-MAIN,5902263,16 ER 10 ABUT IC908,10.00,,2020431202741
CT,CT-MAIN,"5902148
",16 ER 20 UNJ IC908,3.00,,2020431203038
CT,CT-MAIN,"5903377
",08 IRM A 60 IC808,30.00,,2020431203069
CT,CT-MAIN,5901565,16 ERM 14W IC908,4.00,,2020432401440
CT,CT-MAIN,6700013,TGMF 404 IC656,1.00,,2020441200027
CT,CT-MAIN,6700012,TGMF 404 IC20,5.00,,2020441200065
CT,CT-MAIN,2850102,TGDL 2525 6M,1.00,,2020441200140
CT,CT-MAIN,,XTS 75644B,2.00,,2020452400034
CT,CT-MAIN,,XST 79125H,8.00,,2020452400041
CT,CT-MAIN,,RCO 25116 J,3.00,,2020452400089
CT,CT-MAIN,,RCO 25104-M,5.00,,2020452400096
CT,CT-MAIN,,SCM35300J,3.00,,2020452400126
CT,CT-MAIN,,T WRENCH,2.00,,2020452400133
CT,CT-MAIN,,SGIH 26-4,1.00,,2020452400140
CT,CT-MAIN,,GTN-2,20.00,,2020452400157
CT,CT-MAIN,,QMA 60334K,7.00,,2020452400171
CT,CT-MAIN,,S-2A,2.00,,2020461400124
CT,CT-MAIN,,BT-206 MAST JAW,1.00,,2020482300205
CT,CT-MAIN,,KSJ212-I,5.00,,2020482300342
CT,CT-MAIN,,KSJ12H - I,1.00,,2020482300380
CT,CT-MAIN,,CHUCK GREASE,7.00,,2020482300489
CT,CT-MAIN,,00008,1.00,,2020502400540
CT,CT-MAIN,,04000,1.00,,2020502400618
CT,CT-MAIN,,3P-EB,6.00,,2020521400019
CT,CT-MAIN,,BIC ACB32-14.5,1.00,,2020521400071
CT,CT-MAIN,,BT35-4,1.00,,2020521400095
CT,CT-MAIN,,BT35-5,1.00,,2020521400101
CT,CT-MAIN,,DV M5A2NS SCREW,5.00,,2020521400262
CT,CT-MAIN,,"FT35-1""",1.00,,2020521400286
CT,CT-MAIN,,FT45-1-1/4,1.00,,2020521400293
CT,CT-MAIN,,F-3,4.00,,2020521400309
CT,CT-MAIN,,F-5,10.00,,2020521400316
CT,CT-MAIN,,J10-8-65,1.00,,2020521400378
CT,CT-MAIN,,K1-1/4 MT1,4.00,,2020521400385
CT,CT-MAIN,,K1-1/4 MT2,4.00,,2020521400392
CT,CT-MAIN,,K1-1/4 MT3,5.00,,2020521400408
CT,CT-MAIN,,K1-1/4 - 3/16,5.00,,2020521400415
CT,CT-MAIN,,K1-1/4 - 5/16,1.00,,2020521400422
CT,CT-MAIN,,KM 1-1/4 - 1/2,1.00,,2020521400446
CT,CT-MAIN,,LIVE CTR COLLET 1/4,1.00,,2020521400590
CT,CT-MAIN,,LIVE CTR COLLET 1/8,1.00,,2020521400606
CT,CT-MAIN,,DV M5B2E,2.00,,2020521400675
CT,CT-MAIN,,M5L 2SCE,2.00,,2020521400682
CT,CT-MAIN,,M5S 2SCE,2.00,,2020521400699
CT,CT-MAIN,,M7L 2S,2.00,,2020521400705
CT,CT-MAIN,,M1L 2E,3.00,,2020521400729
CT,CT-MAIN,,M1L 2CE,2.00,,2020521400736
CT,CT-MAIN,,MT4 ARBOR,1.00,,2020521400781
CT,CT-MAIN,,N35 - J.6,1.00,,2020521400798
CT,CT-MAIN,,N35-MT1,2.00,,2020521400804
CT,CT-MAIN,,N35-MT2,1.00,,2020521400811
CT,CT-MAIN,,N35-MT3,1.00,,2020521400828
CT,CT-MAIN,,NQM3-35,1.00,,2020521400941
CT,CT-MAIN,,PC 20,1.00,,2020521400965
CT,CT-MAIN,,PC 50,6.00,,2020521400989
CT,CT-MAIN,,PC-60,1.00,,2020521401009
CT,CT-MAIN,,PC-60 CLAMP,29.00,,2020521401016
CT,CT-MAIN,,PS-A4,2.00,,2020521401023
CT,CT-MAIN,,TT45-MT1,1.00,,2020521401313
CT,CT-MAIN,,ZK12-10,1.00,,2020521401344
CT,CT-MAIN,,ZK12-12,1.00,,2020521401351
CT,CT-MAIN,,ZK12-5,1.00,,2020521401436
CT,CT-MAIN,,ZK 24-1S,1.00,,2020521401498
CT,CT-MAIN,,ZK24-12,2.00,,2020521401504
CT,CT-MAIN,,ZK2-3/4 (ZK24),2.00,,2020521401535
CT,CT-MAIN,,ZK2-7/8 (ZK24),3.00,,2020521401542
CT,CT-MAIN,,ZK2-9/16 (ZK24),2.00,,2020521401559
CT,CT-MAIN,,ZK38(U)1-1/4,1.00,,2020521401566
CT,CT-MAIN,,ZQ35-2,1.00,,2020521401597
CT,CT-MAIN,,CP-3,1.00,,2020521401665
CT,CT-MAIN,,NK 42-25A,1.00,,2020521401689
CT,CT-MAIN,,KM22-3/4,1.00,,2020521401856
CT,CT-MAIN,,M1B 2E,3.00,,2020521402099
CT,CT-MAIN,,J10-18-65,1.00,,2020521402198
CT,CT-MAIN,,K32-Q26-35,4.00,,2020521402662
CT,CT-MAIN,,KM22-8,2.00,,2020521402686
CT,CT-MAIN,,A-46-66,1.00,,2020521402778
CT,CT-MAIN,,D1-J6,1.00,,2020521402907
CT,CT-MAIN,,1MP-E,20.00,,2020521402921
CT,CT-MAIN,,3MP-T,8.00,,2020521403249
CT,CT-MAIN,,ZKG12-3,2.00,,2020521403287
CT,CT-MAIN,,ZK12-3/8U,1.00,,2020521403379
CT,CT-MAIN,,ZK12-10U,1.00,,2020521403386
CT,CT-MAIN,,ZK12-6U,2.00,,2020521403393
CT,CT-MAIN,,KM32-19,1.00,,2020521403690
CT,CT-MAIN,,PS-G45,1.00,,2020521403942
CT,CT-MAIN,,BT50-C32-105,1.00,,2020521403959
CT,CT-MAIN,,ZK12-10S,1.00,,2020521404024
CT,CT-MAIN,,EC 35-1/4,2.00,,2020521404055
CT,CT-MAIN,,9HC-32,12.00,,2020521404079
CT,CT-MAIN,,ZK16-4S,1.00,,2020521404086
CT,CT-MAIN,,ZK16-5S,1.00,,2020521404093
CT,CT-MAIN,,BT30-MTA1-45,2.00,,2020521404147
CT,CT-MAIN,,9HC22,4.00,,2020521404178
CT,CT-MAIN,,NPUL-8,5.00,,2020521404185
CT,CT-MAIN,,SKL-10,3.00,,2020521404208
CT,CT-MAIN,,NPUL-13,10.00,,2020521404215
CT,CT-MAIN,,SKL-6,6.00,,2020521404222
CT,CT-MAIN,,3MP-C2,4.00,,2020521404390
CT,CT-MAIN,,ZK12-3S,1.00,,2020521404413
CT,CT-MAIN,,ZK12-3/16U,1.00,,2020521404420
CT,CT-MAIN,,ZK12-3/8S,2.00,,2020521404437
CT,CT-MAIN,,ZK16-7/16U,2.00,,2020521404444
CT,CT-MAIN,,KM32-11,1.00,,2020521404512
CT,CT-MAIN,,ZK16-6S,1.00,,2020521404703
CT,CT-MAIN,,WA500M,100.00,,2020561400437
CT,CT-MAIN,,B-208 NUT,1.00,,2020561400444
CT,CT-MAIN,,GD 5/8 X 22 OAL,1.00,,2020572500034
CT,CT-MAIN,,SB1 3/8 OD X 120,1.00,,2020572500102
CT,CT-MAIN,,SB1 8 OD X 180,1.00,,2020572500119
CT,CT-MAIN,,SB2 1/2 OD X 160,1.00,,2020572500157
CT,CT-MAIN,,BB ADPTR ISO 50,3.00,,2020582100019
CT,CT-MAIN,,BB ADPTR MT4,1.00,,2020582100026
CT,CT-MAIN,,BAM ADPTR ISO 40,1.00,,2020582100057
CT,CT-MAIN,,BAM ADPTR R8,2.00,,2020582100064
CT,CT-MAIN,,BB ADPTR ISO 40,4.00,,2020582100095
CT,CT-MAIN,,BB ADPTR MT5,1.00,,2020582100101
CT,CT-MAIN,,BC2 ADPTR ISO 30,2.00,,2020582100156
CT,CT-MAIN,,BC2 ADPTR ISO40,10.00,,2020582100163
CT,CT-MAIN,,BC2 ADPTR ISO 50,2.00,,2020582100170
CT,CT-MAIN,,BC2 ADPTR MT4,2.00,,2020582100187
CT,CT-MAIN,,30M-S27M,2.00,,2020582100484
CT,CT-MAIN,,50M-EX32MM,5.00,,2020582100514
CT,CT-MAIN,,BS0 TAILSTOCK,1.00,,2020582100699
CT,CT-MAIN,,HHV 350 DIV PLATE,1.00,,2020582100712
CT,CT-MAIN,,HHV 350 TAILSTOCK,1.00,,2020582100736
CT,CT-MAIN,,HHV 250 CHK ADPTR,4.00,,2020582100958
CT,CT-MAIN,,HHV 300 DIV PLATE,1.00,,2020582101115
CT,CT-MAIN,,NT30-J6,2.00,,2020582101443
CT,CT-MAIN,,126003,1.00,,2020670900071
CT,CT-MAIN,,130001 T003673,2.00,,2020670900088
CT,CT-MAIN,,130001 T003704,1.00,,2020670900095
CT,CT-MAIN,,130001 T004256,4.00,,2020670900101
CT,CT-MAIN,,130001 T004509,1.00,,2020670900118
CT,CT-MAIN,,132010 T003542,1.00,,2020670900132
CT,CT-MAIN,,BH410 SZ-4,3.00,,2020670900149
CT,CT-MAIN,,BH418 SZ-4,1.00,,2020670900156
CT,CT-MAIN,,ISO30 X MT2,3.00,,2020670900163
CT,CT-MAIN,,ISO30 X MT4,3.00,,2020670900170
CT,CT-MAIN,,ISO40 X MT3,2.00,,2020670900187
CT,CT-MAIN,,ISO50 X FLAT,1.00,,2020670900194
CT,CT-MAIN,,ISO50 X MT5,1.00,,2020670900200
CT,CT-MAIN,,ISO50 X MT5 LONG,1.00,,2020670900217
CT,CT-MAIN,,KW15790,3.00,,2020670900224
CT,CT-MAIN,,130001 T010229,1.00,,2020670900231
CT,CT-MAIN,,115664,1.00,,2020670900347
CT,CT-MAIN,,136018,1.00,,2020670900453
CT,CT-MAIN,,130005 T013815,1.00,,2020670900477
CT,CT-MAIN,,1518 BI A30 B50,2.00,,2021161107153
CT,CT-MAIN,,1515 BI A30 B50,1.00,,2021161107177
CT,CT-MAIN,6401919,SCIL 6B-MTL007 IC1008,4.00,,2023201207649
CT,CT-MAIN,4490724,MRM-0406-75RX-BCNR6,5.00,,2023201207908
CT,CT-MAIN,,RM-02030L-020CX-CN5A-11913,1.00,,2023201208356
CT,CT-MAIN,4495744,RM-12573L-111CY-CN7A-12084,1.00,,2023201208462
CT,CT-MAIN,4445066,TP3 M6X1-6H-CAW-HS,4.00,,2023201208547
CT,CT-MAIN,4445068,TP3 M8X1.25-6H-CAW-HS,20.00,,2023201208554
CT,CT-MAIN,4445122,TP6 M2.5X0.45-6H-CCH-HEV,3.00,,2023201208820
CT,CT-MAIN,4445124,TP6 M3X0.5-6H-CCH-HEV,1.00,,2023201208837
CT,CT-MAIN,4440016,RM-SHR-1000-H7S-CS-CH 07,1.00,,2023201209568
CT,CT-MAIN,6003577,TAG N3C IC808,3.00,,2023201209674
CT,CT-MAIN,4445091,TP4 M10X1.5-6H-ACW-HS,14.00,,2023201210069
CT,CT-MAIN,4445093,TP4 M12X1.75-6H-ABW-HS,6.00,,2023201210076
CT,CT-MAIN,6404044,MIFR 8-2.00-0.20 IC908,8.00,HR1L21,2023201210496
CT,CT-MAIN,"4445087
",TP4 M6X1-6H-ACW-HS,7.00,,2023201210564
CT,CT-MAIN,,SK16-9.5,6.00,,2023201407438
CT,CT-MAIN,,26-RAC53-70,1.00,,2023201407483
CT,CT-MAIN,,ZKG12-1/8S,2.00,,2023201407605
CT,CT-MAIN,,ZKG12-1/4S,3.00,,2023201407612
CT,CT-MAIN,,GH16,1.00,,2023201408961
CT,CT-MAIN,,SKN25-B (GH),1.00,,2023201409135
CT,CT-MAIN,,11705,4.00,,2023201409241
CT,CT-MAIN,,15557,3.00,,2023201409333
CT,CT-MAIN,,15460,8.00,,2023201409593
CT,CT-MAIN,,SKN-10B,4.00,,2023201410308
CT,CT-MAIN,,SKN-6WB,13.00,,2023201410315
CT,CT-MAIN,4300512,SW 25-32,1.00,,2023461201210
CT,CT-MAIN,7002024,SR 34-506/L,7.00,,2023461202019
CT,CT-MAIN,7002213,T9/M7,5.00,,2023461202026
CT,CT-MAIN,7000854,SR 14-551,35.00,HR1L23,2023461202033
CT,CT-MAIN,7002425,PA 12,8.00,,2023461202040
CT,CT-MAIN,7002367,AV 12,10.00,,2023461202057
CT,CT-MAIN,7000238,SR 35-2011,4.00,,2023461202095
CT,CT-MAIN,7060345,AI-16-0,1.00,,2023461202187
CT,CT-MAIN,4300176,SR 20-505,20.00,,2023461202194
CT,CT-MAIN,7000892,SR 14-560,2.00,,2023461202262
CT,CT-MAIN,4304727,RING DCM 140,1.00,,2023461202309
CT,CT-MAIN,7000992,SR 14-562,3.00,,2023461202316
CT,CT-MAIN,5503106,IWSN 433M,1.00,,2023461202330
CT,CT-MAIN,7002030,SR 14-298,1.00,,2023461202484
CT,CT-MAIN,7000230,SR 17-295,5.00,,2023461202569
CT,CT-MAIN,7002773,SR 16-212-01397,1.00,HR1L23,2023461202590
CT,CT-MAIN,7002135,ZNW 3WI,2.00,,2023461202743
CT,CT-MAIN,7002662,SR 10400150,5.00,,2023461203009
CT,CT-MAIN,7002934,SR 34-533/L,4.00,,2023461203184
CT,CT-MAIN,7002377,SR 34-535,1.00,,2023461203245
CT,CT-MAIN,5520154,TWN 322,1.00,,2023461203269
CT,CT-MAIN,7002089,BLD T20/M7,14.00,,2023461203276
CT,CT-MAIN,4300479,SR 17-362,4.00,,2023461203290
CT,CT-MAIN,7001944,LC 253,1.00,,2023461203306
CT,CT-MAIN,7002495,SR 34-550,1.00,,2023461203313
CT,CT-MAIN,7002806,SCRB 103,1.00,,2023461203337
CT,CT-MAIN,7002441,SR 34-505/HG,46.00,,2023461203351
CT,CT-MAIN,5520162,IWSN 635,1.00,,2023461203405
CT,CT-MAIN,5520060,TCT 533,1.00,,2023461203412
CT,CT-MAIN,7004614,SO 30100I,8.00,,2023461203467
CT,CT-MAIN,4305308,ETG 3-4,2.00,,2023461203573
CT,CT-MAIN,7003108,SR 10400270-25.5,4.00,,2023461203610
CT,CT-MAIN,5520112,TVC 3-1,6.00,,2023461203634
CT,CT-MAIN,7002103,SR TC-3,3.00,,2023461203641
CT,CT-MAIN,5505710,RDT 433,1.00,,2023461203665
CT,CT-MAIN,7002950,SR 16-212-01397L,1.00,,2023461203672
CT,CT-MAIN,7002263,SR M5X0.8X10,4.00,,2023461203764
CT,CT-MAIN,5502597,TTN 332,14.00,,2023461203771
CT,CT-MAIN,5520219,TLN 15L-HT,5.00,,2023461203795
CT,CT-MAIN,7002076,ZNW 4WI WEDGELOCK,9.00,,2023461203801
CT,CT-MAIN,7001921,SR 76-1400,2.00,,2023461203856
CT,CT-MAIN,7001990,SR 14-601,1.00,,2023461204082
CT,CT-MAIN,7000912,SR 76-961,2.00,,2023461204136
CT,CT-MAIN,7003185,SR 34-506/M,4.00,,2023461204143
CT,CT-MAIN,7004916,SR 11800745,3.00,,2023461204150
CT,CT-MAIN,5520260,TRC 25,1.00,,2023461204198
CT,CT-MAIN,4305469,ETG 2,6.00,,2023461204303
CT,CT-MAIN,7002717,SPR 17-307,3.00,,2023461204365
CT,CT-MAIN,4513081,WRENCH M10 SEMC 22,8.00,,2023461204389
CT,CT-MAIN,5520244,TWX 4,1.00,,2023461204396
CT,CT-MAIN,7002279,K DCM-17,1.00,,2023461204433
CT,CT-MAIN,"4304863
",SR 10400052,10.00,,2023461204495
CT,CT-MAIN,7065009,S22S,8.00,,2023461204532
CT,CT-MAIN,"7000241
",SR 35-343.4,4.00,,2023461204563
CT,CT-MAIN,"7004747
",SR 11800611,10.00,,2023461204570
CT,CT-MAIN,"7004748
",LW 11800648,26.00,,2023461204587
CT,CT-MAIN,"7000000
",SR 34-535-SN,2.00,,2023461204600
CT,CT-MAIN,"7000210
",SR 14-513,2.00,,2023461204655
CT,CT-MAIN,7002906,SR 14-19/2H,3.00,,2023461204662
CT,CT-MAIN,5560133,TTN 322,1.00,,2023461204723
CT,CT-MAIN,,10315128,1.00,,2023461402280
CT,CT-MAIN,,10321819,2.00,,2023461402839
NC,NC-MAIN,,5ST-9010,3.00,HL2L12,2023462103063
NC,NC-MAIN,,DF-2C,3.00,HL2L12,2023462103100
CT,CT-MAIN,,2.5A,1.00,,2023992500011
CT,CT-MAIN,,BA60L5VF1 .775X.1,1.00,,2023992500028
CT,CT-MAIN,,"BA60L5VFBLU 2""X3/",13.00,,2023992500035
CT,CT-MAIN,,BA60LSVFBLU 1-1/2,1.00,,2023992500042
CT,CT-MAIN,,GA54-JB-V40 3-1/2,7.00,,2023992500059
CT,CT-MAIN,,GA54-L8-V40 3-1/2,2.00,,2023992500066
CT,CT-MAIN,,MOUNTING,2.00,,2023992500073
CT,CT-MAIN,,#7307J,1.00,,2023992500097
CT,CT-MAIN,,3-17/32 X 3/4,1.00,,2023992500356
CT,CT-MAIN,5520087,TSN 423,1.00,,2024831200055
CT,CT-MAIN,5503080,WOMX 3-2 GF 1C328,7.00,,2024831200109
CT,CT-MAIN,5502527,WPEX 050300L08 IC20,17.00,,2024831200222
CT,CT-MAIN,,ZK24-24S,1.00,,2025091400162
CT,CT-MAIN,5620963,ECLI-B-6 375-1.5-C375 IC900,3.00,,2028061200014
CT,CT-MAIN,6700083,TGMF 304 IC908,2.00,,2028201200102
CT,CT-MAIN,6450119,TGMF 635-080 IC808,10.00,,2028201200133
CT,CT-MAIN,5800870,BEHB82R05-235,20.00,,2028211200055
CT,CT-MAIN,3191873,16J1A-2001284R01,2.00,,2028211200147
CT,CT-MAIN,5640271,CDE 322 R004 IN6530,34.00,,2028211200161
CT,CT-MAIN,3100183,2J1B-30R01,1.00,,2028211200208
CT,CT-MAIN,7005261,12J1Q10S1R07,1.00,,2028211200239
CT,CT-MAIN,7005262,SE02-02,19.00,,2028211200246
CT,CT-MAIN,7040349,SE02-80,63.00,,2028211200253
CT,CT-MAIN,3100187,12J1B-1001780R01,1.00,,2028211200260
CT,CT-MAIN,5640273,CDE 322 R005 IN6530,10.00,,2028211200376
CT,CT-MAIN,7040122,DS-T15T,2.00,,2028211200383
CT,CT-MAIN,,Q0889222N8R02,1.00,,2028211200420
CT,CT-MAIN,7005900,SM50-122-50,10.00,,2028211200437
CT,CT-MAIN,,CUSTOM MADE,1.00,,2031161101006
VKM,VKM-MAIN,,01 401 003200 90,8.00,HL4L30,2031201400021
VKM,VKM-MAIN,,01 401 001200 90,7.00,HL4L30,2031201400045
VKM,VKM-MAIN,,71 10104 1237 00,2.00,HL4L30,2031201400069
VKM,VKM-MAIN,,71 10018 2803 00,2.00,HL4L30,2031201400076
VKM,VKM-MAIN,,71 15100 8235 00,2.00,HL4L30,2031201400106
VKM,VKM-MAIN,,01 402 003000 90,1.00,HL4L30,2031201400120
VKM,VKM-MAIN,,71 10000 3945 00,1.00,HL4L30,2031201400144
VKM,VKM-MAIN,,71 10000 3975 00,3.00,HL4L30,2031201400175
VKM,VKM-MAIN,,01 40200 4000 90,1.00,HL4L30,2031201400182
VKM,VKM-MAIN,,01 401 000900 90,2.00,HL4L30,2031201400205
VKM,VKM-MAIN,,71 10000 3972 00,9.00,HL4L30,2031201400366
VKM,VKM-MAIN,,01 401 004600 90,2.00,HL4L30,2031201400434
VKM,VKM-MAIN,,71 10333 1004 00,2.00,HL4L30,2031201400458
VKM,VKM-MAIN,,71 10104 1026 00,2.00,HL4L30,2031201400496
VKM,VKM-MAIN,,71 10345 3945 00,1.00,HL4L40,2031201400625
VKM,VKM-MAIN,,71 40409 3701 00,3.00,HL4L30,2031201400632
VKM,VKM-MAIN,,71 10022 6045 00,1.00,HL4L40,2031201400717
VKM,VKM-MAIN,,71 10022 3801 00,1.00,HL4L39,2031201400748
VKM,VKM-MAIN,,71 10022 6035 00,1.00,HL4L40,2031201400830
VKM,VKM-MAIN,,71 10300 1706 01,3.00,HL4L30,2031201400861
VKM,VKM-MAIN,,71 10742 1019 00,4.00,HL4L30,2031201400977
VKM,VKM-MAIN,,01 402 006500 90,4.00,HL4L30,2031201401042
VKM,VKM-MAIN,,71 10022 1905 00,1.00,HL4L30,2031201401073
VKM,VKM-MAIN,,71 15300 8008 00,2.00,HL4L30,2031201401202
VKM,VKM-MAIN,,71 15300 3361 00,13.00,HL4L42,2031201401219
VKM,VKM-MAIN,,71 15300 3947 00,1.00,HL4L30,2031201401295
VKM,VKM-MAIN,,71 15300 8031 00,1.00,HL4L30,2031201401356
VKM,VKM-MAIN,,71 10104 3801 02,5.00,HL4L39,2031201401493
VKM,VKM-MAIN,,71 10000 3949 10,2.00,HL4L30,2031201401523
VKM,VKM-MAIN,,71 10345 3970 00,9.00,HL4L30,2031201401752
VKM,VKM-MAIN,,71 10104 1221 02,2.00,HL4L40,2031201401967
VKM,VKM-MAIN,,71 10300 1228 00,1.00,HL4L30,2031201402230
VKM,VKM-MAIN,,71 10333 1238 00,1.00,HL4L30,2031201402322
VKM,VKM-MAIN,6791284,01 402 011000 90,2.00,HL4L30,2031201402339
VKM,VKM-MAIN,,71 10333 1204 00,1.00,HL4L30,2031201402575
VKM,VKM-MAIN,,71 10333 1015 00,3.00,HL4L30,2031201402612
VKM,VKM-MAIN,,71 10333 1013 00,1.00,HL4L30,2031201402629
VKM,VKM-MAIN,,71 10640 3801 00,4.00,HL4L40,2031201402698
VKM,VKM-MAIN,,70 302 120000 00,4.00,HL4L30,2031201402766
VKM,VKM-MAIN,,01 402 004000 90,2.00,HL4L30,2031201402773
MA,MA-MAIN,,716.16545,30.00,,2040000504571
MA,MA-MAIN,,PROTECTIVE LENS - 10010101119,23.00,HL2L27,2040000505455
MA,MA-MAIN,,CHINESE PUMP,2.00,,2040000506018
MA,MA-MAIN,,20.252,1.00,,2040000506261
MA,MA-MAIN,,LFH-600,1.00,,2040000506858
MA,MA-MAIN,,CONNECTING ROD,1.00,,2040000507183
MA,MA-MAIN,,T=3MM; W=MAX 100MM,1.00,,2040000507374
MA,MA-MAIN,,SDKE-1711 10S,2.00,,2040000507671
MA,MA-MAIN,,3.0MM; CL=0.25; KETEC,1.00,,2040000509354
MA,MA-MAIN,,4.0MM; CL=0.25; KETEC,1.00,,2040000509361
MA,MA-MAIN,,5.0MM; CL=0.25; KETEC,1.00,,2040000509378
MA,MA-MAIN,,6.50MM; CL=0.25; KETEC,1.00,,2040000509385
MA,MA-MAIN,,8.0MM;  CL=0.25; KETEC,1.00,,2040000509392
MA,MA-MAIN,,10.0MM; CL=0.25; KETEC,1.00,,2040000509408
MA,MA-MAIN,,12.70MM; CL=0.25; KETEC,1.00,,2040000509415
MA,MA-MAIN,,3.0 X 3.0MM; CL=0.25; KETEC,1.00,,2040000509422
MA,MA-MAIN,,15.0 X 15.0MM; CL=0.25; KETEC,1.00,,2040000509491
MA,MA-MAIN,,25.0 X 80.0MM; KETEC,1.00,,2040000509590
MA,MA-MAIN,,3.50MM; CL=0.25; KETEC,1.00,,2040000511173
MA,MA-MAIN,,4.50MM; CL=0.25; KETEC,1.00,,2040000511203
MA,MA-MAIN,,5.50MM; CL=0.25; KETEC,1.00,,2040000511227
MA,MA-MAIN,,6.0MM; CL=0.25; KETEC,1.00,,2040000511234
MA,MA-MAIN,,7.0MM; CL=0.25; KETEC,1.00,,2040000511258
MA,MA-MAIN,,9.0MM; CL=0.25; KETEC,1.00,,2040000511289
MA,MA-MAIN,,7.0 X 7.0MM; CL=0.25; KETEC,1.00,,2040000511302
MA,MA-MAIN,,5.0 X 5.0MM; CL=0.25; KETEC,1.00,,2040000511326
MA,MA-MAIN,,2.0 X 10.0MM; CL=0.25; KETEC,1.00,,2040000511333
MA,MA-MAIN,,3.0 X 10.0MM; CL=0.25; KETEC,1.00,,2040000511340
MA,MA-MAIN,,13.0MM; CL=0.25; KETEC,1.00,,2040000511357
MA,MA-MAIN,,15.0MM; CL=0.25; KETEC,1.00,,2040000511364
MA,MA-MAIN,,20.0MM; CL=0.25; KETEC,1.00,,2040000511388
MA,MA-MAIN,,5.0 X 30.0MM; CL=0.25; KETEC,1.00,,2040000511395
MA,MA-MAIN,,10.0 X 10.0MM; CL=0.25; KETEC,1.00,,2040000511401
MA,MA-MAIN,,12.0 X 12.0MM; CL=0.25; KETEC,1.00,,2040000511418
MA,MA-MAIN,,20.0 X 20.0MM; CL=0.25; KETEC,1.00,,2040000511432
MA,MA-MAIN,,5.0 X 50.0MM; KETEC,2.00,,2040000511449
MA,MA-MAIN,,5.0 X 80.0MM; KETEC,2.00,,2040000511456
MA,MA-MAIN,,5.30 X 50.30MM; CL=0.30; KETEC,1.00,,2040000511463
MA,MA-MAIN,,5.30 X 80.30MM; CL=0.30; KETEC,2.00,,2040000511470
MA,MA-MAIN,,CAP,4.00,HL2L25,2040000512576
MA,MA-MAIN,,SEAL - FOC,1.00,HL2L25,2040000515898
MA,MA-MAIN,,FOCUS LENS - BMH109,1.00,HL2L38,2040000517670
MA,MA-MAIN,,FILTER - WC67K 125T,3.00,HL2L25,2040000517908
MA,MA-MAIN,,OIL CYLINDER (R) QC12K-8MM,1.00,,2040000518530
MA,MA-MAIN,,OIL CYLINDER (L) - QC12K 8MM,1.00,,2040000518547
MA,MA-MAIN,,VALVE - MNR;R900561274,2.00,,2040000518554
MA,MA-MAIN,,ENCODER - ENC-360-A-M-2,5.00,HL2L25,2040000518561
MA,MA-MAIN,,CONTROLLER - E21S,1.00,HL2L25,2040000518578
MA,MA-MAIN,,OIL CYLINDER (R) QC12K-6MM,1.00,,2040000518592
MA,MA-MAIN,,OIL CYLINDER (L) QC12K-6MM,1.00,,2040000518608
MA,MA-MAIN,,VALVE MNR;R900461282,1.00,,2040000518615
MA,MA-MAIN,,SWITCH - TELEMEVANIQUE XCK-M.C,10.00,HL2L25,2040000518622
MA,MA-MAIN,,LIMIT SWITCH - KM12-04NB,9.00,HL2L25,2040000518639
MA,MA-MAIN,,FILTER ELEMENT QC12K-6MM,5.00,HL2L25,2040000518646
MA,MA-MAIN,,SUCTION FILTER QC12K-6MM,3.00,HL2L25,2040000518653
MA,MA-MAIN,,FILTER ELEMENT WC67K 125T,5.00,HL2L25,2040000518660
MA,MA-MAIN,,BUTTERFLY SPRING - GJCNC-BP-30,11.00,HL2L25,2040000518882
MA,MA-MAIN,,10.108 1*835 W/ L & R EAR,2.00,,2040000518899
MA,MA-MAIN,,HOLD DOWN QC12K 8X3200,2.00,,2040000519414
MA,MA-MAIN,,VALVE - FOC,1.00,HL2L25,2040000520106
MA,MA-MAIN,,0911050072,1.00,HL2L26,2040000520212
MA,MA-MAIN,,HYDRAULIC HOSE-HGSK 16X6100,1.00,HL2L28,2040000521486
MA,MA-MAIN,,SOLENOID VALVE FOR CFFC-3015D,2.00,HL2L28,2040000521493
MA,MA-MAIN,,PIPE - FOC,1.00,HL2L25,2040000522070
MA,MA-MAIN,,221080,1.00,,2040001400483
MA,MA-MAIN,,44448914,1.00,,2040001404696
MA,MA-MAIN,,74451371,2.00,,2040001407680
MA,MA-MAIN,,271V20 8.0 X 8.0; CL=1.0,1.00,HL2L20,2040001408335
MA,MA-MAIN,,74815127,1.00,HL2L24,2040001408878
MA,MA-MAIN,,42F040 5.0 X 30.0,1.00,HL2L23,2040001409745
MA,MA-MAIN,,86631022,1.00,HL2L24,2040001409868
MA,MA-MAIN,,76405724,1.00,HL2L24,2040001409875
MA,MA-MAIN,,261020 X 3.14; CL=0.14,1.00,,2040001409905
MA,MA-MAIN,,261020 X 3.20; CL=0.20,1.00,,2040001409912
MA,MA-MAIN,,261020 X 3.30; CL=0.30,1.00,,2040001409929
MA,MA-MAIN,,261020 X 3.34; CL=0.14,1.00,,2040001409936
MA,MA-MAIN,,261020 X 3.40; CL=0.20,1.00,,2040001409943
MA,MA-MAIN,,261020 X 3.50; CL=0.30,1.00,,2040001409950
MA,MA-MAIN,,261020 X 4.14; CL=0.14,1.00,,2040001409967
MA,MA-MAIN,,261020 X 4.20; CL=0.20,1.00,,2040001409974
MA,MA-MAIN,,261020 X 4.30; CL=0.30,1.00,,2040001409981
MA,MA-MAIN,,261020 X 4.40; CL=0.40,1.00,,2040001409998
MA,MA-MAIN,,261020 X 5.14; CL=0.14,1.00,,2040001410000
MA,MA-MAIN,,261020 X 5.20; CL=0.20,3.00,,2040001410017
MA,MA-MAIN,,261020 X 5.30; CL=0.30,1.00,,2040001410024
MA,MA-MAIN,,261020 X 5.40; CL=0.40,1.00,,2040001410031
MA,MA-MAIN,,261020 X 6.14; CL=0.14,1.00,,2040001410048
MA,MA-MAIN,,261020 X 6.20; CL=0.20,2.00,,2040001410055
MA,MA-MAIN,,261020 X 6.30; CL=0.30,1.00,,2040001410062
MA,MA-MAIN,,261020 X 6.40; CL=0.40,1.00,,2040001410079
MA,MA-MAIN,,261020 X 6.49; CL=0.14,1.00,,2040001410086
MA,MA-MAIN,,INDICATE - RAC963,1.00,HL2L25,2040001410109
MA,MA-MAIN,,261020 X 6.55; CL=0.20,2.00,,2040001410130
MA,MA-MAIN,,261020 X 6.65; CL=0.30,1.00,,2040001410147
MA,MA-MAIN,,261020 X 6.75; CL=0.40,1.00,,2040001410154
MA,MA-MAIN,,261020 X 8.14; CL=0.14,1.00,,2040001410161
MA,MA-MAIN,,261020 X 8.20; CL=0.20,1.00,,2040001410178
MA,MA-MAIN,,261020 X 8.30; CL=0.30,1.00,,2040001410185
MA,MA-MAIN,,261020 X 8.40; CL=0.40,1.00,,2040001410192
MA,MA-MAIN,,261020 X 8.60; CL=0.60,1.00,,2040001410208
MA,MA-MAIN,,261020 X 9.67; CL=0.14,1.00,,2040001410215
MA,MA-MAIN,,261020 X 9.73; CL=0.20,1.00,,2040001410222
MA,MA-MAIN,,261020 X 9.83; CL=0.30,1.00,,2040001410239
MA,MA-MAIN,,261020 X 9.93; CL=0.40,1.00,,2040001410246
MA,MA-MAIN,,261020 X 10.14; CL=0.14,1.00,,2040001410253
MA,MA-MAIN,,261020 X 10.20; CL=0.20,1.00,,2040001410260
MA,MA-MAIN,,261020 X 10.30; CL=0.30,1.00,,2040001410277
MA,MA-MAIN,,261020 X 10.40; CL=0.40,1.00,,2040001410284
MA,MA-MAIN,,261020 X 11.25; CL=0.14,1.00,,2040001410291
MA,MA-MAIN,,261020 X 11.31; CL=0.20,1.00,,2040001410307
MA,MA-MAIN,,261020 X 11.41; CL=0.30,1.00,,2040001410314
MA,MA-MAIN,,261020 X 11.51; CL=0.40,1.00,,2040001410321
MA,MA-MAIN,,261020 X 12.14; CL=0.14,1.00,,2040001410338
MA,MA-MAIN,,261020 X 12.20; CL=0.20,1.00,,2040001410345
MA,MA-MAIN,,261020 X 12.30; CL=0.30,1.00,,2040001410352
MA,MA-MAIN,,261020 X 12.40; CL=0.40,1.00,,2040001410369
MA,MA-MAIN,,261020 X 12.84; CL=0.14,1.00,,2040001410376
MA,MA-MAIN,,261020 X 12.90; CL=0.20,1.00,,2040001410383
MA,MA-MAIN,,261020 X 13.0; CL=0.30,1.00,,2040001410390
MA,MA-MAIN,,261020 X 13.10; CL=0.40,1.00,,2040001410406
MA,MA-MAIN,,261040 X 16.14; CL=0.14,1.00,,2040001410413
MA,MA-MAIN,,261040 X 16.20; CL=0.20,1.00,,2040001410420
MA,MA-MAIN,,261040 X 16.30; CL=0.30,1.00,,2040001410437
MA,MA-MAIN,,261040 X 16.40; CL=0.40,1.00,,2040001410444
MA,MA-MAIN,,261040 X 19.14; CL=0.14,1.00,,2040001410451
MA,MA-MAIN,,261040 X 19.20; CL=0.20,1.00,,2040001410468
MA,MA-MAIN,,261040 X 19.30; CL=0.30,1.00,,2040001410475
MA,MA-MAIN,,261040 X 19.40; CL=0.40,1.00,,2040001410482
MA,MA-MAIN,,261040 X 25.14; CL=0.14,1.00,,2040001410499
MA,MA-MAIN,,261040 X 25.20; CL=0.20,1.00,,2040001410505
MA,MA-MAIN,,261040 X 25.30; CL=0.30,1.00,,2040001410512
MA,MA-MAIN,,261040 X 25.40; CL=0.40,1.00,,2040001410529
MA,MA-MAIN,,261040 X 25.60; CL=0.60,1.00,,2040001410536
MA,MA-MAIN,,271020 6.14 X 6.14; CL=0.14,1.00,,2040001410550
MA,MA-MAIN,,271020 6.20 X 6.20; CL=0.20,1.00,,2040001410567
MA,MA-MAIN,,271020 6.30 X 6.30; CL=0.30,1.00,,2040001410574
MA,MA-MAIN,,271020 6.40 X 6.40; CL=0.40,1.00,,2040001410581
MA,MA-MAIN,,271020 8.14 X 8.14; CL=0.14,1.00,,2040001410598
MA,MA-MAIN,,271020 8.20 X 8.20; CL=0.20,1.00,,2040001410604
MA,MA-MAIN,,271020 8.30 X 8.30; CL=0.30,1.00,,2040001410611
MA,MA-MAIN,,271020 8.40 X 8.40; CL=0.40,1.00,,2040001410628
MA,MA-MAIN,,271040 10.14 X 10.14; CL=0.14,1.00,,2040001410635
MA,MA-MAIN,,271040 10.20 X 10.20; CL=0.20,1.00,,2040001410642
MA,MA-MAIN,,271040 10.30 X 10.30; CL=0.30,1.00,,2040001410659
MA,MA-MAIN,,271040 10.40 X 10.40; CL=0.40,1.00,,2040001410666
MA,MA-MAIN,,271040 12.14 X 12.14; CL=0.14,1.00,,2040001410673
MA,MA-MAIN,,271040 12.20 X 12.20; CL=0.20,1.00,,2040001410680
MA,MA-MAIN,,271040 12.30 X 12.30; CL=0.30,1.00,,2040001410697
MA,MA-MAIN,,271040 12.40 X 12.40; CL=0.40,1.00,,2040001410703
MA,MA-MAIN,,271040 16.14 X 16.14; CL=0.14,1.00,,2040001410710
MA,MA-MAIN,,271040 16.20 X 16.20; CL=0.20,1.00,,2040001410727
MA,MA-MAIN,,271040 16.30 X 16.30; CL=0.30,1.00,,2040001410734
MA,MA-MAIN,,271040 16.40 X 16.40; CL=0.40,1.00,,2040001410741
MA,MA-MAIN,,271040 20.14 X 20.14; CL=0.14,1.00,,2040001410758
MA,MA-MAIN,,271040 20.20 X 20.20; CL=0.20,1.00,,2040001410765
MA,MA-MAIN,,271040 20.30 X 20.30; CL=0.30,1.00,,2040001410772
MA,MA-MAIN,,271040 20.40 X 20.40; CL=0.40,1.00,,2040001410789
MA,MA-MAIN,,271040 20.60 X 20.60; CL=0.60,1.00,,2040001410802
MA,MA-MAIN,,76130005,1.00,HL2L24,2040001411113
MA,MA-MAIN,,74901411,2.00,HL2L24,2040001411694
MA,MA-MAIN,,261020 X 2.54; CL=0.14,1.00,HL2L20,2040001412042
MA,MA-MAIN,,261020 X 2.60; CL=0.20,1.00,HL2L20,2040001412059
MA,MA-MAIN,,261020 X 2.70; CL=0.30,1.00,HL2L20,2040001412066
MA,MA-MAIN,,261020 X 4.94; CL=0.14,1.00,HL2L20,2040001412073
MA,MA-MAIN,,261020 X 5.0; CL=0.20,1.00,HL2L20,2040001412080
MA,MA-MAIN,,261020 X 5.10; CL=0.30,1.00,HL2L20,2040001412097
MA,MA-MAIN,,261020 X 5.20; CL=0.40,1.00,,2040001412103
MA,MA-MAIN,,261020 X 10.13; CL=0.60,1.00,HL2L20,2040001412141
MA,MA-MAIN,,261020 X 13.30; CL=0.60,1.00,HL2L20,2040001412158
MA,MA-MAIN,,261040 X 1.80; CL=0.20,1.00,HL2L20,2040001412165
MA,MA-MAIN,,261040 X 1.90; CL=0.30,1.00,HL2L20,2040001412172
MA,MA-MAIN,,261040 X 2.20; CL=0.20,1.00,HL2L20,2040001412189
MA,MA-MAIN,,261040 X 2.30; CL=0.30,1.00,HL2L20,2040001412196
MA,MA-MAIN,,261040 X 14.44; CL=0.14,1.00,HL2L20,2040001412202
MA,MA-MAIN,,261040 X 14.90; CL=0.60,1.00,HL2L20,2040001412219
MA,MA-MAIN,,261040 X 19.60; CL=0.60,2.00,HL2L20,2040001412226
MA,MA-MAIN,,261040 X 20.14; CL=0.14,1.00,HL2L20,2040001412233
MA,MA-MAIN,,261040 X 20.60; CL=0.60,1.00,HL2L20,2040001412240
MA,MA-MAIN,,271020 5.20 X 5.20; CL=0.20,1.00,HL2L20,2040001412257
MA,MA-MAIN,,271040 5.0 X 20.20; CL=0.20,1.00,HL2L20,2040001412264
MA,MA-MAIN,,271040 5.0 X 25.20; CL=0.20,1.00,HL2L20,2040001412271
MA,MA-MAIN,,271040 6.40 X 25.40; CL=0.40,1.00,HL2L20,2040001412288
MA,MA-MAIN,,74454002,2.00,HL2L24,2040001412424
MA,MA-MAIN,,44236642,1.00,,2040001413315
MA,MA-MAIN,,261V20 X 11.50; CL=0.50,2.00,HL2L20,2040001413841
MA,MA-MAIN,,74732569,2.00,,2040001415999
MA,MA-MAIN,,OPERATION PANEL - FOC,1.00,HL2L25,2040001416514
MA,MA-MAIN,,76111925,1.00,,2040001416934
MA,MA-MAIN,,422040 2.0 X 10.0,1.00,HL2L23,2040001417535
MA,MA-MAIN,,36388220,1.00,HL2L21,2040001417610
MA,MA-MAIN,,36326430,1.00,,2040001418136
MA,MA-MAIN,,71570026,1.00,HL2L24,2040001419430
MA,MA-MAIN,,71380165,1.00,HL2L24,2040001420238
MA,MA-MAIN,,36543929,1.00,HL2L21,2040001420474
MA,MA-MAIN,,74776932,1.00,,2040001420481
MA,MA-MAIN,,74776925,1.00,HL2L24,2040001420498
MA,MA-MAIN,,74776927,1.00,HL2L24,2040001420504
MA,MA-MAIN,,74776937,1.00,HL2L24,2040001420511
MA,MA-MAIN,,74183427,1.00,HL2L24,2040001420528
MA,MA-MAIN,,74159523,1.00,HL2L24,2040001420535
MA,MA-MAIN,,271V20 3.60 X 10.60; CL=0.60,1.00,HL2L20,2040001420627
MA,MA-MAIN,,271V20 6.80 X 10.30; CL=0.30,1.00,HL2L20,2040001420900
MA,MA-MAIN,,271V20 6.95 X 10.45; CL=0.45,1.00,HL2L20,2040001420917
MA,MA-MAIN,,271V20 7.10 X 10.60; CL=0.60,1.00,HL2L20,2040001420924
MA,MA-MAIN,,02FZ60 4.0 X 50.0,2.00,,2040001421365
MA,MA-MAIN,,36541601,2.00,HL2L21,2040001421754
MA,MA-MAIN,,74902069,1.00,HL2L34,2040001421891
MA,MA-MAIN,,261V20 X 7.70; CL=0.70,1.00,,2040001422300
MA,MA-MAIN,,716.16162,1.00,,2040001504709
MA,MA-MAIN,,220747,4.00,,2040001505041
MA,MA-MAIN,,220340,4.00,,2040001505102
MA,MA-MAIN,,716.16170,1.00,,2040001505287
MA,MA-MAIN,,306.07001,1.00,,2040001505812
MA,MA-MAIN,,716.16164,1.00,,2040001508721
MA,MA-MAIN,,FUSE 3A,1.00,HL2L26,2040001520976
MA,MA-MAIN,,FUSE 10A,1.00,HL2L26,2040001520983
MA,MA-MAIN,,44567203,4.00,HL2L23,2040001601637
MA,MA-MAIN,,32A54,4.00,,2040001602146
MA,MA-MAIN,,WA 46 K,2.00,,2040001602825
MA,MA-MAIN,,TELLUS 32,1.00,,2040001602887
MA,MA-MAIN,,A08B-0084-D027,1.00,,2040001603006
MA,MA-MAIN,,WA 60HK,2.00,,2040001603082
MA,MA-MAIN,,4GB,2.00,,2040001603884
MA,MA-MAIN,,NES-350-24V,1.00,,2040001603891
MA,MA-MAIN,,MY4; 24VAC,3.00,,2040001603921
MA,MA-MAIN,,MY3; 24VDC,1.00,,2040001603938
MA,MA-MAIN,,512MB,9.00,,2040001603969
MA,MA-MAIN,,HYPLUS 46-P,1.00,,2040001604058
MA,MA-MAIN,,LITHIUM BATTERY- ER6V/3.6V,1.00,,2040001606779
MA,MA-MAIN,,TELLUS 100,4.00,,2040001615962
MA,MA-MAIN,,80X95X9 UN,2.00,HL2L34,2040001616945
MA,MA-MAIN,,15KVA; 3PH; 60HZ,1.00,,2040001617195
MA,MA-MAIN,,NBR90 NOK,1.00,HL2L34,2040001618284
MA,MA-MAIN,,85X100X9,1.00,HL2L34,2040001619342
MA,MA-MAIN,,95X108X6/8.5,1.00,HL2L34,2040001619373
MA,MA-MAIN,,15X2.5X31,2.00,HL2L34,2040001619380
MA,MA-MAIN,,O RING - 3 X 53,8.00,HL2L34,2040001620430
MA,MA-MAIN,,3X114,2.00,HL2L34,2040001621000
MA,MA-MAIN,,STAINLESS SCREW ALLEN BUTTON,6.00,HL2L34,2040001621017
MA,MA-MAIN,,STAINLESS SCREW ALLEN CAP,1.00,HL2L34,2040001621024
MA,MA-MAIN,,601-4602800,1.00,HL2L34,2040001621505
MA,MA-MAIN,,601-4607700,1.00,HL2L34,2040001621512
MA,MA-MAIN,,038X3N70G,1.00,HL2L34,2040001621529
MA,MA-MAIN,,65X78X5/12.5,2.00,HL2L34,2040001621741
MA,MA-MAIN,,FUSE,4.00,,2040001702785
MA,MA-MAIN,,MR-BAT MAEJ500,1.00,HL2L32,2040001715280
MA,MA-MAIN,,MANDREL 31.8DIA X 1.5T,1.00,,2040002104045
MA,MA-MAIN,,EGP505BM1IH,1.00,,2040002105530
MA,MA-MAIN,,LUDCV12CY,1.00,,2040002105554
MA,MA-MAIN,,LUDCV11ACY,8.00,,2040002105561
MA,MA-MAIN,,01A011062ZQ,5.00,,2040002105639
MA,MA-MAIN,,01A004342RQ,1.00,HL2L34,2040002106223
MA,MA-MAIN,,SHAFT - GOT-300,1.00,,2040002106797
MA,MA-MAIN,,01A026091HQ,1.00,,2040002106872
MA,MA-MAIN,,VBB084,1.00,,2040002107466
MA,MA-MAIN,,01A05895SQ,1.00,HL2L34,2040002117892
MA,MA-MAIN,,01A058394SQ,1.00,HL2L34,2040002120182
MA,MA-MAIN,,01A058497SQ,1.00,HL2L34,2040002120199
MA,MA-MAIN,,MBM5700,1.00,HL2L32,2040002403766
MA,MA-MAIN,,FLTMLTLVP0911,4.00,,2040002403773
CT,CT-MAIN,,K12-J57,2.00,,2040112400143
MA,MA-MAIN,,936000,2.00,HL2L24,2040201400047
MA,MA-MAIN,,71500511,1.00,,2040201400085
MA,MA-MAIN,,311040 X 28.58,1.00,HL2L22,2041361400298
MA,MA-MAIN,,915000 X 0.4,2.00,,2041361400373
MA,MA-MAIN,,900130,1.00,,2041361400571
MA,MA-MAIN,,121080 36.2X74.2,2.00,,2041361400601
MA,MA-MAIN,,318040 X 19.0,2.00,,2041361400762
MA,MA-MAIN,,321080 58.5 X 46.8,1.00,,2041361400809
MA,MA-MAIN,,321080 57.5 X 51.0,1.00,,2041361400830
MA,MA-MAIN,,318030 X 4.5,1.00,,2041361400885
MA,MA-MAIN,,311040 X 18.0,1.00,HL2L22,2041361400960
MA,MA-MAIN,,318040 X 25.4,1.00,,2041361400984
MA,MA-MAIN,,311040 X 31.70,1.00,,2041361400991
MA,MA-MAIN,,311060 X 38.0,1.00,,2041361401035
MA,MA-MAIN,,311060 X 44.45,1.00,,2041361401042
MA,MA-MAIN,,128099 X 4,1.00,HL2L20,2041361401073
MA,MA-MAIN,,148099 X 20,1.00,,2041361401134
MA,MA-MAIN,,411030 X 3.5,1.00,,2041361402551
MA,MA-MAIN,,411030X9,1.00,,2041361402568
MA,MA-MAIN,,428040 5X30*,1.00,,2041361402698
MA,MA-MAIN,,411020 X 4.8,1.00,,2041361402704
MA,MA-MAIN,,452 X 835 MM,1.00,,2041371400196
MA,MA-MAIN,,16 X 835 MM,4.00,,2041371400233
MA,MA-MAIN,,421080 5.0 X 85.0,1.00,,2041411400087
MA,MA-MAIN,,901430,4.00,,2041411400100
MA,MA-MAIN,,901210,4.00,,2041411400124
MA,MA-MAIN,,323 X 415 MM,5.00,,2041431400203
MA,MA-MAIN,,OB-31 CRAB BOLT,6.00,,2041592200056
MA,MA-MAIN,,FE BM3RHB-025,1.00,,2042111400049
MA,MA-MAIN,,74565783,1.00,,2042111400285
MA,MA-MAIN,,74565782,1.00,,2042111400292
MA,MA-MAIN,,74565774,3.00,,2042111400308
MA,MA-MAIN,,74383687,2.00,,2042131401767
MA,MA-MAIN,,940500,2.00,,2043201402851
NC,NC-MAIN,,08.01.00061,1.00,HL2L10,2043201800688
MA,MA-MAIN,,PI695,1.00,,2043202202696
MA,MA-MAIN,,ROTARY TABLE,1.00,,2043202202702
MA,MA-MAIN,,STANDARD MECHANICAL CLAMP,1.00,,2043460507458
MA,MA-MAIN,,6CRW2SI (LGSK 6 X 3050),6.00,,2043460508080
MA,MA-MAIN,,SWITCH - QC12K 6X3200,7.00,,2043460509155
MA,MA-MAIN,,6CRW2SI (QC12K 6 X 2500),1.00,,2043460509353
MA,MA-MAIN,,6CRW2SI (QC12Y 8 X 3200),2.00,,2043460509445
MA,MA-MAIN,,0165R010BN3HC,2.00,,2043460510182
MA,MA-MAIN,,T10*4720*25,3.00,HL2L30,2043460510199
MA,MA-MAIN,,DF-AD-613-C1717,1.00,,2043460510212
MA,MA-MAIN,,SERVO MOTOR - LGSK 6 X 3050,1.00,,2043460510915
MA,MA-MAIN,,COUPLING-WEHK110/3100,6.00,,2043460510960
MA,MA-MAIN,,BLACK PLUG,1.00,,2043460511325
MA,MA-MAIN,,GRAY PLUG,1.00,,2043460511332
MA,MA-MAIN,,DIA=7.8; L=50MM,3.00,,2043460511356
MA,MA-MAIN,,SERVO MOTOR - PBA110/3100,2.00,HL2L27,2043460511387
MA,MA-MAIN,,BOLT - WEH110/3100,4.00,,2043460511578
MA,MA-MAIN,,CLAMP SENSOR - HPI-3044,2.00,,2043460512223
MA,MA-MAIN,,SCREW #3 - PBA 110/3100,30.00,,2043460512575
MA,MA-MAIN,,POTENTIOMETER - LGSK 6 X 3050,1.00,,2043460512728
MA,MA-MAIN,,DW-DD-625-M8,3.00,,2043460512803
MA,MA-MAIN,,SERVO DRIVER - PBA 110/3100,1.00,,2043460513718
MA,MA-MAIN,,PREFILL VALVE - WEHK 11 X 3100,2.00,,2043460513961
MA,MA-MAIN,,PROXIMITY SENSOR - PBA 110/310,1.00,,2043460513978
MA,MA-MAIN,,RIGHT CYLINDER - WEHK 110/3100,2.00,,2043460514203
MA,MA-MAIN,,LEFT CYLINDER - WEHK 110/3100,3.00,,2043460514210
MA,MA-MAIN,,PROPORTIONAL VALVE-PBB110/3100,4.00,,2043460514319
MA,MA-MAIN,,TRANSFORMER - HSS 6 X 3200,1.00,,2043460514975
MA,MA-MAIN,,OIL FILTER - PBB 350/3100,1.00,,2043460515248
MA,MA-MAIN,,LEFT CYL SEAL KIT-PBA110X3100,4.00,,2043460515286
MA,MA-MAIN,,SENSOR - HPI 3048,4.00,,2043460515309
MA,MA-MAIN,,PROPORTIONAL VALVE-PBH110X3100,1.00,HL2L27,2043460515903
MA,MA-MAIN,,E21-D,2.00,,2043460517389
MA,MA-MAIN,,ENCODER - WEHK 110/3100,16.00,HL2L26,2043460517921
MA,MA-MAIN,,5A-250VAC,10.00,,2043460518126
MA,MA-MAIN,,FOOT PEDAL - WEHK,2.00,,2043460518133
MA,MA-MAIN,,FOOT PEDAL - PBB,2.00,,2043460518140
MA,MA-MAIN,,ACCUMULATOR - QC12K,2.00,,2043460518157
MA,MA-MAIN,,PIPE JOINT - WEHK 160 X 3100,1.00,,2043460518423
MA,MA-MAIN,,IDEC RU2S-D-D24,6.00,HL2L26,2043460519109
MA,MA-MAIN,,IDEC RU4S-D-D24,10.00,HL2L26,2043460519116
MA,MA-MAIN,,FILTER ELEMENT - HPI-3044,1.00,,2043460519123
MA,MA-MAIN,,LIMIT SWITCH-WEHK 100 X 3100,5.00,,2043460519130
MA,MA-MAIN,,ENCODER- CHA-1G-50BM-G1E,3.00,,2043460519147
MA,MA-MAIN,,FITTING ELBOW-WEHK110X3100,2.00,,2043460519154
MA,MA-MAIN,,145*157*8.2/13,3.00,,2043460519260
MA,MA-MAIN,,145*160.1/6.3,6.00,,2043460519277
MA,MA-MAIN,,145*150.15,6.00,,2043460519284
MA,MA-MAIN,,151*130*8.1,3.00,,2043460519291
MA,MA-MAIN,,146*151*15,6.00,,2043460519307
MA,MA-MAIN,,P185,1.00,,2043460519314
MA,MA-MAIN,,110.00X125.10X6.30,1.00,,2043460519338
MA,MA-MAIN,,174.00X195.00X8.10,1.00,,2043460519345
MA,MA-MAIN,,110.00X115.00X15.00,4.00,,2043460519352
MA,MA-MAIN,,190.00X195.00X15.00,2.00,,2043460519369
MA,MA-MAIN,,LIMIT SWITCH - HSS 6 X 3200,4.00,,2043460519710
MA,MA-MAIN,,SERVO MOTOR - PBA X 3100,1.00,,2043460519819
MA,MA-MAIN,,LIMIT SWITCH - QC12K 6X3200,4.00,,2043460520006
MA,MA-MAIN,,CONTACTOR - HPI 3048,1.00,,2043460520082
MA,MA-MAIN,,POWER SUPPLY - HPI 3048,3.00,,2043460520099
MA,MA-MAIN,,GREASE POINT-LGSK6X3050,10.00,,2043460520440
MA,MA-MAIN,,DF-AD-603-C1717,4.00,HL2L26,2043460520570
MA,MA-MAIN,,POWER SUPPLY-LGS13X3050,1.00,,2043460520792
MA,MA-MAIN,,GREASE GUN,1.00,,2043460520921
MA,MA-MAIN,,SEAL KIT - HSS 6X3200,1.00,,2043460520938
MA,MA-MAIN,,FILTER - PBA350 X 3100,2.00,,2043460521010
MA,MA-MAIN,,TIMING BELT - LGSK 6 X 3050,1.00,,2043460521065
MA,MA-MAIN,,DUST RING - WEHK110X3100,1.00,,2043460521072
MA,MA-MAIN,,O-RING P110 - WEHK110X3100,1.00,,2043460521089
MA,MA-MAIN,,O-RING G125 - WEHK110X3100,1.00,,2043460521096
MA,MA-MAIN,,O-RING G170 - WEHK110X3100,1.00,,2043460521102
MA,MA-MAIN,,STEP RING GSJ1500,1.00,,2043460521119
MA,MA-MAIN,,STEP RING S09,1.00,,2043460521126
MA,MA-MAIN,,SQUARE RING - WEHK110X3100,1.00,,2043460521133
MA,MA-MAIN,,GUIDE RING F01-150,2.00,,2043460521140
MA,MA-MAIN,,GUIDE RING F01-160,2.00,,2043460521157
MA,MA-MAIN,,T10*3310*25,1.00,,2043460521362
MA,MA-MAIN,,ENCODER COUPLING-WEHK110,1.00,HL2L26,2043460521416
MA,MA-MAIN,,ELBOW FITTINGS - WEHK110,1.00,,2043460521430
MA,MA-MAIN,,SOLENOID VALVE-LGSK6X4050,2.00,,2043460521539
MA,MA-MAIN,,DOOR LATCH - HPI 3044,1.00,,2043460521577
MA,MA-MAIN,,SERVO DRIVER-PBH 110X3100,1.00,,2043460521768
MA,MA-MAIN,,SERVO MOTOR-PBH110X3100,1.00,,2043460521775
MA,MA-MAIN,,FILTER ELEMENT - WU-400*100F-J,2.00,,2043460521850
MA,MA-MAIN,,FILTER-2.0100H10XL-A00-0-M,1.00,,2043460521867
MA,MA-MAIN,,TEND TZ - 7141,2.00,,2043460522062
MA,MA-MAIN,,NOZZLE 3.0 HD - HLE 1530,28.00,HL2L27,2043460522253
MA,MA-MAIN,,NOZZLE 1.2 INSERT - HLE 1530,6.00,,2043460522260
MA,MA-MAIN,,NOZZLE 2.0 HD - HLE 1530,17.00,HL2L27,2043460522277
MA,MA-MAIN,,SHEAR BLADES - 151001883,1.00,,2043460522413
MA,MA-MAIN,,RELAY - PBA 110 X 3100,3.00,,2043460522611
MA,MA-MAIN,,FILTER - 1005010183,15.00,,2043460522789
MA,MA-MAIN,,FILTER ELEMENT - 0610020001,1.00,,2043460522871
MA,MA-MAIN,,MAGNETIC CONTACTOR,4.00,,2043460522963
MA,MA-MAIN,,TOOTHBELT - 0208010010,2.00,,2043460523281
MA,MA-MAIN,,COUPLING - PBA110X3100,1.00,,2043460523380
MA,MA-MAIN,,ENCODER - HSS 6 X 3200,1.00,,2043460523915
MA,MA-MAIN,,FILTER - 0609020065,1.00,HL2L31,2043460523939
MA,MA-MAIN,,TOOTHBELT - 0208020033,2.00,HL2L30,2043460523946
MA,MA-MAIN,,PRESSURE GAUGE - 0612010002,3.00,,2043460523984
MA,MA-MAIN,,LIMIT SWITCH-0908060070,3.00,HL2L27,2043460524134
MA,MA-MAIN,,PUSH BUTTON-0912020004,4.00,,2043460524141
MA,MA-MAIN,,PUSH BUTTON-CKY CONTROL,5.00,,2043460524271
MA,MA-MAIN,,SENSOR - HPI3044,1.00,,2043460524592
MA,MA-MAIN,,SEAL KIT - 0711030049,36.00,HL2L27,2043460524608
MA,MA-MAIN,,SEAL KIT - 0705030049,36.00,HL2L27,2043460524615
MA,MA-MAIN,,BALL BEARING - 503010063,4.00,,2043460524639
MA,MA-MAIN,,WASHER - 107100005,4.00,,2043460524646
MA,MA-MAIN,,NUT - 106010005,3.00,,2043460524653
MA,MA-MAIN,,RELAY SOCKET (RU2S),5.00,HL2L27,2043460524660
MA,MA-MAIN,,RELAY SOCKET (RU4S),8.00,,2043460524677
MA,MA-MAIN,,NOZZLE - 1002010109,6.00,HL2L27,2043460524820
MA,MA-MAIN,,SENSOR - 0406010017,2.00,,2043460524967
MA,MA-MAIN,,PRESSURE SWITCH-0613010007,1.00,,2043460525049
MA,MA-MAIN,,CHAIN ROLLER - HSS 6 X 3200,3.00,,2043460525063
MA,MA-MAIN,,SENSOR - 406010065,2.00,,2043460525100
MA,MA-MAIN,,FILTER - 0610020003,2.00,,2043460525247
MA,MA-MAIN,,STUD BOLT - 0105020090,2.00,,2043460525261
MA,MA-MAIN,,COUNTER BALANCE - 030410022,1.00,,2043460525421
MA,MA-MAIN,,SLIDE - HLF 1530,1.00,,2043460525438
MA,MA-MAIN,,OIL NOZZLE - HLF1530,1.00,,2043460525445
MA,MA-MAIN,,WASHER - HLF1530,12.00,,2043460525452
MA,MA-MAIN,,HOSE CLAMP - HLF1530,4.00,,2043460525469
MA,MA-MAIN,,COLLIMINATOR - HLE,4.00,,2043460525483
MA,MA-MAIN,,PUSH BUTTON-0912010031,12.00,,2043460525537
MA,MA-MAIN,,MAGNETIC SWITCH - 0406010017,2.00,,2043460525568
MA,MA-MAIN,,CYLINDER - 0401010012,2.00,,2043460525575
MA,MA-MAIN,,SERVO AMP - 0905060018,1.00,,2043460525582
MA,MA-MAIN,,CLEANLINESS TABLE-617020032,1.00,,2043460525667
MA,MA-MAIN,,CERAMIC BODY - 1001010087,6.00,HL2L26,2043460525681
MA,MA-MAIN,,FILTER (5 INCH) - 1005010275,1.00,HL2L31,2043460525698
MA,MA-MAIN,,INVERTER - 0903010002,2.00,,2043460525926
MA,MA-MAIN,,PUSH BUTTON-0912010004,4.00,,2043460525933
MA,MA-MAIN,,HOLD DOWN CYLINDER-090310002,3.00,,2043460525940
MA,MA-MAIN,,O-RING - 0912010004,3.00,,2043460525957
MA,MA-MAIN,,PISTON SEAL - 0912020004,3.00,,2043460525964
MA,MA-MAIN,,CONNECTOR - 0601050625,1.00,,2043460526107
MA,MA-MAIN,,POWER SUPPLY-LRS-100-24,2.00,,2043460526268
MA,MA-MAIN,,PRESSURE VALVE - 0305010014,1.00,,2043460526374
MA,MA-MAIN,,NITROGEN GAS REGULATOR VALVE,1.00,,2043460526398
MA,MA-MAIN,,PRESSURE CONTROL VALVE,2.00,,2043460526589
MA,MA-MAIN,,COUPLING - 0202050113,2.00,,2043460526596
MA,MA-MAIN,,FOOT PEDAL - 103042708,3.00,,2043460526794
MA,MA-MAIN,,PUSH BUTTON-0912030001,3.00,,2043460526800
MA,MA-MAIN,,FOOT SWITCH - 0908030023,1.00,,2043460526831
MA,MA-MAIN,,PROTECTIVE LENS - 1001010086,32.00,HL2L27,2043460527449
MA,MA-MAIN,,RUBBER COUPLING - 0202050062,3.00,,2043460527456
MA,MA-MAIN,,FILTER - 0610020006,1.00,,2043460527487
MA,MA-MAIN,,FILTER - 0609010007,3.00,HL2L31,2043460527494
MA,MA-MAIN,,FILTER - 0609010001,1.00,,2043460527517
MA,MA-MAIN,,FILTER - 0609010006,3.00,HL2L31,2043460527524
MA,MA-MAIN,,EMERGENCY STOP - 0912030001,2.00,HL2L26,2043460527586
MA,MA-MAIN,,POWER SUPPLY - 0904030054,3.00,HL2L27,2043460527654
MA,MA-MAIN,,TOOTHBELT - 0208010026,2.00,HL2L30,2043460527692
MA,MA-MAIN,,DUST RING - 070401002,4.00,,2043460527807
MA,MA-MAIN,,STEP RING - 0708020010,4.00,,2043460527814
MA,MA-MAIN,,RELAY BOARD - 0911110061,4.00,,2043460527869
MA,MA-MAIN,,RELAY - 0911090030,25.00,,2043460527883
MA,MA-MAIN,,TIMER - 0911040015,2.00,,2043460527890
MA,MA-MAIN,,CERAMIC BODY - 1005010463,16.00,HL2L26,2043460528149
MA,MA-MAIN,,COTTON PADS - 1005010099,9.00,,2043460528156
MA,MA-MAIN,,ROLLER - 101026729,1.00,,2043460528217
MA,MA-MAIN,,ROLLER - 10100594,4.00,,2043460528224
MA,MA-MAIN,,FOOT PEDAL - WEHK 110 X 3100,1.00,,2043460528354
MA,MA-MAIN,,FILTER - 0403010095,3.00,,2043460528637
MA,MA-MAIN,,NOZZLE - 1002010162,13.00,HL2L27,2043460528750
MA,MA-MAIN,,NOZZLE - 100201154,8.00,HL2L27,2043460528767
MA,MA-MAIN,,PUSH BUTTON - CKY,18.00,,2043460528774
MA,MA-MAIN,,CHINESE PUMP - FOC,1.00,,2043460528781
MA,MA-MAIN,,COUPLING - 0202050034,2.00,,2043460528903
MA,MA-MAIN,,CERAMIC - 1002010015,19.00,,2043460528927
MA,MA-MAIN,,COUPLING - 0202050039,5.00,,2043460528941
MA,MA-MAIN,,TOOTHBELT - 0208020179,1.00,HL2L30,2043460528989
MA,MA-MAIN,,CONTROL - 0914010477,1.00,,2043460529023
MA,MA-MAIN,,LINEAR SCALE - 0901200044,1.00,,2043460529030
MA,MA-MAIN,,LINEAR SCALE - 0901200045,1.00,,2043460529047
MA,MA-MAIN,,PROXIMITY SENSOR - 0908040099,4.00,HL2L27,2043460529115
MA,MA-MAIN,,CONTACTOR - 0910010145,1.00,,2043460529214
MA,MA-MAIN,,CONTACTOR - 0910010099,1.00,,2043460529221
MA,MA-MAIN,,CONTACTOR - 0910010090,3.00,,2043460529245
MA,MA-MAIN,,TOOTHBELT - 0208020161,3.00,HL2L30,2043460529252
MA,MA-MAIN,,NOZZLE - 1002010210,5.00,,2043460529276
MA,MA-MAIN,,BOLT - 0106040006,2.00,HL2L26,2043460529344
MA,MA-MAIN,,SEAL KIT - HOLDOWN CYLINDER,1.00,HL2L27,2043460529382
MA,MA-MAIN,,CONTACTOR - 0910020010,2.00,HL2L26,2043460529450
MA,MA-MAIN,,OVERLOAD PROTECTION,1.00,HL2L27,2043460529467
MA,MA-MAIN,,RUBBER COUPLING - FOC,1.00,HL2L27,2043460529900
MA,MA-MAIN,,FOOT PEDAL - 0906010061,1.00,HL2L26,2043460529948
MA,MA-MAIN,,SENSOR - 0908040096,1.00,HL2L27,2043460529955
MA,MA-MAIN,,TOOTHBELT - 0208010098,2.00,HL2L30,2043460530180
MA,MA-MAIN,,RUBBER PAD - 151002433,31.00,HL2L27,2043460530210
MA,MA-MAIN,,TOOTHBELT - 0208020176,1.00,HL2L30,2043460530241
MA,MA-MAIN,,PULLEY - 121000413,2.00,HL2L27,2043460530432
MA,MA-MAIN,,TOOTHBELT - 0208020107,1.00,HL2L30,2043460530555
MA,MA-MAIN,,COLLIMATOR LENS - 1001010199,2.00,,2043460530722
MA,MA-MAIN,,FOCUS LENS - 1001010196,2.00,,2043460530739
MA,MA-MAIN,,PLATE - 221010353,1.00,HL2L27,2043460530791
MA,MA-MAIN,,PROTECTIVE LENS-1005010154,1.00,HL2L27,2043460530814
MA,MA-MAIN,,NOZZLE -  1002010161,5.00,HL2L27,2043460530821
MA,MA-MAIN,,NOZZLE -  1002010156,10.00,HL2L27,2043460530838
MA,MA-MAIN,,NOZZLE -  1002010166,10.00,HL2L27,2043460530845
MA,MA-MAIN,,NOZZLE -  1002010168,5.00,HL2L27,2043460530852
MA,MA-MAIN,,NOZZLE -  1002010277,5.00,HL2L27,2043460530869
MA,MA-MAIN,,NOZZLE -  1002010169,5.00,HL2L27,2043460530876
MA,MA-MAIN,,TOOTHBELT - 0208020003,3.00,HL2L30,2043460530920
MA,MA-MAIN,,SENSOR - FOC,1.00,HL2L27,2043460530937
MA,MA-MAIN,,FILTER - 0609010004,6.00,HL2L31,2043460530951
MA,MA-MAIN,,TOOTHBEL - 0208020030,4.00,HL2L30,2043460530975
MA,MA-MAIN,,0208020098,2.00,HL2L30,2043460531071
MA,MA-MAIN,,0908040100,5.00,,2043460531088
MA,MA-MAIN,,111000145,1.00,HL2L26,2043460531231
MA,MA-MAIN,,111000153,1.00,HL2L26,2043460531248
MA,MA-MAIN,,0908040229,5.00,HL2L26,2043460531293
MA,MA-MAIN,,0908060090,2.00,HL2L26,2043460531309
MA,MA-MAIN,,0904010055,1.00,HL2L26,2043460531347
MA,MA-MAIN,,1005010183,5.00,HL2L31,2043460531408
MA,MA-MAIN,,0309060018,2.00,HL2L26,2043460531446
MA,MA-MAIN,,0307030049,2.00,HL2L30,2043460531453
MA,MA-MAIN,,1005010521,2.00,HL2L31,2043460531484
MA,MA-MAIN,,0202050031,1.00,HL2L26,2043460531583
MA,MA-MAIN,,111000328,2.00,HL2L26,2043460531613
MA,MA-MAIN,,111000382,2.00,HL2L26,2043460531620
MA,MA-MAIN,,0202050112,2.00,HL2L26,2043460531705
MA,MA-MAIN,,0403010254,6.00,HL2L31,2043460531712
MA,MA-MAIN,,0403010099,3.00,HL2L31,2043460531729
MA,MA-MAIN,,0403010100,3.00,HL2L31,2043460531736
MA,MA-MAIN,,0403010101,3.00,HL2L31,2043460531743
MA,MA-MAIN,,0911050073,1.00,HL2L26,2043460531774
MA,MA-MAIN,,0911090011,17.00,HL2L26,2043460531781
MA,MA-MAIN,,0911090009,7.00,HL2L26,2043460531798
MA,MA-MAIN,,0306010044,1.00,HL2L30,2043460531897
MA,MA-MAIN,,0403010404,4.00,HL2L31,2043460531927
MA,MA-MAIN,,0912020004,1.00,HL2L26,2043460531934
MA,MA-MAIN,,0911040015,1.00,HL2L30,2043460531941
MA,MA-MAIN,,0911090022,10.00,HL2L26,2043460531972
MA,MA-MAIN,,0911090030,10.00,HL2L26,2043460531989
MA,MA-MAIN,,0908060073,3.00,HL2L26,2043460532047
MA,MA-MAIN,,0908060017,1.00,HL2L27,2043460532139
MA,MA-MAIN,,0309060005,1.00,HL2L30,2043460532184
MA,MA-MAIN,,0208020145,4.00,HL2L30,2043460532207
MA,MA-MAIN,,E80444B,1.00,,2043460808517
MA,MA-MAIN,,E13889,1.00,,2043460808524
MA,MA-MAIN,,FOOT SWITCH SET - GXII1230,1.00,,2043460816208
MA,MA-MAIN,,H17784,1.00,HL2L25,2043460824043
MA,MA-MAIN,,E16050,2.00,HL2L25,2043460828539
MA,MA-MAIN,,E15155,1.00,HL2L25,2043460831331
MA,MA-MAIN,,E09298,1.00,HL2L25,2043460831805
MA,MA-MAIN,,E00790,5.00,HL2L25,2043460831812
MA,MA-MAIN,,E09247,1.00,HL2L25,2043460831829
MA,MA-MAIN,,E09251,3.00,HL2L25,2043460831836
MA,MA-MAIN,,M23760,1.00,HL2L25,2043460831843
MA,MA-MAIN,,71341781,3.00,,2043461400857
MA,MA-MAIN,,36003746,1.00,,2043461403087
MA,MA-MAIN,,61165086,4.00,,2043461403940
MA,MA-MAIN,,36501213,2.00,HL2L21,2043461403957
MA,MA-MAIN,,31185622,2.00,,2043461403995
MA,MA-MAIN,,36323602,1.00,HL2L21,2043461404510
MA,MA-MAIN,,74368920,2.00,,2043461404763
MA,MA-MAIN,,76153226,1.00,,2043461405005
MA,MA-MAIN,,36140034,1.00,,2043461405517
MA,MA-MAIN,,R027-20,1.00,,2043461406156
MA,MA-MAIN,,74314906,4.00,,2043461406774
MA,MA-MAIN,,999680,2.00,,2043461407245
MA,MA-MAIN,,74314821,1.00,,2043461407535
MA,MA-MAIN,,74313625,1.00,,2043461407542
MA,MA-MAIN,,74314826,5.00,,2043461407559
MA,MA-MAIN,,71501060,4.00,HL2L24,2043461408044
MA,MA-MAIN,,74452810,5.00,,2043461408129
MA,MA-MAIN,,36127501,10.00,,2043461408303
MA,MA-MAIN,,74338729,2.00,,2043461408402
MA,MA-MAIN,,74313616,1.00,,2043461408556
MA,MA-MAIN,,74312424,1.00,,2043461408563
MA,MA-MAIN,,74314822,1.00,,2043461408570
MA,MA-MAIN,,74309129,1.00,,2043461408617
MA,MA-MAIN,,71563349,1.00,,2043461409133
MA,MA-MAIN,,74566421,1.00,,2043461409621
MA,MA-MAIN,,999670,8.00,,2043461410511
MA,MA-MAIN,,74163273,1.00,,2043461410542
MA,MA-MAIN,,74415062,5.00,HL2L24,2043461410924
MA,MA-MAIN,,36181260,1.00,,2043461411112
MA,MA-MAIN,,74613264,1.00,HL2L24,2043461411259
MA,MA-MAIN,,44569410,12.00,,2043461411273
MA,MA-MAIN,,44569401,12.00,,2043461411280
MA,MA-MAIN,,44569405,12.00,,2043461411297
MA,MA-MAIN,,44569501,12.00,,2043461411303
MA,MA-MAIN,,74450441,2.00,HL2L24,2043461411518
MA,MA-MAIN,,36008861,1.00,,2043461412638
MA,MA-MAIN,,36107608,5.00,,2043461413468
MA,MA-MAIN,,36400454,2.00,,2043461413475
MA,MA-MAIN,,44245411,1.00,,2043461413697
MA,MA-MAIN,,74385608,1.00,,2043461413994
MA,MA-MAIN,,74722883,1.00,,2043461414007
MA,MA-MAIN,,71711111,1.00,,2043461414823
MA,MA-MAIN,,SA-G01-H3Z-CFR-D2-5537J,1.00,,2043461414878
MA,MA-MAIN,,36542456,1.00,,2043461415097
MA,MA-MAIN,,36006759,2.00,,2043461415431
MA,MA-MAIN,,74165101,2.00,,2043461415448
MA,MA-MAIN,,74740141,1.00,HL2L34,2043461415530
MA,MA-MAIN,,75442277,1.00,HL2L34,2043461415592
MA,MA-MAIN,,74382417,2.00,,2043461415615
MA,MA-MAIN,,74451850,10.00,HL2L24,2043461415660
MA,MA-MAIN,,74173932,10.00,,2043461415677
MA,MA-MAIN,,74776376,1.00,HL2L34,2043461415738
MA,MA-MAIN,,76130004,1.00,HL2L24,2043461415868
MA,MA-MAIN,,36110931,4.00,,2043461415950
MA,MA-MAIN,,74335704,2.00,,2043461417046
MA,MA-MAIN,,74450444,1.00,,2043461417220
MA,MA-MAIN,,74450446,1.00,HL2L24,2043461417237
MA,MA-MAIN,,36514531,1.00,,2043461417367
MA,MA-MAIN,,74741819,1.00,,2043461417503
MA,MA-MAIN,,36181282,15.00,,2043461417527
MA,MA-MAIN,,74308622,1.00,,2043461417657
MA,MA-MAIN,,36541141,1.00,,2043461417787
MA,MA-MAIN,,31189334,1.00,,2043461417794
MA,MA-MAIN,,36541150,1.00,,2043461417800
MA,MA-MAIN,,36547256,1.00,,2043461417817
MA,MA-MAIN,,36541145,1.00,,2043461417824
MA,MA-MAIN,,36147108,6.00,,2043461418807
MA,MA-MAIN,,36147117,10.00,,2043461418920
MA,MA-MAIN,,31179346,3.00,,2043461420213
MA,MA-MAIN,,71141821,1.00,,2043461421265
MA,MA-MAIN,,71519361,2.00,HL2L24,2043461422750
MA,MA-MAIN,,74613211,1.00,HL2L38,2043461422903
MA,MA-MAIN,,36395117,1.00,,2043461423122
MA,MA-MAIN,,74613249,2.00,HL2L24,2043461423153
MA,MA-MAIN,,74566468,1.00,HL2L24,2043461423412
MA,MA-MAIN,,74529414,2.00,HL2L24,2043461423436
MA,MA-MAIN,,74529415,1.00,HL2L24,2043461423443
MA,MA-MAIN,,71564203,2.00,,2043461425096
MA,MA-MAIN,,74711112,1.00,,2043461425775
MA,MA-MAIN,,71359629,3.00,,2043461425799
MA,MA-MAIN,,94219778,1.00,,2043461426017
MA,MA-MAIN,,74452664,2.00,,2043461426048
MA,MA-MAIN,,74453689,1.00,,2043461426086
MA,MA-MAIN,,36402172,2.00,HL2L21,2043461426949
MA,MA-MAIN,,74453679,1.00,,2043461427168
MA,MA-MAIN,,74451866,1.00,,2043461427236
MA,MA-MAIN,,74613292,3.00,,2043461427243
MA,MA-MAIN,,71364499,1.00,,2043461427540
MA,MA-MAIN,,71715591,2.00,,2043461427557
MA,MA-MAIN,,36586950,1.00,,2043461427878
MA,MA-MAIN,,36100609,7.00,,2043461428172
MA,MA-MAIN,,10336834,2.00,,2043461428189
MA,MA-MAIN,,A90L-0001-0510,1.00,HL2L25,2043461605221
MA,MA-MAIN,,A60L-0001-0046#3.2,4.00,HL2L25,2043461606327
MA,MA-MAIN,,A98L-0031-0012,5.00,HL2L32,2043461608949
MA,MA-MAIN,,A90L-0001-0509,1.00,,2043461610607
MA,MA-MAIN,,A90L-0001-0511,1.00,,2043461610614
MA,MA-MAIN,,A860-2000-T301,1.00,HL2L25,2043461611376
MA,MA-MAIN,,A90L-0001-0423#105S,1.00,HL2L25,2043461613424
MA,MA-MAIN,,A90L-0001-0508,1.00,,2043461614445
MA,MA-MAIN,,A60L-0001-0290#LM50,5.00,,2043461617064
MA,MA-MAIN,,A860-2000-T321,1.00,,2043461618443
MA,MA-MAIN,,A90L-0001-0507#A,2.00,HL2L25,2043461621375
MA,MA-MAIN,,A04B-0800-D005,1.00,HL2L25,2043461627476
MA,MA-MAIN,,HOLDOWN PAD,1.00,,2043461704429
MA,MA-MAIN,,E6B2-CWZ6C (50 P/R),1.00,,2043461705341
MA,MA-MAIN,,BEVEL GEAR,4.00,,2043461705648
MA,MA-MAIN,,ENC-100-A,1.00,,2043461705686
MA,MA-MAIN,,O-RING RAS306,23.00,,2043461705914
MA,MA-MAIN,,O-RING RAS3013,10.00,,2043461705921
MA,MA-MAIN,,OIL FILTER - BEND 110.30,3.00,,2043461706225
MA,MA-MAIN,,OIL FILTER - RAS 306,3.00,,2043461706232
MA,MA-MAIN,,BEARING (RAS 4013),4.00,,2043461706478
MA,MA-MAIN,,O-RING PLATE - APB110.30,1.00,,2043461706515
MA,MA-MAIN,,REAR BEARING - RAS 4013,2.00,,2043461706546
MA,MA-MAIN,,OUT RACE ADAPTOR - RAS 4013,2.00,,2043461706553
MA,MA-MAIN,,PIN - RAS 4013,2.00,,2043461706577
MA,MA-MAIN,,BEARING HUB - RAS 306,1.00,,2043461706607
MA,MA-MAIN,,BEARING - RAS 306,1.00,,2043461706638
MA,MA-MAIN,,RELAY (FIF-24VAC-HH54P),2.00,,2043461706744
MA,MA-MAIN,,RELAY SOCKET - RAS306,4.00,,2043461706768
MA,MA-MAIN,,SPRING - RAS4013,9.00,,2043461707055
MA,MA-MAIN,,ENCODER - RAS306,1.00,,2043461707314
MA,MA-MAIN,,CYL SEAL KIT - APB110.30,3.00,,2043461707321
MA,MA-MAIN,,CIRCLIP - APB110.30,3.00,,2043461707413
MA,MA-MAIN,,PRESSURE GAUGE - APB110.3100,1.00,,2043461707581
MA,MA-MAIN,,RELAY - APB110.3100,7.00,,2043461707598
MA,MA-MAIN,,PRESSURE SWITCH - RAS 306,1.00,,2043461708410
MA,MA-MAIN,,LEFT CYL SEAL KIT - APB110.310,1.00,,2043461708588
MA,MA-MAIN,,RIGHT CYL SEAL KIT - APB110.31,2.00,,2043461708595
MA,MA-MAIN,,WORM GEAR - APB110.3100,2.00,,2043461708601
MA,MA-MAIN,,VALVE - BEND 110.30,1.00,,2043461721471
MA,MA-MAIN,,44070815,1.00,,2043651400490
MA,MA-MAIN,,36541140,1.00,,2043661403504
MA,MA-MAIN,,36547312,1.00,,2043661403511
MA,MA-MAIN,,ARBOR FOR STANKO NO. 18,1.00,,2043962200017
MA,MA-MAIN,,10.105 3*835+1SEG W/ L & R EAR,1.00,,2043980504425
MA,MA-MAIN,,10.108 3*835+1SEG W/ L & R EAR,1.00,,2043980504432
MA,MA-MAIN,,608001,1.00,,2043980800756
MA,MA-MAIN,,017151,3.00,,2043980800763
MA,MA-MAIN,,615001,3.00,,2043980800770
MA,MA-MAIN,,074801,1.00,,2043981400924
MA,MA-MAIN,,324001,2.00,,2043981400931
MA,MA-MAIN,,221060 40 X 5,1.00,,2043981401006
MA,MA-MAIN,,211020 12MM,1.00,,2043981401037
MA,MA-MAIN,,200801,1.00,,2043981401921
MA,MA-MAIN,,914100,1.00,,2043981402614
MA,MA-MAIN,,915100,1.00,HL2L24,2043981402621
MA,MA-MAIN,,916100,1.00,HL2L24,2043981402638
MA,MA-MAIN,,36511720,18.00,,2043981403178
MA,MA-MAIN,,106001,1.00,,2043981404106
MA,MA-MAIN,,108001,2.00,,2043981404113
MA,MA-MAIN,,129001,3.00,,2043981404205
MA,MA-MAIN,,A71861,1.00,,2043981404373
MA,MA-MAIN,,200061,6.00,,2043981404519
MA,MA-MAIN,,502851,1.00,,2043981405424
MA,MA-MAIN,,A74061,3.00,,2043981405561
MA,MA-MAIN,,A94561,1.00,,2043981406056
MA,MA-MAIN,,A94762,1.00,,2043981406063
MA,MA-MAIN,,428040 20X20,1.00,,2044131400252
MA,MA-MAIN,,321080 80 X 10,1.00,,2044131402805
MA,MA-MAIN,,411030 12,2.00,,2044131403000
MA,MA-MAIN,,421040 12 X 12,1.00,HL2L23,2044131403048
MA,MA-MAIN,,318040* 17,1.00,,2044131403178
MA,MA-MAIN,,318040* 26,1.00,,2044131403215
MA,MA-MAIN,,318040* 27,1.00,,2044131403222
MA,MA-MAIN,,418030 X 4.5,2.00,,2044131403413
MA,MA-MAIN,,418030 X 9,2.00,,2044131403437
MA,MA-MAIN,,411040 X 15,2.00,,2044131403475
MA,MA-MAIN,,418040 X 23,2.00,,2044131403482
MA,MA-MAIN,,521080  40X40,1.00,,2044131403932
MA,MA-MAIN,,421040  15 X 15,1.00,,2044131404496
MA,MA-MAIN,,421020 1 X 12,1.00,,2044131404526
MA,MA-MAIN,,321060  34 X 19,1.00,,2044131404618
MA,MA-MAIN,,421020 10 X 1,1.00,,2044131404632
MA,MA-MAIN,,321040 X 9.5 MM,1.00,,2044131404663
MA,MA-MAIN,,421020 10.0 X 4.0,4.00,,2044131405714
MA,MA-MAIN,,422040 30.0 X 5.0 - OB,1.00,,2044131405943
MA,MA-MAIN,,271040 30.5 X 5.5 - OB,1.00,,2044131405967
MA,MA-MAIN,,421040 14.0  X 3.0,1.00,,2044131405998
MA,MA-MAIN,,980000,8.00,,2044131406155
MA,MA-MAIN,,940020,2.00,,2044131406223
MA,MA-MAIN,,940040,2.00,,2044131406230
MA,MA-MAIN,,940060,2.00,,2044131406247
MA,MA-MAIN,,940080,2.00,,2044131406254
MA,MA-MAIN,,940090,2.00,,2044131406261
MA,MA-MAIN,,911620,1.00,,2044131406292
MA,MA-MAIN,,911640,1.00,,2044131406308
MA,MA-MAIN,,421040 7.0 X 7.0,1.00,,2044131406582
MA,MA-MAIN,,421040 8.0 X 8.0,1.00,,2044131406629
MA,MA-MAIN,,411040 X 22.0,1.00,,2044131406827
MA,MA-MAIN,,421040 9.0 X 9.0,1.00,,2044131406858
MA,MA-MAIN,,411040 X 17.0,1.00,,2044131406889
MA,MA-MAIN,,411030 X 10.5,1.00,,2044131407763
MA,MA-MAIN,,411040 X 28.58,1.00,,2044131407886
MA,MA-MAIN,,42F040 24.0 X 3.0,1.00,,2044131408197
MA,MA-MAIN,,311040 X 21.0,1.00,HL2L22,2044131408548
MA,MA-MAIN,,32F080 40.0 X 40.0,1.00,,2044131408630
MA,MA-MAIN,,321060 X 44.45,1.00,HL2L22,2044131409026
MA,MA-MAIN,,421020 7.10 X 9.05 (OB),1.00,,2044131410589
MA,MA-MAIN,,421040 11.08 X 13.10 (OB),1.00,,2044131410596
MA,MA-MAIN,,330391,11.00,,2044131410725
MA,MA-MAIN,,914000 X 0.4,2.00,,2044131411661
MA,MA-MAIN,,EMBOSS-UP (2DIA),1.00,,2044131413177
MA,MA-MAIN,,421080 60.0 X 60.0,1.00,HL2L23,2044131413399
MA,MA-MAIN,,211020 X 3.60,2.00,,2044131413894
MA,MA-MAIN,,421040 15.50 X 15.50,1.00,,2044131414600
MA,MA-MAIN,,321Y40 10.20 X 10.20,1.00,,2044131415812
MA,MA-MAIN,,421040 30.0 X 1.5,1.00,,2044131416079
MA,MA-MAIN,,HALFSHEAR UPWARD PUNCH DRIVER,1.00,,2044131416284
MA,MA-MAIN,,422040 5.0 X 30.0,2.00,HL2L23,2044131416888
MA,MA-MAIN,,422020 5.0 X 5.0,4.00,HL2L23,2044131416963
MA,MA-MAIN,,211040 X 22.25,2.00,,2044131417199
MA,MA-MAIN,,211020 X 6.38,2.00,,2044131417359
MA,MA-MAIN,,421080 80.0 X 3.0,1.00,,2044131417380
MA,MA-MAIN,,521080 80.0 X 3.0,1.00,,2044131417397
MA,MA-MAIN,,211020 X 5.50,2.00,,2044131417656
MA,MA-MAIN,,NC523 - GUIDE,1.00,,2044131417779
MA,MA-MAIN,,52F040 10.0 X 10.0,1.00,,2044131417816
MA,MA-MAIN,,51F020 X 1.64,5.00,,2044131417823
MA,MA-MAIN,,42F080 5.0 X 80.0,1.00,HL2L23,2044131418059
MA,MA-MAIN,,42F060 5.0 X 50.0,1.00,HL2L23,2044131418103
MA,MA-MAIN,,MICRO JOINT SHAPE,1.00,,2044131418875
MA,MA-MAIN,,CR TOOL R3,1.00,,2044131418882
MA,MA-MAIN,,DOUBLE BRIDGE,1.00,,2044131418899
MA,MA-MAIN,,LANCE AND FORM,1.00,,2044131418905
MA,MA-MAIN,,421040 5.0 X 30.0,1.00,,2044131418912
MA,MA-MAIN,,422020 5.0 X 10.0,3.00,HL2L23,2044131419346
MA,MA-MAIN,,41F020 X 3.2,1.00,,2044131419377
MA,MA-MAIN,,261V20 X 3.6,1.00,,2044131419384
MA,MA-MAIN,,261V20 X 4.2,1.00,,2044131419391
MA,MA-MAIN,,31FY30 X 3.5,1.00,,2044131419407
MA,MA-MAIN,,321040 10.10 X 13.50,1.00,,2044131419421
MA,MA-MAIN,,42F020 4.0 X 10.0,8.00,,2044131419728
MA,MA-MAIN,,421060 30.0 X 30.0,1.00,HL2L23,2044131420120
MA,MA-MAIN,,271V40 5.0 X 30.25,1.00,,2044131420311
MA,MA-MAIN,,261V20 X 9.25,1.00,,2044131422063
MA,MA-MAIN,,36FV30; CL=0.3,1.00,,2044131422254
MA,MA-MAIN,,32FZ60 30.0 X 30.0; CL=0.3,1.00,,2044131422759
MA,MA-MAIN,,422040 10.0 X 10.0,1.00,HL2L23,2044131423060
MA,MA-MAIN,,225080 5.30 X 80.30,1.00,,2044131423435
MA,MA-MAIN,,ROUND EMBOSS U/F,1.00,,2044131423466
MA,MA-MAIN,,LETTER MARKING U/F,1.00,,2044131423473
MA,MA-MAIN,,37FV20 7.0 X 7.0,1.00,,2044131423800
MA,MA-MAIN,,36FV30 X 8.0; CL=0.25,2.00,HL2L22,2044131423954
MA,MA-MAIN,,37FV20 3.0 X 3.0; CL=0.25,1.00,,2044131424036
MA,MA-MAIN,,37FV20 3.0 X 10.0; CL=0.25,1.00,,2044131424067
MA,MA-MAIN,,215060 X 30.45; CL=0.45,1.00,,2044131424920
MA,MA-MAIN,,422020 8.0 X 8.0,2.00,,2044131425019
MA,MA-MAIN,,76130003,1.00,HL2L24,2044131425088
MA,MA-MAIN,,221040 10.50 X 15.50; CL=0.5,2.00,,2044131425262
MA,MA-MAIN,,911200,2.00,HL2L24,2044131425842
MA,MA-MAIN,,911000 X 0.4,5.00,,2044131425880
MA,MA-MAIN,,916000 X 0.4,2.00,,2044131425941
MA,MA-MAIN,,261V20 X 7.50; CL=0.5,1.00,HL2L20,2044131426320
MA,MA-MAIN,,261V20 X 9.50; CL=0.5,2.00,HL2L20,2044131426344
MA,MA-MAIN,,907200,1.00,,2044131426573
MA,MA-MAIN,,261V20 X 7.20; CL=0.2,1.00,,2044131427112
MA,MA-MAIN,,37FV40 6.80 X 16.80; CL=0.25,1.00,,2044131427693
MA,MA-MAIN,,37FV40 8.50 X 18.50; CL=0.25,1.00,,2044131427709
MA,MA-MAIN,,37FV40 2.0 X 20.0; CL=0.25,1.00,,2044131427716
MA,MA-MAIN,,271V40 7.25 X 17.25; CL=0.45,1.00,,2044131427822
MA,MA-MAIN,,271V40 8.95 X 18.95; CL=0.45,1.00,,2044131427839
MA,MA-MAIN,,271V40 2.45 X 20.45; CL=0.45,1.00,,2044131427846
MA,MA-MAIN,,311030 X 7.0; CL=0.25,1.00,,2044131428041
MA,MA-MAIN,,321040 5.0 X 30.0; CL=0.25,1.00,,2044131428133
MA,MA-MAIN,,42H060 5.0 X 50.0,2.00,HL2L23,2044131429901
MA,MA-MAIN,,HEXAGON SHAPE PUNCH BODY,1.00,HL2L25,2044131430358
MA,MA-MAIN,,HEXAGON SHAPE DIE,1.00,HL2L25,2044131430365
MA,MA-MAIN,,225090 5.15 X 110.15; CL=0.15,1.00,,2044131430488
MA,MA-MAIN,,225060 7.60 X 31.60; CL=0.60,1.00,,2044131430655
MA,MA-MAIN,,225060 8.10 X 31.0,1.00,,2044131430679
MA,MA-MAIN,,37FV20 2.0 X 10.0; CL=0.25,1.00,,2044131430921
MA,MA-MAIN,,41F030 X 5.00,1.00,HL2L23,2044131431270
MA,MA-MAIN,,422480 8.0 X 80.0,1.00,,2044131431607
MA,MA-MAIN,,32FY80 5.0 X 80.0; CL=0.30,1.00,,2044131432161
MA,MA-MAIN,,225060 5.50 X 50.0,1.00,HL2L20,2044131432611
MA,MA-MAIN,,271V20 4.30 X 10.30; CL=0.30,8.00,,2044131432819
MA,MA-MAIN,,F/U LOUVER (10 X 80 X 5.0),1.00,HL2L25,2044131433236
MA,MA-MAIN,,261V20 X 6.40; CL=0.40,3.00,,2044131433304
MA,MA-MAIN,,02FZ90 5.0 X 110.0,2.00,,2044131434059
MA,MA-MAIN,,42F020 5.0 X 5.0; NEXIII,1.00,HL2L23,2044131434233
MA,MA-MAIN,,42F040 5.0 X 30.0; NEXIII,1.00,HL2L23,2044131434288
MA,MA-MAIN,,36FP20 X 5.50; CL=0.15,1.00,,2044131434295
MA,MA-MAIN,,36FP20 X 9.0; CL=0.15,1.00,,2044131434301
MA,MA-MAIN,,36FP20 X 11.0; CL=0.15,1.00,,2044131434318
MA,MA-MAIN,,21560 X 38.15; CL=0.15,1.00,,2044131434332
MA,MA-MAIN,,36FP20 X 4.0; CL=0.15,1.00,,2044131434509
MA,MA-MAIN,,211020 X 3.70,1.00,,2044131435117
MA,MA-MAIN,,211020 X 8.53,1.00,,2044131435131
MA,MA-MAIN,,211040 X 22.23,2.00,,2044131435148
MA,MA-MAIN,,211040 X 25.40,1.00,,2044131435162
MA,MA-MAIN,,225080 50.30 X 50.30; CL=0.30,1.00,,2044131435568
MA,MA-MAIN,,271V20 7.80 X 7.80; CL=0.8,2.00,,2044131435780
MA,MA-MAIN,,SB-ESLR-6016,2.00,,2045251400177
MA,MA-MAIN,,UPGRADE AP100 SN 21320701,1.00,HL2L38,2048011400325
MA,MA-MAIN,,716.15941,19.00,,2049080500428
MA,MA-MAIN,,716.15943,19.00,,2049080500435
MA,MA-MAIN,,716.15944,19.00,,2049080500442
MA,MA-MAIN,,716.15945,19.00,,2049080500459
MA,MA-MAIN,,716.15946,19.00,,2049080500466
MA,MA-MAIN,,RT314012/12VDC,5.00,,2049982100016
MT,MT-MAIN,,80-900-0006,2.00,HL3L20,2060000912350
MT,MT-MAIN,,A-5003-0053,10.00,HL3L22,2060001100558
MT,MT-MAIN,,A-1207-0020,1.00,HL3L20,2060001101661
MT,MT-MAIN,,A-2237-1302,1.00,HL3L22,2060001110229
MT,MT-MAIN,,A-5003-0470,10.00,HL3L22,2060001116757
MT,MT-MAIN,,A-5003-0045,3.00,HL3L22,2060001119116
MT,MT-MAIN,,A-5863-6000-RBE,1.00,HL3L22,2060001121775
MT,MT-MAIN,,REL-3,1.00,HL3L28,2060001403369
MT,MT-MAIN,,AA - 2.225,1.00,HL3L28,2060001411548
MT,MT-MAIN,,DTXS-10N,1.00,HL3L20,2060001412378
MT,MT-MAIN,,MTS-10N,1.00,,2060001414228
MT,MT-MAIN,,MT-TB,1.00,HL3L20,2060001414235
MT,MT-MAIN,,SI-150,1.00,HL3L28,2060001415195
MT,MT-MAIN,,2.20MM 0/-0.001,2.00,HL3L28,2060001415287
MT,MT-MAIN,,3.20MM 0/-0.001,2.00,HL3L28,2060001415294
MT,MT-MAIN,,GA-10N,1.00,,2060001415744
MT,MT-MAIN,,PR-500N,1.00,,2060001415751
MT,MT-MAIN,,S-40,1.00,,2060001415768
MT,MT-MAIN,,GTW-50R,1.00,,2060001415782
MT,MT-MAIN,,P45-50N,1.00,,2060001415799
MT,MT-MAIN,,DF-60,1.00,,2060001415805
MT,MT-MAIN,,KC-100N,1.00,,2060001415829
MT,MT-MAIN,,SI-200,1.00,HL3L28,2060001417205
MT,MT-MAIN,,CB-208,1.00,HL3L22,2060001418967
MT,MT-MAIN,,BP - 308,1.00,HL3L22,2060001422070
MT,MT-MAIN,,7.300MM +/-0.0005,3.00,HL3L28,2060001424562
MT,MT-MAIN,,7.400MM +/-0.0005,3.00,HL3L28,2060001424579
MT,MT-MAIN,,HLX 64610,3.00,HL3L22,2060001601215
MT,MT-MAIN,,HLX 64640,12.00,HL3L22,2060001601222
MT,MT-MAIN,,ZVR1000TD,1.00,HL3L22,2060001602823
MT,MT-MAIN,,AD38,1.00,HL3L22,2060001603677
MT,MT-MAIN,,S/N Q4LK000230,1.00,,2060001603844
MT,MT-MAIN,,SS 600X450X100MM,1.00,,2060001603912
MT,MT-MAIN,,1329,1.00,HL3L22,2060001605008
MT,MT-MAIN,,AFM20P-060AS,8.00,HL3L22,2060001605060
MT,MT-MAIN,,AFM20-02C-6,10.00,HL3L22,2060001605763
MT,MT-MAIN,,AF20P-060S,9.00,HL3L22,2060001605800
MT,MT-MAIN,,AF20-02C-A,9.00,HL3L22,2060001610293
MT,MT-MAIN,,AFM20-02C-A,9.00,HL3L22,2060001610309
MT,MT-MAIN,,PM12-7.3 / 7AH,12.00,HL3L24,2060001613416
MT,MT-MAIN,,SJ-ADTR,14.00,HL3L22,2060001614390
MT,MT-MAIN,,HDD-1TB,1.00,HL3L22,2060001616196
MT,MT-MAIN,,CHMP-TABLE,7.00,,2060001618268
MT,MT-MAIN,,AR20K-02G-B,1.00,HL3L22,2060001623934
MT,MT-MAIN,,PLATE #4,22.00,HL3L22,2060001624818
MT,MT-MAIN,,12AAA792,1.00,HL3L09,2060001703230
MT,MT-MAIN,,226117,1.00,HL3L22,2060001703247
MT,MT-MAIN,,12BAA637,3.00,HL3L09,2060001703261
MT,MT-MAIN,,2766,1.00,HL3L22,2060001710788
MT,MT-MAIN,,COMP0101X64,1.00,,2060001713390
MT,MT-MAIN,,PU0640-TRANSPARENT,8.00,HL3L22,2060002124294
MT,MT-MAIN,,MT NO. 3 PLUG,1.00,,2060061400667
MT,MT-MAIN,,MT NO. 3 RING,1.00,,2060061400674
MT,MT-MAIN,,NO. 16.8 0/-0.3,1.00,,2060061401220
MT,MT-MAIN,,NO. 6,2.00,HL3L27,2060061401893
MT,MT-MAIN,,NO. 2.9,2.00,HL3L27,2060061401909
MT,MT-MAIN,,DSG-DI1,1.00,HL3L27,2060061402784
MT,MT-MAIN,,NO. 4.39 X 4.41,1.00,HL3L27,2060061403071
MT,MT-MAIN,,NO. 5.64 X 5.67,1.00,HL3L27,2060061403088
MT,MT-MAIN,,NO. 5.716 X 12.20-11.80,1.00,HL3L27,2060061403095
MT,MT-MAIN,,PT 1/4-19 PLUG & RING,1.00,HL3L27,2060061403569
MT,MT-MAIN,,TGJ-29671-C,1.00,HL3L28,2061932400014
MT,MT-MAIN,,TGJ-29689-B,1.00,HL3L28,2061932400021
MT,MT-MAIN,,909642,1.00,,2061951700010
MT,MT-MAIN,O,937243,4.00,,2061951700027
MT,MT-MAIN,,353535,10.00,,2061951700034
MT,MT-MAIN,C,103006,1.00,HL3L03,2061951700041
MT,MT-MAIN,,190662,2.00,,2061951700089
MT,MT-MAIN,,270796,1.00,HL3L22,2061951700126
MT,MT-MAIN,O,952244,4.00,,2061951700133
MT,MT-MAIN,C,900322,1.00,HL3L19,2061951700218
MT,MT-MAIN,,937997,1.00,,2061951700225
MT,MT-MAIN,C,120043,2.00,HL3L03,2061951700249
MT,MT-MAIN,C,101121,3.00,HL3L03,2061951700263
MT,MT-MAIN,C,901312,3.00,HL3L19,2061951700270
MT,MT-MAIN,,09AAA198V,1.00,,2061951700300
MT,MT-MAIN,C,965464,2.00,,2061951700317
MT,MT-MAIN,C,619004,1.00,HL3L18,2061951700331
MT,MT-MAIN,C,900321,5.00,HL3L19,2061951700348
MT,MT-MAIN,,996146,3.00,,2061951700362
MT,MT-MAIN,C,211978,16.00,HL3L05,2061951700379
MT,MT-MAIN,,935579,1.00,,2061951700393
MT,MT-MAIN,,935793,1.00,,2061951700409
MT,MT-MAIN,,937998,1.00,,2061951700423
MT,MT-MAIN,,937996,1.00,,2061951700430
MT,MT-MAIN,C,619005,1.00,HL3L18,2061951700447
MT,MT-MAIN,C,959149,1.00,HL3L19,2061951700454
MT,MT-MAIN,C,959150,2.00,HL3L19,2061951700492
MT,MT-MAIN,C,210692,1.00,,2061951700607
MT,MT-MAIN,,997661,10.00,,2061951700638
MT,MT-MAIN,,997471,48.00,,2061951700683
MT,MT-MAIN,C,540774,1.00,HL3L14,2061951700737
MT,MT-MAIN,C,900167,1.00,,2061951700799
MT,MT-MAIN,C,137746,4.00,HL3L03,2061951700805
MT,MT-MAIN,,997662,1.00,,2061951700843
MT,MT-MAIN,B,905201,7.00,,2061951700935
MT,MT-MAIN,,19BAA095,5.00,,2061951700973
MT,MT-MAIN,,270797,1.00,,2061951701000
MT,MT-MAIN,C,601645,1.00,HL3L18,2061951701024
MT,MT-MAIN,C,953638,2.00,HL3L19,2061951701055
MT,MT-MAIN,C,900209,1.00,HL3L19,2061951701086
MT,MT-MAIN,C,103013,6.00,HL3L03,2061951701147
MT,MT-MAIN,C,136235,2.00,HL3L03,2061951701239
MT,MT-MAIN,C,190656,4.00,HL3L04,2061951701246
MT,MT-MAIN,,270796 (INC),1.00,,2061951701253
MT,MT-MAIN,,354884,1.00,HL3L07,2061951701321
MT,MT-MAIN,,354888,1.00,HL3L07,2061951701338
MT,MT-MAIN,O,1011-11,6.00,A2R015,2061951701345
MT,MT-MAIN,C,937179T,4.00,HL3L19,2061951701352
MT,MT-MAIN,C,120066,2.00,HL3L03,2061951701383
MT,MT-MAIN,C,133017,10.00,HL3L03,2061951702540
MT,MT-MAIN,C,101122,1.00,HL3L03,2061951702618
MT,MT-MAIN,C,901954,1.00,HL3L19,2061951702854
MT,MT-MAIN,,952819,1.00,HL3L19,2061951702946
MT,MT-MAIN,C,952117,1.00,HL3L19,2061951702953
MT,MT-MAIN,C,101117,2.00,HL3L03,2061951703073
MT,MT-MAIN,,517585,11.00,HL3L10,2061951703226
MT,MT-MAIN,C,101461,1.00,HL3L03,2061951703240
MT,MT-MAIN,O,542171R,2.00,,2061951703424
MT,MT-MAIN,C,619003,1.00,HL3L18,2061951703448
MT,MT-MAIN,B,905200,2.00,HL3L19,2061951703523
MT,MT-MAIN,C,965014,1.00,HL3L19,2061951703578
MT,MT-MAIN,,970210,2.00,,2061951703660
MT,MT-MAIN,,380571,3.00,HL3L07,2061951703745
MT,MT-MAIN,,380588,4.00,HL3L07,2061951703752
MT,MT-MAIN,C,903424,5.00,HL3L19,2061951703905
MT,MT-MAIN,C,190653,2.00,HL3L04,2061951704483
MT,MT-MAIN,C,939597,1.00,,2061951704537
MT,MT-MAIN,,997641,1.00,,2061951704544
MT,MT-MAIN,,162151,2.00,HL3L04,2061951704551
MT,MT-MAIN,C,905620,1.00,,2061951704582
MT,MT-MAIN,C,07CZA057,1.00,HL3L02,2061951704629
MT,MT-MAIN,C,182-302,4.00,HL3L04,2061961700048
MT,MT-MAIN,C,187-101,1.00,,2061961700062
MT,MT-MAIN,C,187-106,1.00,,2061961700086
MT,MT-MAIN,O,7300,6.00,A2R015,2061961700123
MT,MT-MAIN,C,103-185,1.00,HL3L03,2061961700260
MT,MT-MAIN,C,115-215,1.00,HL3L03,2061961700413
MT,MT-MAIN,O,118-105,7.00,A2R014,2061961700437
MT,MT-MAIN,C,141-009,6.00,,2061961700543
MT,MT-MAIN,C,141-010,5.00,A2R014,2061961700550
MT,MT-MAIN,C,145-193,3.00,,2061961700604
MT,MT-MAIN,C,147-103,27.00,HL3L04,2061961700642
MT,MT-MAIN,C,147-105,1.00,HL3L04,2061961700666
MT,MT-MAIN,C,183-108,3.00,HL3L04,2061961700826
MT,MT-MAIN,C,183-111,3.00,A2R014,2061961700840
MT,MT-MAIN,C,183-112,2.00,A2R014,2061961700857
MT,MT-MAIN,C,183-114,1.00,HL3L04,2061961700871
MT,MT-MAIN,C,186-105,2.00,HL3L04,2061961700901
MT,MT-MAIN,C,186-106,2.00,HL3L04,2061961700918
MT,MT-MAIN,C,186-107,2.00,HL3L04,2061961700925
MT,MT-MAIN,C,186-110,3.00,HL3L04,2061961700932
MT,MT-MAIN,C,186-902,1.00,HL3L04,2061961700949
MT,MT-MAIN,C,188-151,3.00,HL3L04,2061961700963
MT,MT-MAIN,A,193-101,10.00,HL3L04,2061961700970
MT,MT-MAIN,A,193-111,2.00,HL3L04,2061961701021
MT,MT-MAIN,C,193-212,2.00,HL3L04,2061961701076
MT,MT-MAIN,C,350264,2.00,,2061961701090
MT,MT-MAIN,C,950757,2.00,HL3L19,2061961701144
MT,MT-MAIN,C,511-211,1.00,HL3L29,2061961701274
MT,MT-MAIN,C,532-121,1.00,HL3L12,2061961701441
MT,MT-MAIN,C,160-153,2.00,HL3L42,2061961701465
MT,MT-MAIN,C,160-150,1.00,HL3L04,2061961701472
MT,MT-MAIN,C,536-151,3.00,HL3L12,2061961701502
MT,MT-MAIN,A,530-119,76.00,HL3L12,2061961701526
MT,MT-MAIN,A,530-104,5.00,HL3L12,2061961701533
MT,MT-MAIN,A,530-312,50.00,HL3L12,2061961701540
MT,MT-MAIN,A,530-118,64.00,HL3L12,2061961701564
MT,MT-MAIN,A,530-114,1.00,HL3L12,2061961701571
MT,MT-MAIN,A,530-115,24.00,HL3L12,2061961701588
MT,MT-MAIN,O,180-401,2.00,,2061961701618
MT,MT-MAIN,O,1158,1.00,A2R015,2061961701786
MT,MT-MAIN,C,516-602,1.00,HL3L10,2061961701793
MT,MT-MAIN,A,103-137,33.00,HL3L17,2061961701991
MT,MT-MAIN,C,103-181,1.00,HL3L03,2061961702004
MT,MT-MAIN,A,103-138,13.00,HL3L03,2061961702011
MT,MT-MAIN,C,103-180,2.00,HL3L03,2061961702028
MT,MT-MAIN,C,103-177,7.00,HL3L03,2061961702066
MT,MT-MAIN,C,103-129,10.00,HL3L03,2061961702097
MT,MT-MAIN,C,104-138,1.00,HL3L38,2061961702103
MT,MT-MAIN,A,103-130,10.00,HL3L03,2061961702110
MT,MT-MAIN,C,128-101,1.00,HL3L03,2061961702165
MT,MT-MAIN,C,143-103,2.00,HL3L04,2061961702257
MT,MT-MAIN,C,183-110,1.00,HL3L04,2061961702516
MT,MT-MAIN,C,123-102,1.00,,2061961702691
MT,MT-MAIN,C,126-803,2.00,HL3L03,2061961702837
MT,MT-MAIN,C,128-102,1.00,,2061961703001
MT,MT-MAIN,O,152-403,1.00,A2R015,2061961703087
MT,MT-MAIN,O,152-404,3.00,A2R015,2061961703094
MT,MT-MAIN,C,167-108,1.00,HL3L04,2061961703414
MT,MT-MAIN,C,186-901,1.00,HL3L04,2061961703438
MT,MT-MAIN,B,500-500-10,2.00,HL3L16,2061961703742
MT,MT-MAIN,C,530-123,1.00,HL3L12,2061961703933
MT,MT-MAIN,C,530-101,3.00,HL3L12,2061961703940
MT,MT-MAIN,C,530-108,4.00,HL3L12,2061961704114
MT,MT-MAIN,C,530-502,1.00,HL3L01,2061961704169
MT,MT-MAIN,C,158-118,1.00,,2061961704213
MT,MT-MAIN,A,7822,1.00,HL3L10,2061961704275
MT,MT-MAIN,C,183-302,5.00,HL3L04,2061961704503
MT,MT-MAIN,C,7360,1.00,HL3L18,2061961704633
MT,MT-MAIN,C,527-203,2.00,HL3L13,2061961704657
MT,MT-MAIN,C,526-124,1.00,HL3L13,2061961704671
MT,MT-MAIN,C,182-309,2.00,HL3L04,2061961705906
MT,MT-MAIN,C,111-118,1.00,,2061961706088
MT,MT-MAIN,C,193-113,1.00,HL3L04,2061961706224
MT,MT-MAIN,C,193-114,1.00,HL3L04,2061961706231
MT,MT-MAIN,C,186-102,5.00,HL3L04,2061961706385
MT,MT-MAIN,C,536-142,10.00,,2061961706613
MT,MT-MAIN,C,156-102,2.00,HL3L04,2061961706910
MT,MT-MAIN,,536-106,1.00,HL3L12,2061961707399
MT,MT-MAIN,C,530-501,1.00,HL3L34,2061961707429
MT,MT-MAIN,,7213,1.00,HL3L18,2061961707672
MT,MT-MAIN,C,527-201,2.00,HL3L13,2061961707726
MT,MT-MAIN,C,193-112,1.00,HL3L04,2061961708754
MT,MT-MAIN,,148-215,1.00,HL3L04,2061961708822
MT,MT-MAIN,C,150-210,4.00,HL3L04,2061961708846
MT,MT-MAIN,C,133-143,1.00,HL3L03,2061961708877
MT,MT-MAIN,C,133-147,1.00,HL3L03,2061961708907
MT,MT-MAIN,C,104-201,1.00,HL3L38,2061961709102
MT,MT-MAIN,C,111-215,1.00,,2061961709171
MT,MT-MAIN,C,167-106,1.00,HL3L04,2061961709249
MT,MT-MAIN,,167-109,1.00,HL3L04,2061961709263
MT,MT-MAIN,,167-110,1.00,HL3L04,2061961709270
MT,MT-MAIN,C,182-305,2.00,HL3L04,2061961709799
MT,MT-MAIN,C,187-902,1.00,,2061961709928
MT,MT-MAIN,C,104-135A,2.00,HL3L03,2061961710818
MT,MT-MAIN,,908353,1.00,HL3L19,2061971700014
MT,MT-MAIN,,172-119,3.00,,2061971700052
MT,MT-MAIN,,512076,1.00,,2061971700229
MT,MT-MAIN,,512077,1.00,,2061971700236
MT,MT-MAIN,,172-295,1.00,HL3L04,2061971700274
MT,MT-MAIN,C,4203766,1.00,,2061971700557
MT,MT-MAIN,,015930,1.00,,2061971700854
MT,MT-MAIN,,016312,1.00,HL3L02,2061971700878
MT,MT-MAIN,,016311,2.00,HL3L02,2061971700885
MT,MT-MAIN,,332-131E,2.00,,2061971700892
MT,MT-MAIN,,983-352,1.00,,2061971700946
MT,MT-MAIN,,529-556,1.00,HL3L25,2061981700035
MT,MT-MAIN,,572-125,1.00,HL3L25,2061981700363
MT,MT-MAIN,,240968,1.00,,2061981701063
MT,MT-MAIN,,529-201-5***,1.00,HL3L25,2061981701155
MT,MT-MAIN,,539-806,1.00,HL3L24,2061981701353
MT,MT-MAIN,,539-809,1.00,HL3L25,2061981701438
MT,MT-MAIN,,539-822,1.00,HL3L36,2061981701629
MT,MT-MAIN,,539-804,1.00,HL3L25,2061981701742
MT,MT-MAIN,,174-183E,1.00,HL3L21,2061981701759
MT,MT-MAIN,,174-185E,3.00,HL3L21,2061981701810
MT,MT-MAIN,,539-814R,2.00,HL3L24,2061981701889
MT,MT-MAIN,,539-277-30R,1.00,HL3L24,2061981701896
MT,MT-MAIN,,995594,1.00,,2061991700056
MT,MT-MAIN,,996018,2.00,,2061991700070
MT,MT-MAIN,,970-208,1.00,,2061991700094
MT,MT-MAIN,,532275,2.00,,2061991700117
MT,MT-MAIN,,531816,2.00,,2061991700124
MT,MT-MAIN,,535653,2.00,,2061991700131
MT,MT-MAIN,,179-756,1.00,,2061991700148
MT,MT-MAIN,,010021,1.00,,2061991700179
MT,MT-MAIN,,997151,28.00,,2061991700223
MT,MT-MAIN,,356058,24.00,,2061991700230
MT,MT-MAIN,,010023,1.00,,2061991700346
MT,MT-MAIN,,179-721,1.00,,2061991700407
MT,MT-MAIN,,996141,2.00,,2061991700575
MT,MT-MAIN,,06AAG125,2.00,,2061991700742
MT,MT-MAIN,B,574-005E,1.00,,2061991700780
MT,MT-MAIN,,176-360,1.00,,2061991700834
MT,MT-MAIN,,378-858-5,1.00,,2061991700858
MT,MT-MAIN,,A/1047/3485,3.00,,2061991700957
MT,MT-MAIN,,A/1047/3484,3.00,,2061991700964
MT,MT-MAIN,,218-001,1.00,HL3L31,2061991701619
MT,MT-MAIN,,218-003,1.00,,2061991701626
MT,MT-MAIN,,375-031,2.00,,2061991701855
MT,MT-MAIN,,377-018,1.00,,2061991702265
MT,MT-MAIN,,962025,2.00,,2061991702289
MT,MT-MAIN,,011189,1.00,,2061991702333
MT,MT-MAIN,,S/N 9MO216-194,1.00,,2061991702340
MT,MT-MAIN,,S/N 9M0216-195,1.00,,2061991702357
MT,MT-MAIN,,06AAQ557,2.00,HL3L02,2061991702388
MT,MT-MAIN,,961852,2.00,,2061991702418
MT,MT-MAIN,,960238,1.00,,2061991702432
MT,MT-MAIN,,960644,1.00,,2061991702449
MT,MT-MAIN,,06AAQ672,1.00,,2061991702500
MT,MT-MAIN,,541087,20.00,,2062001700028
MT,MT-MAIN,,731126,5.00,,2062001700035
MT,MT-MAIN,C,900258,2.00,HL3L19,2062001700042
MT,MT-MAIN,O,936287,5.00,,2062001700172
MT,MT-MAIN,A,905338,5.00,HL3L18,2062001700189
MT,MT-MAIN,O,164-104,1.00,A2R015,2062001700240
MT,MT-MAIN,,542-002-1,1.00,,2062001700301
MT,MT-MAIN,O,541493,14.00,,2062001700417
MT,MT-MAIN,C,938882,20.00,HL3L19,2062001700769
MT,MT-MAIN,O,192-001,6.00,,2062001701032
MT,MT-MAIN,C,937244,3.00,,2062001701193
MT,MT-MAIN,B,500-445,3.00,HL3L08,2062001701766
MT,MT-MAIN,B,500-505-10,2.00,HL3L42,2062001701810
MT,MT-MAIN,C,905409,4.00,HL3L19,2062001702497
MT,MT-MAIN,A,500-506-10,3.00,HL3L42,2062001702909
MT,MT-MAIN,,99TDP003,1.00,,2062001703005
MT,MT-MAIN,,A-5000-7808,2.00,HL3L22,2062031100065
MT,MT-MAIN,,A-5000-3552,1.00,HL3L22,2062031100089
MT,MT-MAIN,,M-5000-3592,1.00,HL3L22,2062031100119
MT,MT-MAIN,,A-5000-7806,14.00,HL3L22,2062031100133
MT,MT-MAIN,,A-5000-3627,1.00,HL3L22,2062031100157
MT,MT-MAIN,,A-5000-7805,8.00,HL3L22,2062031100188
MT,MT-MAIN,,M-5000-7633,2.00,HL3L22,2062031100201
MT,MT-MAIN,,A-5000-3603,6.00,HL3L22,2062031100218
MT,MT-MAIN,,A-5000-3709,2.00,HL3L22,2062031100300
MT,MT-MAIN,,A-5000-7801,1.00,HL3L22,2062031100324
MT,MT-MAIN,,A-5000-8663,5.00,HL3L22,2062031100508
MT,MT-MAIN,X  09-21-99,A-1371-0163,1.00,HL3L22,2062031100607
MT,MT-MAIN,,A-1332-0008-SHANK,1.00,HL3L22,2062031100614
MT,MT-MAIN,,AA-2.60,1.00,HL3L28,2062041400407
MT,MT-MAIN,,A-5707-0100,1.00,HL3L20,2062281105421
MT,MT-MAIN,,S/N 867A13 C/N: A-5063-1141,1.00,HL3L22,2062281105544
MT,MT-MAIN,,960219B,1.00,,2062281700015
MT,MT-MAIN,,06AAP982,1.00,HL3L02,2062281704594
MT,MT-MAIN,,A-1207-0020-RBE,2.00,HL3L22,2062281704815
MT,MT-MAIN,,A/1207/0010,1.00,HL3L20,2062281705201
MT,MT-MAIN,,A-5003-0938,1.00,HL3L22,2062281705263
MT,MT-MAIN,,270732-L,16.00,HL3L22,2063091613182
MT,MT-MAIN,,270732-L*,1.00,,2063091613700
MT,MT-MAIN,,GRACE UF25,1.00,HL3L35,2063091616831
MT,MT-MAIN,,S/N 24236127,1.00,HL3L22,2063091617746
MT,MT-MAIN,,RS-TBLE-050407,1.00,,2063091618569
MT,MT-MAIN,,KTH-D530/512,1.00,HL3L22,2063091618866
MT,MT-MAIN,,517308-L,2.00,,2063091620142
MT,MT-MAIN,,5319854,3.00,HL3L22,2063091621064
MT,MT-MAIN,,2223817,25.00,HL3L22,2063091622320
MT,MT-MAIN,,380028-L,3.00,HL3L22,2063091623099
MT,MT-MAIN,,S/N KTD-PE313ES/2G,1.00,HL3L22,2063091625536
MT,MT-MAIN,,S/N M378B5773CH0-CH9,1.00,HL3L22,2063091625901
MT,MT-MAIN,,KTD-XPS730C/8G,1.00,HL3L22,2063091628483
MT,MT-MAIN,,300101,2.00,,2063091632411
MT,MT-MAIN,,99TDP005,1.00,,2063091709847
MT,MT-MAIN,,19BAA016,1.00,,2063091710096
MT,MT-MAIN,,A-5000-3615,12.00,HL3L22,2063091710263
MT,MT-MAIN,,A-5003-0033,8.00,HL3L22,2063091710287
MT,MT-MAIN,,160589,1.00,,2063091710874
MT,MT-MAIN,,A/1051/0417,1.00,,2063091710928
MT,MT-MAIN,,A/1345/0220,1.00,HL3L20,2063091710942
MT,MT-MAIN,,19BAA053,2.00,HL3L09,2063091711284
MT,MT-MAIN,,12AAA500,1.00,,2063091711376
MT,MT-MAIN,,09CAA810,1.00,HL3L02,2063091711550
MT,MT-MAIN,,997597,3.00,,2063091711659
MT,MT-MAIN,,SN: C70701,1.00,,2063091711727
MT,MT-MAIN,,517584,4.00,HL3L10,2063091711857
MT,MT-MAIN,,12BAE233,1.00,HL3L09,2063091711864
MT,MT-MAIN,,384145,1.00,HL3L07,2063091712106
MT,MT-MAIN,,997801,1.00,,2063091712137
MT,MT-MAIN,,356987,1.00,HL3L07,2063091712144
MT,MT-MAIN,,12AAC731,2.00,HL3L09,2063091712168
MT,MT-MAIN,,A-5003-0051,9.00,HL3L20,2063091712182
MT,MT-MAIN,,176-306,1.00,,2063091712212
MT,MT-MAIN,,178-393,1.00,,2063091712311
MT,MT-MAIN,,12AAA222,1.00,HL3L09,2063091712328
MT,MT-MAIN,,178-394,1.00,HL3L04,2063091712342
MT,MT-MAIN,,06AAP628P,1.00,HL3L02,2063091712540
MT,MT-MAIN,,381381,4.00,HL3L07,2063091712847
MT,MT-MAIN,,352637,8.00,HL3L07,2063091713202
MT,MT-MAIN,,378-813-3,1.00,,2063091713264
MT,MT-MAIN,,172-184,1.00,HL3L04,2063091713431
MT,MT-MAIN,,357651,2.00,HL3L07,2063091713448
MT,MT-MAIN,,09CAA270,1.00,,2063091713493
MT,MT-MAIN,,12BAD404,3.00,,2063091713721
MT,MT-MAIN,,384177,7.00,,2063091713738
MT,MT-MAIN,,MV-03-010-05,148.00,,2063091713806
MT,MT-MAIN,,12BAA644,1.00,HL3L09,2063091713813
MT,MT-MAIN,,MV-01-010-02,2.00,,2063091713882
MT,MT-MAIN,,MV-01-010-08,5.00,,2063091713936
MT,MT-MAIN,,172-474,1.00,HL3L04,2063091714087
MT,MT-MAIN,,A-1047-3932,1.00,,2063091714360
MT,MT-MAIN,,A-1015-7694,1.00,,2063091714377
MT,MT-MAIN,,M-5000-3540,1.00,,2063091714414
MT,MT-MAIN,,332-151,1.00,,2063091714476
MT,MT-MAIN,,12AAE671,1.00,,2063091714483
MT,MT-MAIN,,12BAD284,2.00,HL3L09,2063091714520
MT,MT-MAIN,,09BAA405-A,1.00,HL3L02,2063091714797
MT,MT-MAIN,,PP-02-011,1.00,HL3L20,2063091715015
MT,MT-MAIN,,375-036,1.00,,2063091715039
MT,MT-MAIN,,FN 283-2-06,6.00,HL3L22,2063091715091
MT,MT-MAIN,,182-512-10,1.00,HL3L04,2063091715244
MT,MT-MAIN,,A-1085-0016,3.00,HL3L22,2063091715251
MT,MT-MAIN,,990235,3.00,,2063091715329
MT,MT-MAIN,,236038,4.00,,2063091715374
MT,MT-MAIN,,12AAD336,1.00,,2063091715480
MT,MT-MAIN,,957261,4.00,HL3L19,2063091715879
MT,MT-MAIN,,02AGD120,2.00,,2063091715923
MT,MT-MAIN,,517-305C,1.00,,2063091716036
MT,MT-MAIN,,A-5003-0040,1.00,HL3L22,2063091716074
MT,MT-MAIN,,STAND FOR QM DATA,1.00,,2063091716289
MT,MT-MAIN,,384467,1.00,HL3L07,2063091716319
MT,MT-MAIN,,02ALG010,1.00,,2063091716371
MT,MT-MAIN,,517-114C,3.00,SR-CA1,2063091716609
MT,MT-MAIN,,12BAA153,1.00,HL3L09,2063091716845
MT,MT-MAIN,,270276,1.00,,2063091716852
MT,MT-MAIN,,378-804-2,1.00,,2063091716883
MT,MT-MAIN,,378-811-3,1.00,,2063091716890
MT,MT-MAIN,,12AAB811,1.00,,2063091716982
MT,MT-MAIN,,19BAA039,1.00,HL3L04,2063091717279
MT,MT-MAIN,,165998,5.00,,2063091717460
MT,MT-MAIN,,383141,5.00,,2063091717538
MT,MT-MAIN,,12BAD352,1.00,,2063091717989
MT,MT-MAIN,,542-222H,1.00,,2063091718122
MT,MT-MAIN,,B244H09P,1.00,,2063091718139
MT,MT-MAIN,,12BAD342,6.00,HL3L09,2063091718344
MT,MT-MAIN,,12BAA190,1.00,HL3L09,2063091718511
MT,MT-MAIN,,0180101-00,1.00,HL3L02,2063091718528
MT,MT-MAIN,,234307,1.00,,2063091718559
MT,MT-MAIN,,12BAA373,1.00,,2063091718672
MT,MT-MAIN,,240202,1.00,,2063091718702
MT,MT-MAIN,,02AUJ430,1.00,,2063091718771
MT,MT-MAIN,,939083,1.00,,2063091718948
MT,MT-MAIN,,06AAQ473,1.00,,2063091719204
MT,MT-MAIN,,356400,3.00,,2063091719228
MT,MT-MAIN,,02AUD500-REP,1.00,,2063091719310
MT,MT-MAIN,,31011,1.00,,2063091719655
MT,MT-MAIN,,A-5003-1345,5.00,HL3L22,2063091719686
MT,MT-MAIN,,961831*,1.00,,2063091720026
MT,MT-MAIN,,19BAA358,1.00,,2063091720170
MT,MT-MAIN,,12AAC739,1.00,HL3L09,2063091720187
MT,MT-MAIN,,12BAA632,3.00,HL3L09,2063091720385
MT,MT-MAIN,,06AAJ453B,1.00,HL3L02,2063091720552
MT,MT-MAIN,,A-1332-0008*,1.00,HL3L20,2063091720576
MT,MT-MAIN,,06ABJ722*,1.00,HL3L02,2063091720637
MT,MT-MAIN,,02AKK130B,4.00,,2063091721092
MT,MT-MAIN,,961468,1.00,,2063091721245
MT,MT-MAIN,,06YGA004,1.00,,2063091721313
MT,MT-MAIN,,09BAA321A,1.00,,2063091721382
MT,MT-MAIN,,11BAD485,1.00,HL3L09,2063091721511
MT,MT-MAIN,,012710MAP,1.00,,2063091721573
MT,MT-MAIN,,09CAB182,3.00,HL3L02,2063091721634
MT,MT-MAIN,,AT-GPIB,1.00,,2063091721856
MT,MT-MAIN,,12BAD764,1.00,HL3L09,2063091722020
MT,MT-MAIN,,06AAJ935A (USED),1.00,,2063091722211
MT,MT-MAIN,,06AAP455-RBE,2.00,,2063091722389
MT,MT-MAIN,,02AZD810D,8.00,HL3L02,2063091722495
MT,MT-MAIN,,02AZD790C,2.00,HL3L02,2063091722518
MT,MT-MAIN,,02AZD790B,2.00,HL3L02,2063091722525
MT,MT-MAIN,,06AAL950-RBE,1.00,,2063091722532
MT,MT-MAIN,,A-1032-0100,1.00,HL3L20,2063091722549
MT,MT-MAIN,,IC-ROM,1.00,,2063091722600
MT,MT-MAIN,,02APS950,1.00,HL3L02,2063091722952
MT,MT-MAIN,,357639,1.00,HL3L07,2063091723119
MT,MT-MAIN,,06ABJ463D,3.00,HL3L02,2063091723911
MT,MT-MAIN,,06AAP638R,1.00,HL3L02,2063091723928
MT,MT-MAIN,,12BAD618,1.00,HL3L09,2063091724024
MT,MT-MAIN,,12AAG987,4.00,,2063091724413
MT,MT-MAIN,,06ABB143,4.00,HL3L02,2063091724451
MT,MT-MAIN,,172-472,1.00,,2063091724550
MT,MT-MAIN,,06AAP628T,1.00,HL3L02,2063091724581
MT,MT-MAIN,,542-158,1.00,,2063091724710
MT,MT-MAIN,,12AAL043,2.00,HL3L09,2063091725007
MT,MT-MAIN,,06ABP583,3.00,,2063091725168
MT,MT-MAIN,,172-475,1.00,HL3L04,2063091725687
MT,MT-MAIN,,02ANB071A,1.00,HL3L04,2063091726011
MT,MT-MAIN,,384109,1.00,HL3L07,2063091726110
MT,MT-MAIN,,12BAD261,1.00,HL3L09,2063091726172
MT,MT-MAIN,,02APA529,1.00,,2063091726974
MT,MT-MAIN,,HWS300-24,1.00,HL3L20,2063091727032
MT,MT-MAIN,,06AAH022,1.00,HL3L02,2063091727339
MT,MT-MAIN,,11AAB753,1.00,HL3L09,2063091727452
MT,MT-MAIN,,SPMC-4,1.00,HL3L20,2063091727490
MT,MT-MAIN,,12BAA388,1.00,HL3L09,2063091727513
MT,MT-MAIN,,VMM-O,1.00,HL3L20,2063091727681
MT,MT-MAIN,,FMM-O,20.00,,2063091727735
MT,MT-MAIN,,176-367-2E,1.00,HL3L23,2063091727759
MT,MT-MAIN,,02APS200Z,1.00,HL3L02,2063091727834
MT,MT-MAIN,,C521-019,4.00,HL3L20,2063091728091
MT,MT-MAIN,,C521-020,3.00,HL3L20,2063091728152
MT,MT-MAIN,,02APL870A,1.00,HL3L02,2063091728220
MT,MT-MAIN,,12AAL068,5.00,HL3L09,2063091728244
MT,MT-MAIN,,K550886,2.00,,2063091728312
MT,MT-MAIN,,02ANA700,1.00,HL3L02,2063091728459
MT,MT-MAIN,,12BAD370,1.00,,2063091728466
MT,MT-MAIN,,02APA900,1.00,,2063091728510
MT,MT-MAIN,,305053,2.00,HL3L07,2063091728527
MT,MT-MAIN,,06ABL020,1.00,HL3L02,2063091728794
MT,MT-MAIN,,06ABL022,6.00,HL3L02,2063091728800
MT,MT-MAIN,,211975,3.00,HL3L05,2063091728886
MT,MT-MAIN,,02APP310Z,2.00,HL3L02,2063091728985
MT,MT-MAIN,,12BAD602,4.00,HL3L09,2063091729029
MT,MT-MAIN,,12BAM095,4.00,HL3L09,2063091729067
MT,MT-MAIN,,06AEL320D,1.00,HL3L02,2063091729210
MT,MT-MAIN,,12BAA718,1.00,HL3L09,2063091729326
MT,MT-MAIN,,517181-L,3.00,HL3L10,2063091729500
MT,MT-MAIN,,K651133,2.00,HL3L20,2063091729708
MT,MT-MAIN,,383061,1.00,HL3L07,2063091729784
MT,MT-MAIN,,355915,1.00,HL3L07,2063091730247
MT,MT-MAIN,,A300-013,2.00,HL3L20,2063091730742
MT,MT-MAIN,,63ETB021,1.00,HL3L18,2063091730889
MT,MT-MAIN,,06ABE463,2.00,HL3L02,2063091730995
MT,MT-MAIN,,512531,1.00,HL3L10,2063091731114
MT,MT-MAIN,,12AAC734,1.00,HL3L09,2063091731176
MT,MT-MAIN,,02APY726A,1.00,HL3L02,2063091731268
MT,MT-MAIN,,K651170,4.00,HL3L20,2063091731343
MT,MT-MAIN,,K651040,9.00,HL3L20,2063091732005
MT,MT-MAIN,,K651350,1.00,HL3L20,2063091732012
MT,MT-MAIN,,A/5000/7805,1.00,HL3L22,2063091732517
MT,MT-MAIN,,12AAJ088,1.00,HL3L09,2063091732685
MT,MT-MAIN,,06AEH141,1.00,HL3L02,2063091732982
MT,MT-MAIN,,S/N 902V45,1.00,HL3L22,2063091733057
MT,MT-MAIN,,06ABY230,1.00,HL3L02,2063091733354
MT,MT-MAIN,,12BAM368,1.00,HL3L09,2063091733392
MT,MT-MAIN,,02ATN695,1.00,HL3L02,2063091733637
MT,MT-MAIN,,A-1047-3484-06,1.00,HL3L22,2063091733989
MT,MT-MAIN,,A-1047-3485-05,1.00,HL3L22,2063091733996
MT,MT-MAIN,,SPMC-SR8-1M,91.00,HL3L20,2063091734047
MT,MT-MAIN,,C521-003,10.00,HL3L20,2063091734139
MT,MT-MAIN,,C521-001,10.00,HL3L20,2063091734146
MT,MT-MAIN,,516413,2.00,HL3L10,2063091734160
MT,MT-MAIN,,06AAW407,1.00,HL3L02,2063091734337
MT,MT-MAIN,,06AEB544,1.00,,2063091734344
MT,MT-MAIN,,12BAH736,2.00,HL3L09,2063091734511
MT,MT-MAIN,,12AAG701,10.00,HL3L09,2063091734795
MT,MT-MAIN,,A/5882/0010,1.00,,2063091735044
MT,MT-MAIN,,K651041,9.00,HL3L20,2063091735266
MT,MT-MAIN,,AFB-LF-GREASE,1.00,HL3L22,2063091735402
MT,MT-MAIN,,810-039,1.00,HL3L18,2063091735631
MT,MT-MAIN,,A-1051-0417-03,1.00,HL3L20,2063091735655
MT,MT-MAIN,C,02AZD730G,7.00,HL3L02,2063091736195
MT,MT-MAIN,,06AED106*,1.00,HL3L02,2063091736294
MT,MT-MAIN,,12BAD893,1.00,HL3L09,2063091736911
MT,MT-MAIN,,542-181HR,1.00,HL3L14,2063091737215
MT,MT-MAIN,,02DEA106,1.00,HL3L02,2063091737307
MT,MT-MAIN,,02DEA041,1.00,HL3L02,2063091737314
MT,MT-MAIN,,66AAA006-SG,2.00,,2063091737574
MT,MT-MAIN,,12AAD196,1.00,HL3L09,2063091737581
MT,MT-MAIN,,12AAW452,4.00,HL3L09,2063091737727
MT,MT-MAIN,,K651058,1.00,HL3L20,2063091737963
MT,MT-MAIN,,11BAB902,3.00,HL3L09,2063091738014
MT,MT-MAIN,,06AGG032,10.00,HL3L02,2063091738021
MT,MT-MAIN,,66TYD008-SP,3.00,HL3L18,2063091738243
MT,MT-MAIN,,66TYD007-SP,1.00,HL3L18,2063091738250
MT,MT-MAIN,,63TAA007-43MAP,1.00,HL3L18,2063091738298
MT,MT-MAIN,,66TYC001-SP,2.00,HL3L18,2063091738304
MT,MT-MAIN,,66TYC011-SP,2.00,HL3L18,2063091738670
MT,MT-MAIN,,352004021R,1.00,HL3L07,2063091739325
MT,MT-MAIN,,06AGK994,2.00,HL3L02,2063091739547
MT,MT-MAIN,,06ADC235,1.00,HL3L02,2063091739561
MT,MT-MAIN,,K651034,1.00,HL3L20,2063091739844
MT,MT-MAIN,,12BAB845,2.00,HL3L09,2063091739851
MT,MT-MAIN,,02ZAA020,1.00,HL3L02,2063091740000
MT,MT-MAIN,,06AGK703,1.00,HL3L02,2063091740536
MT,MT-MAIN,,A/5863/0100,1.00,,2063091740567
MT,MT-MAIN,,518-245,1.00,,2063091741038
MT,MT-MAIN,,957265,2.00,HL3L19,2063091741076
MT,MT-MAIN,,12AAA788,1.00,HL3L09,2063091741083
MT,MT-MAIN,,K651086,1.00,HL3L20,2063091741113
MT,MT-MAIN,,66PCA001D-SG,1.00,HL3L23,2063091741151
MT,MT-MAIN,,LS DRO/BRCKT,2.00,,2063201601078
MT,MT-MAIN,,HLX 64642,5.00,HL3L22,2063201601115
MT,MT-MAIN,,68100,5.00,HL3L22,2063201601146
MT,MT-MAIN,,215390-L,1.00,HL3L22,2063201601252
MT,MT-MAIN,,SS 750X500X130,1.00,,2063201601344
MT,MT-MAIN,,SS 1000 X 1000 X 150,1.00,,2063201601368
MT,MT-MAIN,,409737,3.00,HL3L22,2063201601566
MT,MT-MAIN,,HLX 64653,2.00,HL3L22,2063201601580
MT,MT-MAIN,,12AAD435,1.00,HL3L25,2063311703051
MT,MT-MAIN,C,123-112,1.00,HL3L37,2063421700049
MT,MT-MAIN,A,192-130,1.00,HL3L40,2063421700063
MT,MT-MAIN,B,500-501-10,3.00,HL3L16,2063421700070
MT,MT-MAIN,C,103-140-10,9.00,HL3L03,2063421700216
MT,MT-MAIN,C,516-960-10,1.00,HL3L29,2063421700346
MT,MT-MAIN,,938504,1.00,,2063421700544
MT,MT-MAIN,C,527-122,2.00,HL3L13,2063421711007
MT,MT-MAIN,C,182-121,4.00,HL3L04,2063421711304
MT,MT-MAIN,C,04GZA811A,1.00,HL3L02,2063421711342
MT,MT-MAIN,C,206170,3.00,HL3L05,2063421711465
MT,MT-MAIN,,3373171-RS,4.00,HL3L22,2063461607179
MT,MT-MAIN,,5157476,1.00,HL3L22,2063461607704
MT,MT-MAIN,,423-5402,1.00,HL3L22,2063461607971
MT,MT-MAIN,,RA-116 HANDLE,1.00,,2063461700122
MT,MT-MAIN,O,939214,1.00,,2063461701266
MT,MT-MAIN,,990841,3.00,,2063461701358
MT,MT-MAIN,,517308,15.00,HL3L10,2063461704694
MT,MT-MAIN,,961849,1.00,,2063461704717
MT,MT-MAIN,,512305,4.00,HL3L10,2063461704762
MT,MT-MAIN,C,902119,2.00,HL3L19,2063461704977
MT,MT-MAIN,C,137413,6.00,HL3L03,2063461704991
MT,MT-MAIN,C,207000,6.00,HL3L05,2063461705004
MT,MT-MAIN,C,Z0212,1.00,,2063461705028
MT,MT-MAIN,C,136013,2.00,HL3L03,2063461705103
MT,MT-MAIN,C,103010,4.00,HL3L03,2063461705196
MT,MT-MAIN,C,101479,11.00,,2063461705202
MT,MT-MAIN,C,101386,1.00,HL3L03,2063461705219
MT,MT-MAIN,,12AAA202,1.00,,2063461705240
MT,MT-MAIN,C,07GZA000,1.00,HL3L02,2063461705271
MT,MT-MAIN,,19BAA082,2.00,,2063461705301
MT,MT-MAIN,C,953559,1.00,HL3L19,2063461705455
MT,MT-MAIN,C,190548,3.00,HL3L04,2063461705523
MT,MT-MAIN,C,21AAA258,2.00,HL3L05,2063461705530
MT,MT-MAIN,C,900320,4.00,,2063461705837
MT,MT-MAIN,C,108000,1.00,HL3L03,2063461705875
MT,MT-MAIN,C,09EAA082,11.00,HL3L02,2063461705899
MT,MT-MAIN,C,131365,4.00,HL3L03,2063461706056
MT,MT-MAIN,C,04GZA239,6.00,HL3L02,2063461706230
MT,MT-MAIN,C,901385,2.00,HL3L19,2063461706247
MT,MT-MAIN,C,304055,19.00,,2063461706285
MT,MT-MAIN,C,190550,5.00,HL3L04,2063461706308
MT,MT-MAIN,C,137557,6.00,HL3L03,2063461706315
MT,MT-MAIN,O,527603,1.00,,2063461706384
MT,MT-MAIN,O,527604,1.00,,2063461706391
MT,MT-MAIN,O,527605,2.00,,2063461706407
MT,MT-MAIN,O,685013,2.00,,2063461706414
MT,MT-MAIN,O,900030,1.00,A2R014,2063461706452
MT,MT-MAIN,C,103017,2.00,HL3L03,2063461706483
MT,MT-MAIN,C,05CZA662,3.00,HL3L02,2063461706636
MT,MT-MAIN,C,05CZA624,7.00,HL3L02,2063461706643
MT,MT-MAIN,C,301336,9.00,HL3L07,2063461706971
MT,MT-MAIN,C,950062,7.00,HL3L19,2063461707046
MT,MT-MAIN,,02APA570A,1.00,HL3L02,2063461707084
MT,MT-MAIN,C,05CZA663,3.00,HL3L02,2063461707350
MT,MT-MAIN,C,985081,2.00,HL3L19,2063461707510
MT,MT-MAIN,,06AAL822B,1.00,HL3L02,2063461707572
MT,MT-MAIN,C,21AAA256,1.00,HL3L05,2063461707602
MT,MT-MAIN,C,101120,1.00,HL3L03,2063461707664
MT,MT-MAIN,C,21AAA332,4.00,HL3L05,2063461707787
MT,MT-MAIN,C,04GZA241,3.00,HL3L02,2063461707800
MT,MT-MAIN,,C521-002,6.00,HL3L20,2063461707879
MT,MT-MAIN,,RA SHFT ASSY,9.00,,2063461707886
MT,MT-MAIN,C,137693,2.00,HL3L03,2063461708098
MT,MT-MAIN,C,21AAA333,3.00,HL3L05,2063461708265
MT,MT-MAIN,C,21AAA334,1.00,HL3L05,2063461708289
MT,MT-MAIN,C,102037,2.00,HL3L03,2063461708401
MT,MT-MAIN,C,21CZA209,1.00,HL3L05,2063461708432
MT,MT-MAIN,C,21EZA198,2.00,HL3L05,2063461708449
MT,MT-MAIN,C,21AAA346,2.00,HL3L05,2063461708456
MT,MT-MAIN,C,600006,6.00,HL3L18,2063461708524
MT,MT-MAIN,C,21AAA337,2.00,HL3L05,2063461708548
MT,MT-MAIN,C,619013,1.00,HL3L18,2063461708579
MT,MT-MAIN,C,301657,2.00,HL3L07,2063461708623
MT,MT-MAIN,C,050083-10,2.00,HL3L02,2063461708654
MT,MT-MAIN,C,12AAC072,1.00,HL3L09,2063461708753
MT,MT-MAIN,C,02AZC340,2.00,HL3L02,2063461708784
MT,MT-MAIN,,02ACB630,4.00,HL3L02,2063461708845
MT,MT-MAIN,C,953553,1.00,HL3L19,2063461709125
MT,MT-MAIN,C,02AZD790A,4.00,HL3L02,2063461709163
MT,MT-MAIN,C,02AZD790F,9.00,HL3L02,2063461709170
MT,MT-MAIN,C,21AZB150,1.00,HL3L05,2063461709248
MT,MT-MAIN,,06ADV380A,1.00,HL3L02,2063461709668
MT,MT-MAIN,C,21AAA336,2.00,HL3L05,2063461709675
MT,MT-MAIN,C,136104,1.00,HL3L03,2063461709682
MT,MT-MAIN,C,21DZA232D,1.00,HL3L05,2063461709910
MT,MT-MAIN,C,21DZA232E,1.00,HL3L05,2063461709927
MT,MT-MAIN,C,21DZA232G,1.00,HL3L05,2063461709941
MT,MT-MAIN,C,21DZA232H,1.00,HL3L05,2063461709958
MT,MT-MAIN,C,02AZE140F,3.00,HL3L02,2063461710008
MT,MT-MAIN,C,21EZA105,1.00,HL3L05,2063461710015
MT,MT-MAIN,C,04AZB157,2.00,HL3L02,2063461710053
MT,MT-MAIN,,02AZD790D,1.00,HL3L02,2063461710084
MT,MT-MAIN,C,02AZE200,2.00,HL3L02,2063461710107
MT,MT-MAIN,C,21AAA168,5.00,HL3L05,2063461710169
MT,MT-MAIN,,1-101040,1.00,HL3L03,2063461710190
MT,MT-MAIN,C,21AAA259F,3.00,HL3L05,2063461710206
MT,MT-MAIN,C,101385,2.00,HL3L03,2063461710251
MT,MT-MAIN,C,21BZB005,1.00,HL3L05,2063461710299
MT,MT-MAIN,C,04AZB138,1.00,HL3L02,2063461710343
MT,MT-MAIN,,06AFM380B,4.00,HL3L02,2063461710350
MT,MT-MAIN,,06AFM380C,3.00,HL3L02,2063461710411
MT,MT-MAIN,C,06AFM380F,4.00,HL3L02,2063461710435
MT,MT-MAIN,C,126630B,1.00,HL3L03,2063461710442
MT,MT-MAIN,C,129729,1.00,HL3L03,2063461710459
MT,MT-MAIN,,21JZA034,6.00,HL3L05,2063461710473
MT,MT-MAIN,C,21CZA232,1.00,HL3L05,2063461710534
MT,MT-MAIN,C,21AAA259A,1.00,HL3L05,2063461710596
MT,MT-MAIN,C,02AZD790G,3.00,HL3L02,2063461710602
MT,MT-MAIN,C,301659,2.00,HL3L07,2063461710640
MT,MT-MAIN,,264-623,9.00,HL3L05,2063461710671
MT,MT-MAIN,C,02AZF310,28.00,HL3L02,2063461710688
MT,MT-MAIN,,952137,2.00,HL3L19,2063461710701
MT,MT-MAIN,,264-621,19.00,HL3L05,2063461710725
MT,MT-MAIN,C,02AZF300,59.00,HL3L02,2063461710732
MT,MT-MAIN,,120060,1.00,HL3L03,2063461710763
MT,MT-MAIN,,264-622,2.00,HL3L05,2063461710961
MT,MT-MAIN,,264-620,1.00,HL3L05,2063461710978
MT,MT-MAIN,,211974,1.00,HL3L05,2063461711128
MT,MT-MAIN,C,21AAA012,1.00,HL3L05,2063461711180
MT,MT-MAIN,,264-624,7.00,HL3L05,2063461711227
MT,MT-MAIN,,264-627,47.00,HL3L05,2063461711234
MT,MT-MAIN,,264-625,47.00,HL3L05,2063461711265
MT,MT-MAIN,,SS 18X24X4,2.00,,2064772500029
MT,MT-MAIN,,A-1207-0010,1.00,HL3L22,2064951100057
MT,MT-MAIN,,A-1207-0011,1.00,HL3L22,2064951100064
MT,MT-MAIN,,A-5000-7800,1.00,HL3L22,2064951100071
MT,MT-MAIN,C,530-322,1.00,HL3L12,2067771700018
MT,MT-MAIN,C,103-141-10,12.00,HL3L32,2067771700056
MT,MT-MAIN,C,103-143-10,3.00,HL3L03,2067771700339
MT,MT-MAIN,A,103-139-10,8.00,HL3L03,2067771700490
MT,MT-MAIN,C,103-142-10,8.00,HL3L03,2067771700506
MT,MT-MAIN,C,103-144-10,3.00,"HL3L03, HL3L17, HL3L38",2067771700513
MT,MT-MAIN,C,182-231,3.00,HL3L04,2067771700629
MT,MT-MAIN,C,122-104,1.00,HL3L03,2067771700780
MT,MT-MAIN,C,900872,2.00,HL3L19,2067771701213
MT,MT-MAIN,O,7014,1.00,HL3L18,2067771701251
MT,MT-MAIN,C,103-150,2.00,"HL3L03, HL3L38",2067771701282
MT,MT-MAIN,O,1929F,2.00,A2R015,2067771701534
MT,MT-MAIN,A,505-684,1.00,HL3L29,2067771701978
MT,MT-MAIN,A,192-132,1.00,HL3L39,2067771702005
MT,MT-MAIN,A,510-121,5.00,HL3L29,2067771702128
MT,MT-MAIN,C,123-125,1.00,,2067771702135
MT,MT-MAIN,A,513-503T,18.00,HL3L10,2067771702333
MT,MT-MAIN,C,611612-041,1.00,HL3L18,2067771702456
MT,MT-MAIN,C,126-137,1.00,,2067771702487
MT,MT-MAIN,C,523-121,5.00,HL3L13,2067771702494
MT,MT-MAIN,A,184-304S,9.00,HL3L04,2067771702531
MT,MT-MAIN,C,103-146-10,3.00,"HL3L17, HL3L38",2067771702586
MT,MT-MAIN,C,103-145-10,3.00,"HL3L03, HL3L17, HL3L38",2067771702593
MT,MT-MAIN,C,103-148-10,3.00,"HL3L03, HL3L38",2067771702609
MT,MT-MAIN,C,103-147-10,2.00,"HL3L01, HL3L38",2067771702630
MT,MT-MAIN,C,613611-026,1.00,HL3L18,2067771702708
MT,MT-MAIN,A,184-313S,6.00,HL3L04,2067771702913
MT,MT-MAIN,C,187-906,1.00,,2067771702975
MT,MT-MAIN,C,05GZA033,1.00,HL3L02,2067771703248
MT,MT-MAIN,C,103-149,1.00,HL3L38,2067771703750
MT,MT-MAIN,A,184-301S,3.00,HL3L04,2067771703828
MT,MT-MAIN,C,530-124,2.00,HL3L12,2067771703897
MT,MT-MAIN,C,7012-10,3.00,HL3L18,2067771703903
MT,MT-MAIN,A,184-307S,3.00,HL3L04,2067771704153
MT,MT-MAIN,C,104-142A,3.00,HL3L17,2067771704177
MT,MT-MAIN,C,7210,1.00,HL3L18,2067771704269
MT,MT-MAIN,C,526-123,1.00,HL3L13,2067771704818
MT,MT-MAIN,C,526-122,1.00,HL3L13,2067771704825
MT,MT-MAIN,A,184-302S,4.00,HL3L04,2067771704863
MT,MT-MAIN,C,104-136A,3.00,"HL3L03, HL3L17",2067771704948
MT,MT-MAIN,C,546-116,1.00,HL3L15,2067771705013
MT,MT-MAIN,C,148-207,8.00,A2R014,2067771705082
MT,MT-MAIN,C,611821-021,1.00,HL3L18,2067771705099
MT,MT-MAIN,C,148-103,2.00,,2067771705303
MT,MT-MAIN,A,2910S-72,4.00,HL3L06,2067771705464
MT,MT-MAIN,C,123-115,1.00,,2067771705495
MT,MT-MAIN,C,368-168,2.00,HL3L07,2067771705563
MT,MT-MAIN,C,04AZA728,8.00,,2067771706645
MT,MT-MAIN,C,04AZA720,4.00,A2R015,2067771706652
MT,MT-MAIN,C,183-304,4.00,HL3L04,2067771706683
MT,MT-MAIN,C,104-143A,2.00,HL3L17,2067771706850
MT,MT-MAIN,C,155-132,1.00,HL3L04,2067771706904
MT,MT-MAIN,C,187-501,1.00,HL3L04,2067771706966
MT,MT-MAIN,C,516-103-60,1.00,,2067771707130
MT,MT-MAIN,C,530-122,9.00,HL3L12,2067771707215
MT,MT-MAIN,A,2959S,28.00,A2R015,2067771707703
MT,MT-MAIN,A,2901S-10,1.00,HL3L06,2067771707710
MT,MT-MAIN,A,2113S-10,4.00,,2067771707727
MT,MT-MAIN,A,192-631-10,2.00,HL3L41,2067771707963
MT,MT-MAIN,A,513-512T,2.00,HL3L10,2067771708199
MT,MT-MAIN,A,2929SB-62,6.00,HL3L06,2067771708434
MT,MT-MAIN,A,1044S-60,1.00,,2067771708502
MT,MT-MAIN,C,197-101,1.00,,2067771708588
MT,MT-MAIN,C,511-702,1.00,HL3L29,2067771708953
MT,MT-MAIN,C,614624-021,1.00,A2R014,2067771708984
MT,MT-MAIN,A,156-101-10,44.00,HL3L32,2067771708991
MT,MT-MAIN,C,103-152,1.00,HL3L38,2067771709172
MT,MT-MAIN,C,147-201,1.00,A2R014,2067771709325
MT,MT-MAIN,A,7010S-10,40.00,HL3L24,2067771709387
MT,MT-MAIN,A,7011S-10,9.00,HL3L24,2067771709394
MT,MT-MAIN,C,215-151-10,2.00,SR-CA8,2067771709417
MT,MT-MAIN,C,215-153-10,1.00,SR-CA6,2067771709424
MT,MT-MAIN,C,215-156-10,2.00,,2067771709431
MT,MT-MAIN,C,511-815,1.00,HL3L29,2067771709622
MT,MT-MAIN,C,188-153,1.00,HL3L04,2067771710086
MT,MT-MAIN,C,104-144A,1.00,HL3L36,2067771710628
MT,MT-MAIN,C,7002-10,1.00,HL3L18,2067771710666
MT,MT-MAIN,C,526-101,1.00,HL3L13,2067771710673
MT,MT-MAIN,C,611506-041,1.00,HL3L18,2067771711021
MT,MT-MAIN,C,611611-041,1.00,HL3L18,2067771711038
MT,MT-MAIN,C,368-178,1.00,HL3L07,2067771711618
MT,MT-MAIN,C,104-140A,1.00,HL3L03,2067771711670
MT,MT-MAIN,C,368-161,1.00,HL3L07,2067771711731
MT,MT-MAIN,C,613681-031,1.00,HL3L18,2067771711809
MT,MT-MAIN,C,7001-10,2.00,HL3L18,2067771711885
MT,MT-MAIN,C,102-708,1.00,,2067771712103
MT,MT-MAIN,C,104-141A,1.00,HL3L03,2067771712127
MT,MT-MAIN,A,293-230-30,62.00,HL3L06,2067771712677
MT,MT-MAIN,C,511-201,2.00,HL3L29,2067771712882
MT,MT-MAIN,C,188-152,1.00,HL3L04,2067771712998
MT,MT-MAIN,C,209-303,1.00,HL3L05,2067771713445
MT,MT-MAIN,C,1929SB-62,5.00,,2067771713711
MT,MT-MAIN,C,613673-021,1.00,HL3L18,2067771713797
MT,MT-MAIN,C,147-202,1.00,HL3L04,2067771713827
MT,MT-MAIN,C,115-117,1.00,,2067771714107
MT,MT-MAIN,C,511-703,2.00,HL3L29,2067771714381
MT,MT-MAIN,C,2356S-10,1.00,HL3L05,2067771714473
MT,MT-MAIN,C,611616-031,1.00,HL3L18,2067771714480
MT,MT-MAIN,C,1230S-01,1.00,,2067771714558
MT,MT-MAIN,A,2805S-10,14.00,HL3L05,2067771714817
MT,MT-MAIN,C,523-123,2.00,HL3L13,2067771715111
MT,MT-MAIN,A,505-733,1.00,HL3L29,2067771715203
MT,MT-MAIN,,505-732,1.00,HL3L29,2067771715296
MT,MT-MAIN,C,530-100,4.00,HL3L12,2067771715302
MT,MT-MAIN,C,3058SB-19,1.00,HL3L07,2067771715364
MT,MT-MAIN,C,368-003,1.00,HL3L07,2067771715395
MT,MT-MAIN,C,368-180,1.00,HL3L26,2067771715463
MT,MT-MAIN,A,513-412-10T,1.00,HL3L10,2067771715814
MT,MT-MAIN,C,513-465-10E,5.00,HL3L10,2067771715845
MT,MT-MAIN,A,513-404-10T,5.00,HL3L10,2067771715968
MT,MT-MAIN,C,368-179,1.00,HL3L07,2067771715975
MT,MT-MAIN,A,2910S-10,1.00,HL3L06,2067771716040
MT,MT-MAIN,A,513-415-10E,6.00,HL3L10,2067771716200
MT,MT-MAIN,A,513-405-10T,4.00,HL3L10,2067771716224
MT,MT-MAIN,A,513-425-10E,1.00,HL3L10,2067771716354
MT,MT-MAIN,A,513-414-10E,5.00,HL3L10,2067771716361
MT,MT-MAIN,A,513-474-10E,2.00,HL3L10,2067771716415
MT,MT-MAIN,A,513-415-10T,1.00,HL3L10,2067771716477
MT,MT-MAIN,A,505-746,1.00,HL3L29,2067771716491
MT,MT-MAIN,A,513-471-10E,6.00,HL3L10,2067771716507
MT,MT-MAIN,A,513-401-10E,15.00,HL3L10,2067771716569
MT,MT-MAIN,C,105-421,1.00,,2067771716675
MT,MT-MAIN,C,105-422,1.00,,2067771716682
MT,MT-MAIN,C,531-103,1.00,HL3L12,2067771716750
MT,MT-MAIN,A,513-406-10T,2.00,HL3L10,2067771716774
MT,MT-MAIN,C,209-911,1.00,HL3L05,2067771717016
MT,MT-MAIN,A,513-424-10E,2.00,HL3L10,2067771717030
MT,MT-MAIN,C,181-146,4.00,,2067771717054
MT,MT-MAIN,C,530-102,4.00,HL3L12,2067771717061
MT,MT-MAIN,C,2358S-10,1.00,HL3L05,2067771717108
MT,MT-MAIN,A,513-409-10T,2.00,HL3L10,2067771717207
MT,MT-MAIN,C,148-202,1.00,HL3L04,2067771717238
MT,MT-MAIN,C,123-109,1.00,HL3L03,2067771717351
MT,MT-MAIN,C,513-442-10T,1.00,HL3L10,2067771717399
MT,MT-MAIN,C,511-771,1.00,HL3L29,2067771717429
MT,MT-MAIN,C,511-772,2.00,HL3L29,2067771717436
MT,MT-MAIN,A,513-424-10T,2.00,HL3L10,2067771717443
MT,MT-MAIN,,201-105,1.00,HL3L05,2067771717467
MT,MT-MAIN,C,215-150-10,1.00,HL3L05,2067771717474
MT,MT-MAIN,C,101-114,2.00,,2067771717511
MT,MT-MAIN,C,101-119,2.00,,2067771717528
MT,MT-MAIN,C,209-305,2.00,HL3L05,2067771717634
MT,MT-MAIN,C,123-111,1.00,HL3L03,2067771717795
MT,MT-MAIN,C,148-301,2.00,HL3L04,2067771717832
MT,MT-MAIN,C,209-910,1.00,HL3L05,2067771717887
MT,MT-MAIN,C,611221-531,1.00,HL3L18,2067771718006
MT,MT-MAIN,C,611315-531,1.00,HL3L18,2067771718013
MT,MT-MAIN,C,611210-531,1.00,HL3L18,2067771718051
MT,MT-MAIN,C,7823EU,1.00,HL3L10,2067771718099
MT,MT-MAIN,C,103-905-10,1.00,HL3L17,2067771718105
MT,MT-MAIN,,1044SB-60,3.00,,2067771718150
MT,MT-MAIN,C,103-930,1.00,HL3L03,2067771718167
MT,MT-MAIN,,123-110,1.00,HL3L03,2067771718648
MT,MT-MAIN,,516-115-60,1.00,HL3L10,2067771718693
MT,MT-MAIN,,611681-036,1.00,HL3L18,2067771719034
MT,MT-MAIN,,516-162-10,1.00,HL3L10,2067771719065
MT,MT-MAIN,C,103-915-10,1.00,HL3L17,2067771719751
MT,MT-MAIN,C,505-738,1.00,HL3L29,2067771720368
MT,MT-MAIN,C,7327A,2.00,HL3L41,2067771720450
MT,MT-MAIN,C,2044A,1.00,HL3L05,2067771720474
MT,MT-MAIN,C,511-715-20,2.00,HL3L29,2067771720542
MT,MT-MAIN,A,2052A-19,2.00,HL3L05,2067771720566
MT,MT-MAIN,,7032-10,1.00,HL3L18,2067771720658
MT,MT-MAIN,A,1109A-10,1.00,HL3L03,2067771720665
MT,MT-MAIN,A,2046A-09,2.00,HL3L05,2067771720740
MT,MT-MAIN,C,7033-10,5.00,HL3L18,2067771720863
MT,MT-MAIN,A,2923A-10,1.00,HL3L06,2067771721167
MT,MT-MAIN,C,511-722-20,4.00,HL3L29,2067771721174
MT,MT-MAIN,C,505-748,1.00,HL3L29,2067771721228
MT,MT-MAIN,,1803AB-10,1.00,HL3L04,2067771721242
MT,MT-MAIN,C,2044A-09,3.00,HL3L05,2067771721259
MT,MT-MAIN,A,500-196-30,93.00,"HL3L36, HL3L38",2067781700275
MT,MT-MAIN,A,500-197-30,47.00,HL3L32,2067781700282
MT,MT-MAIN,A,500-171-30,24.00,HL3L32,2067781700299
MT,MT-MAIN,A,500-172-30,148.00,HL3L32,2067781700305
MT,MT-MAIN,A,293-340-30,2.00,HL3L06,2067781700329
MT,MT-MAIN,A,505-745,1.00,HL3L29,2067781700350
MT,MT-MAIN,A,505-730,1.00,HL3L29,2067781700367
MT,MT-MAIN,A,500-703-20,7.00,HL3L08,2067781700374
MT,MT-MAIN,A,513-404-10E,4.00,HL3L10,2067781700411
MT,MT-MAIN,A,500-702-20,5.00,HL3L08,2067781700428
MT,MT-MAIN,A,513-405-10E,5.00,HL3L10,2067781700466
MT,MT-MAIN,A,7010-10,1.00,HL3L24,2067781700473
MT,MT-MAIN,A,500-173-30,77.00,"HL3L32, HL3L40",2067781700497
MT,MT-MAIN,,505-742,1.00,HL3L29,2067781700503
MT,MT-MAIN,A,500-153-30,6.00,"HL3L32, HL3L38",2067781700510
MT,MT-MAIN,A,2109A-10,4.00,HL3L05,2067781700602
MT,MT-MAIN,A,2046A,47.00,HL3L05,2067781700619
MT,MT-MAIN,A,1044A,14.00,HL3L03,2067781700626
MT,MT-MAIN,A,511-712-20,5.00,HL3L29,2067781700633
MT,MT-MAIN,A,511-713-20,6.00,HL3L29,2067781700640
MT,MT-MAIN,A,543-561E,2.00,HL3L14,2067791701606
MT,MT-MAIN,A,543-563E,2.00,HL3L14,2067791701613
MT,MT-MAIN,B,573-119-10,1.00,HL3L15,2067791702566
MT,MT-MAIN,A,543-564E,1.00,HL3L14,2067791702610
MT,MT-MAIN,C,12AAA807,4.00,HL3L09,2067791702931
MT,MT-MAIN,B,468-166,1.00,HL3L07,2067791702955
MT,MT-MAIN,B,468-168,2.00,"HL3L07, HL3L38",2067791702979
MT,MT-MAIN,B,468-163,1.00,HL3L07,2067791703143
MT,MT-MAIN,A,500-502-10,1.00,HL3L42,2067791703211
MT,MT-MAIN,B,124-181,1.00,HL3L37,2067791703518
MT,MT-MAIN,A,192-664-10,1.00,HL3L39,2067791703525
MT,MT-MAIN,A,192-663-10,18.00,HL3L40,2067791703587
MT,MT-MAIN,A,192-630-10,1.00,HL3L39,2067791703723
MT,MT-MAIN,A,192-613-10,6.00,"HL3L40, SR-CA8",2067791703969
MT,MT-MAIN,B,957262,4.00,HL3L19,2067791704010
MT,MT-MAIN,B,551-331-10,2.00,HL3L15,2067791704201
MT,MT-MAIN,A,543-391B,1.00,HL3L14,2067791704249
MT,MT-MAIN,A,543-494B,4.00,HL3L14,2067791704416
MT,MT-MAIN,B,192-633-10,3.00,SR-CA6,2067791704478
MT,MT-MAIN,B,141-025,1.00,,2067791704584
MT,MT-MAIN,B,547-252,1.00,HL3L15,2067791704713
MT,MT-MAIN,B,192-615-10,1.00,,2067791704843
MT,MT-MAIN,B,500-777,1.00,HL3L08,2067791704881
MT,MT-MAIN,A,543-394B,2.00,HL3L14,2067791704928
MT,MT-MAIN,B,02AZD790E,6.00,HL3L02,2067791704980
MT,MT-MAIN,B,552-192-10,2.00,HL3L16,2067791704997
MT,MT-MAIN,B,389-514,1.00,HL3L36,2067791705260
MT,MT-MAIN,B,468-974,1.00,HL3L26,2067791705291
MT,MT-MAIN,C,02AZD880D,1.00,HL3L02,2067791705475
MT,MT-MAIN,C,339-301,3.00,HL3L36,2067791705611
MT,MT-MAIN,C,573-608,2.00,HL3L15,2067791705772
MT,MT-MAIN,C,570-304,1.00,HL3L16,2067791705819
MT,MT-MAIN,B,500-158-30,1.00,HL3L08,2067791705864
MT,MT-MAIN,B,500-180-30,2.00,HL3L08,2067791705888
MT,MT-MAIN,A,500-182-30,7.00,HL3L32,2067791705918
MT,MT-MAIN,A,500-181-30,11.00,HL3L08,2067791705925
MT,MT-MAIN,A,500-152-30,11.00,HL3L29,2067791706014
MT,MT-MAIN,B,500-151-30,20.00,HL3L08,2067791706052
MT,MT-MAIN,A,293-240-30,6.00,HL3L06,2067791706069
MT,MT-MAIN,A,293-330-30,2.00,HL3L06,2067791706076
MT,MT-MAIN,A,293-831-30,15.00,HL3L06,2067791706090
MT,MT-MAIN,A,293-241-30,2.00,HL3L06,2067791706106
MT,MT-MAIN,C,568-364,1.00,HL3L15,2067791706120
MT,MT-MAIN,C,568-365,1.00,HL3L15,2067791706137
MT,MT-MAIN,B,293-333-30,1.00,HL3L06,2067791706168
MT,MT-MAIN,B,500-150-30,2.00,HL3L08,2067791706182
MT,MT-MAIN,A,293-232-30,1.00,HL3L06,2067791706199
MT,MT-MAIN,A,293-332-30,3.00,HL3L06,2067791706205
MT,MT-MAIN,C,500-160-30,2.00,HL3L08,2067791706243
MT,MT-MAIN,A,293-331-30,3.00,HL3L06,2067791706359
MT,MT-MAIN,C,500-164-30,1.00,HL3L08,2067791706397
MT,MT-MAIN,A,293-341-30,13.00,HL3L06,2067791706410
MT,MT-MAIN,A,293-231-30,5.00,HL3L06,2067791706427
MT,MT-MAIN,B,571-201-30,2.00,HL3L15,2067791706540
MT,MT-MAIN,C,422-330-30,2.00,HL3L07,2067791706564
MT,MT-MAIN,B,395-251-30,1.00,HL3L07,2067791706595
MT,MT-MAIN,C,500-154-30,5.00,HL3L08,2067791706601
MT,MT-MAIN,B,422-230-30,2.00,HL3L07,2067791706618
MT,MT-MAIN,B,323-250-30,2.00,HL3L07,2067791706625
MT,MT-MAIN,B,571-202-30,2.00,HL3L15,2067791706687
MT,MT-MAIN,B,422-271-30,1.00,HL3L07,2067791706694
MT,MT-MAIN,B,323-352-30,1.00,HL3L07,2067791706700
MT,MT-MAIN,B,342-251-30,1.00,HL3L07,2067791706779
MT,MT-MAIN,B,342-261-30,2.00,HL3L07,2067791706793
MT,MT-MAIN,B,345-250-30,4.00,HL3L07,2067791706816
MT,MT-MAIN,C,568-928,1.00,HL3L15,2067791706823
MT,MT-MAIN,B,329-350-30,10.00,HL3L07,2067791706847
MT,MT-MAIN,B,340-251-30,1.00,"HL3L07, HL3L36",2067791706854
MT,MT-MAIN,,406-253-30,1.00,HL3L07,2067791706861
MT,MT-MAIN,B,329-250-30,1.00,HL3L07,2067791706878
MT,MT-MAIN,A,342-271-30,2.00,HL3L07,2067791706885
MT,MT-MAIN,B,395-271-30,7.00,HL3L07,2067791706908
MT,MT-MAIN,B,293-252-30,1.00,HL3L06,2067791706946
MT,MT-MAIN,C,323-253-30,1.00,HL3L07,2067791706960
MT,MT-MAIN,C,293-251-30,1.00,HL3L06,2067791706984
MT,MT-MAIN,B,422-231-30,1.00,HL3L07,2067791706991
MT,MT-MAIN,B,571-211-30,1.00,HL3L15,2067791707035
MT,MT-MAIN,A,293-242-30,1.00,HL3L06,2067791707073
MT,MT-MAIN,B,422-332-30,1.00,HL3L07,2067791707141
MT,MT-MAIN,B,422-331-30,1.00,HL3L07,2067791707158
MT,MT-MAIN,B,422-333-30,1.00,HL3L07,2067791707165
MT,MT-MAIN,A,500-753-20,3.00,HL3L08,2067791707189
MT,MT-MAIN,A,500-763-20,3.00,HL3L08,2067791707196
MT,MT-MAIN,C,395-263-30,1.00,HL3L07,2067791707240
MT,MT-MAIN,C,350-251-30,1.00,HL3L07,2067791707271
MT,MT-MAIN,C,314-251-30,1.00,HL3L07,2067791707301
MT,MT-MAIN,A,500-712-20,5.00,HL3L08,2067791707318
MT,MT-MAIN,B,500-722-20,1.00,HL3L08,2067791707325
MT,MT-MAIN,C,468-987,1.00,HL3L07,2067791707370
MT,MT-MAIN,C,500-731-20,3.00,HL3L08,2067791707431
MT,MT-MAIN,C,500-155-30,3.00,HL3L08,2067791707462
MT,MT-MAIN,B,573-191-30,2.00,HL3L15,2067791707479
MT,MT-MAIN,B,406-251-30,1.00,HL3L07,2067791707493
MT,MT-MAIN,B,343-350-30,3.00,HL3L07,2067791707509
MT,MT-MAIN,B,331-251-30,1.00,HL3L07,2067791707530
MT,MT-MAIN,A,500-762-20,1.00,HL3L08,2067791707561
MT,MT-MAIN,A,500-738-20,3.00,HL3L08,2067791707585
MT,MT-MAIN,B,500-723-20,4.00,HL3L08,2067791707639
MT,MT-MAIN,A,543-395B,1.00,HL3L14,2067791707646
MT,MT-MAIN,C,543-301,1.00,HL3L14,2067791707660
MT,MT-MAIN,B,422-260-30,2.00,HL3L07,2067791707714
MT,MT-MAIN,,209-572M,1.00,HL3L05,2067791707738
MT,MT-MAIN,A,342-371-30,1.00,HL3L07,2067791707806
MT,MT-MAIN,B,342-361-30,1.00,HL3L07,2067791707899
MT,MT-MAIN,B,389-272-30,1.00,HL3L07,2067791707912
MT,MT-MAIN,B,500-733-20,2.00,HL3L08,2067791707936
MT,MT-MAIN,A,293-145-30,1.00,HL3L06,2067791707943
MT,MT-MAIN,B,500-724-20,7.00,HL3L08,2067791707981
MT,MT-MAIN,B,500-785,1.00,HL3L08,2067791707998
MT,MT-MAIN,B,331-261-30,2.00,"HL3L07, HL3L15",2067791708001
MT,MT-MAIN,B,500-734-20,1.00,HL3L08,2067791708056
MT,MT-MAIN,B,395-261-30,1.00,HL3L07,2067791708094
MT,MT-MAIN,B,293-250-30,1.00,HL3L06,2067791708124
MT,MT-MAIN,B,395-371-30,1.00,HL3L07,2067791708155
MT,MT-MAIN,C,573-634-20,1.00,HL3L15,2067791708209
MT,MT-MAIN,B,573-606-20,3.00,HL3L15,2067791708223
MT,MT-MAIN,B,552-195-10,1.00,,2067791708278
MT,MT-MAIN,A,543-394,1.00,HL3L14,2067791708285
MT,MT-MAIN,C,209-906,1.00,HL3L05,2067791708360
MT,MT-MAIN,B,468-174,1.00,"HL3L12, HL3L38",2067791708476
MT,MT-MAIN,C,02AZD880G,10.00,HL3L02,2067791708506
MT,MT-MAIN,B,573-605-20,1.00,HL3L15,2067791708513
MT,MT-MAIN,A,500-768-20,3.00,HL3L08,2067791708520
MT,MT-MAIN,B,573-601-20,1.00,HL3L15,2067791708537
MT,MT-MAIN,B,422-370-30,2.00,HL3L07,2067791708636
MT,MT-MAIN,B,324-251-30,4.00,HL3L07,2067791708674
MT,MT-MAIN,C,324-252-30,2.00,HL3L07,2067791708681
MT,MT-MAIN,C,324-254-30,1.00,HL3L07,2067791708704
MT,MT-MAIN,A,543-404B,1.00,HL3L14,2067791708711
MT,MT-MAIN,,571-204-10,1.00,HL3L42,2067791708742
MT,MT-MAIN,B,326-351-30,1.00,HL3L07,2067791708766
MT,MT-MAIN,B,293-257-30,2.00,HL3L25,2067791708797
MT,MT-MAIN,B,293-256-30,1.00,HL3L25,2067791708803
MT,MT-MAIN,B,293-585,2.00,HL3L25,2067791708834
MT,MT-MAIN,,343-351-30,1.00,HL3L07,2067791708841
MT,MT-MAIN,B,573-661-20,2.00,HL3L15,2067791708858
MT,MT-MAIN,C,395-351-30,5.00,HL3L07,2067791708933
MT,MT-MAIN,B,700-118-30,6.00,HL3L18,2067791708964
MT,MT-MAIN,A,264-505E,2.00,HL3L37,2067791708971
MT,MT-MAIN,,543-404,2.00,HL3L14,2067791708988
MT,MT-MAIN,C,209-913,2.00,HL3L05,2067791709022
MT,MT-MAIN,,543-562-2,1.00,HL3L14,2067791709046
MT,MT-MAIN,B,345-251-30,4.00,HL3L07,2067791709053
MT,MT-MAIN,,573-642-20,3.00,HL3L15,2067791709060
MT,MT-MAIN,,05CAA710,1.00,HL3L02,2067791709114
MT,MT-MAIN,B,345-351-30,1.00,HL3L07,2067791709121
MT,MT-MAIN,B,552-162-10,1.00,HL3L01,2067791709169
MT,MT-MAIN,B,500-168-30,2.00,HL3L08,2067791709244
MT,MT-MAIN,A,500-754-20,1.00,HL3L08,2067791709251
MT,MT-MAIN,C,547-316S,1.00,HL3L15,2067791709336
MT,MT-MAIN,,571-100-20,2.00,HL3L08,2067791709343
MT,MT-MAIN,,0347712-00,3.00,HL3L20,2067791709381
MT,MT-MAIN,,500-465,1.00,HL3L08,2067791709480
MT,MT-MAIN,,350-252-30,1.00,HL3L07,2067791709510
MT,MT-MAIN,,543-552E (INC),1.00,HL3L14,2067791709565
MT,MT-MAIN,,543-350,1.00,HL3L14,2067791709572
MT,MT-MAIN,,500-704-20,3.00,HL3L08,2067791709596
MT,MT-MAIN,A,293-666-20,1.00,HL3L06,2067791709725
MT,MT-MAIN,B,395-272-30,1.00,HL3L07,2067791709794
MT,MT-MAIN,B,369-350-30,3.00,HL3L07,2067791709824
MT,MT-MAIN,B,422-232-30,1.00,HL3L07,2067791709831
MT,MT-MAIN,B,500-193-30,5.00,HL3L08,2067791709855
MT,MT-MAIN,B,323-251-30,3.00,HL3L07,2067791709930
MT,MT-MAIN,B,573-651-20,1.00,HL3L15,2067791710035
MT,MT-MAIN,B,342-451-20,3.00,HL3L07,2067791710073
MT,MT-MAIN,B,192-615-10*,1.00,,2067791710097
MT,MT-MAIN,A,264-020,6.00,HL3L05,2067791710127
MT,MT-MAIN,A,500-764-20,2.00,HL3L08,2067791710165
MT,MT-MAIN,A,293-243-30,2.00,HL3L06,2067791710219
MT,MT-MAIN,,571-253-20,1.00,HL3L15,2067791710226
MT,MT-MAIN,A,543-854E,2.00,HL3L14,2067791710233
MT,MT-MAIN,A,543-730B,5.00,HL3L14,2067791710264
MT,MT-MAIN,A,543-853E,2.00,HL3L14,2067791710271
MT,MT-MAIN,B,547-400A,1.00,HL3L15,2067791710318
MT,MT-MAIN,C,543-796B-10,2.00,HL3L14,2067791710325
MT,MT-MAIN,B,395-273-30,1.00,HL3L07,2067791710332
MT,MT-MAIN,C,293-667-20,1.00,HL3L06,2067791710356
MT,MT-MAIN,,M-5000-7779,2.00,HL3L22,2067811100075
MT,MT-MAIN,,A-5003-0046,1.00,HL3L22,2067811100259
MT,MT-MAIN,,A-5004-7398,2.00,HL3L22,2067811100457
MT,MT-MAIN,,A-5004-5753,2.00,HL3L22,2067811100495
MT,MT-MAIN,,AA - 5.90,1.00,HL3L28,2067821400523
MT,MT-MAIN,,AA - 3 08,1.00,HL3L28,2067821401377
MT,MT-MAIN,,AA - 3.00,3.00,HL3L28,2067821402756
MT,MT-MAIN,,AA - 11.00,1.00,HL3L28,2067821402992
MT,MT-MAIN,,AA - 1.48,1.00,HL3L28,2067821403449
MT,MT-MAIN,,AA - 12.998,3.00,HL3L28,2067821403562
MT,MT-MAIN,O,527603-A,1.00,,2067821403791
MT,MT-MAIN,,AA - 3.005,3.00,HL3L28,2067821404293
MT,MT-MAIN,,AA - 8.025,1.00,HL3L28,2067821404750
MT,MT-MAIN,,AA - 2.63,1.00,HL3L28,2067821404859
MT,MT-MAIN,,AA - 1.30,1.00,HL3L28,2067821405993
MT,MT-MAIN,,AA - 8.80,1.00,HL3L28,2067821406280
MT,MT-MAIN,,AA - 2.370,1.00,HL3L28,2067821407935
MT,MT-MAIN,,AA - 9.045,1.00,HL3L28,2067821409007
MT,MT-MAIN,,FLW-150002,1.00,HL3L28,2067821410973
MT,MT-MAIN,,AA - 5.94,2.00,HL3L28,2067821412137
MT,MT-MAIN,,AA - 8.018,1.00,HL3L28,2067821413011
MT,MT-MAIN,,SPA-3A,1.00,HL3L22,2067821413165
MT,MT-MAIN,,SPA-5A,1.00,HL3L22,2067821413172
MT,MT-MAIN,,AA - 1.015,1.00,HL3L28,2067821414018
MT,MT-MAIN,,FB 100N,1.00,HL3L22,2067841400459
MT,MT-MAIN,,FW-12,1.00,HL3L22,2067841401593
MT,MT-MAIN,,GP-30,1.00,HL3L22,2067841401616
MT,MT-MAIN,,GT-10,1.00,HL3L22,2067841401920
MT,MT-MAIN,,GT-20,1.00,,2067841401951
MT,MT-MAIN,,TB-02P,1.00,HL3L20,2067841402101
MT,MT-MAIN,,GB1-1000,1.00,HL3L28,2067961400513
MT,MT-MAIN,,N3LTDK,2.00,HL3L28,2068141400217
MT,MT-MAIN,,M2 X 0.4 (GPIP2),6.00,HL3L27,2068191400557
MT,MT-MAIN,,M3 X 0.5 (GPIP2),6.00,HL3L27,2068191400571
MT,MT-MAIN,,M4 X 0.7 (GPIP2),3.00,HL3L27,2068191400588
MT,MT-MAIN,,M3.5 X 0.6 (GPIP2),1.00,HL3L27,2068191400601
MT,MT-MAIN,,822-33,1.00,HL3L28,2068191400632
MT,MT-MAIN,,M2.6 X 0.45 GPII,2.00,HL3L28,2068191400724
MT,MT-MAIN,,NO. 60 H7,1.00,,2069691404908
MT,MT-MAIN,,NO. 42 H7,1.00,,2069691404915
MT,MT-MAIN,,NO. 10.00 X 10.10,5.00,HL3L27,2069691404977
MT,MT-MAIN,,NO. 7.188 X 7.378,5.00,HL3L27,2069691404984
MT,MT-MAIN,,NO. 30 H6,1.00,HL3L27,2069691405998
MT,MT-MAIN,,NO. 42,1.00,,2069691406056
MT,MT-MAIN,,M12 X 1.25 GP2,1.00,,2069691406063
MT,MT-MAIN,,NO. 3.97 X 45L,1.00,,2069691406087
MT,MT-MAIN,,NO. 28 H8,1.00,HL3L27,2069691406384
MT,MT-MAIN,,NO. 28 H6,1.00,HL3L27,2069691406995
MT,MT-MAIN,,NO. 25 +0.1/+0.05,1.00,HL3L27,2069691407152
MT,MT-MAIN,,NO. 30 +0.1/+0.05,1.00,HL3L27,2069691407169
MT,MT-MAIN,,NO. 51.94 +0.1/+0.03,1.00,HL3L27,2069691407183
MT,MT-MAIN,,NO. 29 PS180809N103-1,1.00,HL3L27,2069691407916
MT,MT-MAIN,,"M6 * 1.0 GPWP2, 74MM",1.00,HL3L27,2069691408142
MT,MT-MAIN,,NO. 2.03 X 2.13,1.00,HL3L27,2069691409484
MT,MT-MAIN,,NO. 8.97 X 9.01,1.00,HL3L27,2069691409507
MT,MT-MAIN,,M8 X 1.25 GPIP2,1.00,HL3L27,2069711400262
MT,MT-MAIN,,M2.5 X 0.45 GPNP6H,2.00,HL3L27,2069711400385
MT,MT-MAIN,,M1.4 X 0.3 GPIP2,5.00,HL3L27,2069711400682
MT,MT-MAIN,,NO. 10-32 UNF GPIP 2B,5.00,HL3L27,2069711400705
MT,MT-MAIN,,M3 X 0.5 GPIP2 TIN,1.00,,2069711400880
MT,MT-MAIN,,M6 X 1.0 GPNP6H,5.00,HL3L27,2069711400903
MT,MT-MAIN,,NPT 1/8-27,1.00,,2069711400958
MT,MT-MAIN,,M12 X 1.25 GRIR2,5.00,HL3L27,2069711400989
MT,MT-MAIN,,M1.7 X 0.35 GPIP2,1.00,HL3L27,2069711401047
MT,MT-MAIN,,M5 X 0.8 GPWP2,3.00,HL3L27,2069711401085
MT,MT-MAIN,,M3 X 0.5 GP2,1.00,HL3L27,2069711401276
MT,MT-MAIN,,M2.5 X 0.45 GPWP2,4.00,HL3L27,2069711401504
MT,MT-MAIN,,M2.6 X 0.45 GPIP2,2.00,HL3L27,2069711401931
MT,MT-MAIN,,M3 X 0.5  GP2,1.00,HL3L27,2069711402969
MT,MT-MAIN,,M4 X 0.7  GP2,1.00,HL3L27,2069711402976
MT,MT-MAIN,,M5 X 0.8  GP2,1.00,HL3L27,2069711402983
MT,MT-MAIN,,M36 X 1.5 GRGF-GRNF6G,1.00,,2069711403065
MT,MT-MAIN,,M51 X 2.0 NRGF-NRNF6G,1.00,,2069711403072
MT,MT-MAIN,,M16 X 1.0 GPIP2,1.00,,2069711403089
MT,MT-MAIN,,M32 X 1.5 NW6G,1.00,,2069711403096
MT,MT-MAIN,,M100 X 2.0 GW2,1.00,,2069711403102
MT,MT-MAIN,,NO. 9/16-12 UNC GRIR2A,1.00,,2069711403119
MT,MT-MAIN,,NPTF 1/16-27,1.00,,2069711403126
MT,MT-MAIN,,NO. 1 X 5/8-12 UN GPIP2B,1.00,,2069711403133
MT,MT-MAIN,,M12 X 1.25 GPWP2,5.00,HL3L27,2069711403270
MT,MT-MAIN,,M6 X 1.0   GPWP2,1.00,,2069711403478
MT,MT-MAIN,,CPG M10 X 1.5 GP6H,2.00,HL3L27,2069711403621
MT,MT-MAIN,,M10 X 0.5 GPIP2,1.00,HL3L27,2069711403867
MT,MT-MAIN,,M5 X 0.7 GPIP2,1.00,,2069711403980
MT,MT-MAIN,,M32 X 1.5 GPWP2,3.00,HL3L27,2069711404321
MT,MT-MAIN,,M5 X 0.8 GP6H,50.00,HL3L27,2069711404475
MT,MT-MAIN,,NO. 7/8-20 UNEF GRWR2A,2.00,HL3L27,2069711405076
MT,MT-MAIN,,M1.6 X 0.35 GPNP6H,6.00,HL3L27,2069711405397
MT,MT-MAIN,,NO. 7/8-20 UNEF GRWR2A SPECIAL,1.00,HL3L27,2069711405526
MT,MT-MAIN,,NO. 7/8-20 UNEF GRIR2A SPECIAL,1.00,HL3L27,2069711405533
MT,MT-MAIN,,M10 X 1.0 GPWP2,3.00,HL3L27,2069711405687
MT,MT-MAIN,,M3 X 0.35 GPNP6H,10.00,HL3L27,2069711406332
MT,MT-MAIN,,NO. 1/4-20 UNC ANSI,2.00,HL3L27,2069711406394
MT,MT-MAIN,,NO. 3/8 - 16 UNC ANSI,2.00,HL3L27,2069711406400
MT,MT-MAIN,,"NO. 1/4-20 UNC ANSI, RING",2.00,HL3L27,2069711406424
MT,MT-MAIN,,"NO. 3/8-16 UNC ANSI, RING",2.00,HL3L27,2069711406431
MT,MT-MAIN,,"NO. 5/8-18 UNF ANSI, RING",2.00,HL3L27,2069711406448
MT,MT-MAIN,,NO. 5-50 UNS GPIP2B,1.00,HL3L27,2069711406462
MT,MT-MAIN,,"M2.5 * 0.40 GPNP6H,",1.00,HL3L27,2069711407162
MT,MT-MAIN,,NO. 3/4-16 UNF GP2B,3.00,HL3L27,2069711407445
MT,MT-MAIN,,M4 X 0.7 GP2 (+0.05),1.00,HL3L27,2069711407513
MT,MT-MAIN,,NO. 40 +0.016/+0.004,1.00,,2069731400433
MT,MT-MAIN,,NO. 40 +0.030 /+0.010,1.00,,2069731400440
MT,MT-MAIN,,NO. 34 +0.030/+0.015,1.00,,2069731400457
MT,MT-MAIN,,NO. 5.935 +0.0010/0 CARBIDE,1.00,,2069731401799
MT,MT-MAIN,,NO. 91,1.00,,2069731402215
MT,MT-MAIN,,NO. 93,1.00,,2069731402222
MT,MT-MAIN,,NO. 30.3 +0.07/+0.02,1.00,,2069731402338
MT,MT-MAIN,,NO. 14 +0.04/0,1.00,,2069731402345
MT,MT-MAIN,,NO. 30.000 X 30.025,1.00,HL3L27,2069731403328
MT,MT-MAIN,,M6 X 1.0 GRIR2 LH,1.00,,2069731403335
MT,MT-MAIN,,NO. 1-8 UNC WR2A,1.00,HL3L27,2069731403342
MT,MT-MAIN,,7/8-20UNEF GRIR2A SPECIAL,1.00,HL3L27,2069731405919
MT,MT-MAIN,,NO. 18 +0.027/0.006,1.00,,2069991400594
NC,NC-MAIN,,COOLANT SYSTEM,1.00,,2070000507715
NC,NC-MAIN,,3882-C030-11B0,1.00,HL2L09,2070000515048
NC,NC-MAIN,,3801-H050-1050,1.00,HL2L09,2070000516595
NC,NC-MAIN,,3883-C02A-SET,4.00,,2070000517110
NC,NC-MAIN,,3882-C030-3400,1.00,HL2L09,2070000517974
NC,NC-MAIN,,3882-C030-3600,1.00,HL2L09,2070000517981
NC,NC-MAIN,,3882-C030-3800,1.00,HL2L09,2070000517998
NC,NC-MAIN,,3882-C030-4001,1.00,HL2L09,2070000518001
NC,NC-MAIN,,3882-C030-546,4.00,HL2L09,2070000518018
NC,NC-MAIN,,3882-C030-519,20.00,HL2L09,2070000518025
NC,NC-MAIN,,MTA90-250 A-W-A-B,1.00,,2070000518636
NC,NC-MAIN,,LL-240,19.00,HL2L15,2070000906440
NC,NC-MAIN,,X9-60,1.00,HL2L15,2070000907034
NC,NC-MAIN,,S9-04,1.00,HL2L15,2070000909151
NC,NC-MAIN,,U1-02A,1.00,HL2L15,2070000913974
NC,NC-MAIN,,XX-911,2.00,HL2L15,2070000915619
NC,NC-MAIN,,X8-08-YY,1.00,HL2L15,2070000921597
NC,NC-MAIN,,X9-23,1.00,HL2L15,2070000923539
NC,NC-MAIN,,S8-44-VV,1.00,HL2L15,2070000940208
NC,NC-MAIN,,B0-23,1.00,HL2L15,2070000941960
NC,NC-MAIN,,B0-1LV,1.00,HL2L15,2070000941977
NC,NC-MAIN,,B0-22,1.00,HL2L15,2070000941984
NC,NC-MAIN,,B1A-21K,1.00,HL2L15,2070000942387
NC,NC-MAIN,,Q2-04 (40A),2.00,HL2L15,2070000943155
NC,NC-MAIN,,U1-05R1,1.00,HL2L15,2070000944619
NC,NC-MAIN,,A-5000-3712,5.00,,2070001108225
NC,NC-MAIN,,A-8014-0522,4.00,,2070001111492
NC,NC-MAIN,,A-8014-0521,4.00,,2070001111508
NC,NC-MAIN,,A-4013-0106,1.00,HL2L41,2070001119924
NC,NC-MAIN,,A-2197-0159,1.00,,2070001130127
NC,NC-MAIN,,A-5003-5171,7.00,,2070001134972
NC,NC-MAIN,,H-5475-8504-04-A,1.00,,2070001137393
NC,NC-MAIN,,SINO,4.00,,2070001137720
NC,NC-MAIN,,BRAKE BLOCK,4.00,HL2L35,2070001138147
NC,NC-MAIN,,DRAW BAR R8 DRAW BAR M12*1.75M,10.00,HL2L35,2070001138154
NC,NC-MAIN,,COIL SPRING B178 CLOCK SPRING,1.00,HL2L35,2070001138161
NC,NC-MAIN,,STEEL WIRE CABLE,5.00,HL2L35,2070001138178
NC,NC-MAIN,,LUBRICATION PUMP,5.00,HL2L35,2070001138185
NC,NC-MAIN,,COOLANT TANK,2.00,,2070001138215
NC,NC-MAIN,,A-5475-0005,1.00,,2070001139793
NC,NC-MAIN,,BEARING BOX FOR LINEAR GUIDEWA,1.00,HL2L35,2070001139908
NC,NC-MAIN,,SLIDE WAY CHIP PROTECTION,1.00,HL2L35,2070001139915
NC,NC-MAIN,,HMEH-SW-001,10.00,HL2L35,2070001143257
NC,NC-MAIN,,GRINDING WHEEL,2.00,HL2L35,2070001143790
NC,NC-MAIN,,ER 20 SPR 2-3 AA,2.00,HL2L32,2070001233637
NC,NC-MAIN,,SLEEVE CHUCK 7.88,1.00,HL2L10,2070001401210
NC,NC-MAIN,,MB2515-36FDU,2.00,HL2L09,2070001406062
NC,NC-MAIN,,3185-Y082-1020,8.00,HL2L09,2070001411363
NC,NC-MAIN,,FEED FINGERS 6MM,1.00,HL2L09,2070001411622
NC,NC-MAIN,,FEED FINGERS 8MM,1.00,HL2L09,2070001411646
NC,NC-MAIN,,FEED FINGERS 10MM,1.00,HL2L09,2070001411653
NC,NC-MAIN,,3192-M011-1080,1.00,HL2L09,2070001412988
NC,NC-MAIN,,3262-M010-1301,2.00,HL2L09,2070001412995
NC,NC-MAIN,,2603-1192-1000,1.00,,2070001413916
NC,NC-MAIN,,2601-1147-0975,1.00,,2070001413930
NC,NC-MAIN,,2601-1147-0800,1.00,,2070001413947
NC,NC-MAIN,,FL-12100,1.00,HL2L11,2070001413954
NC,NC-MAIN,,3882-C030-07A0,1.00,HL2L09,2070001414586
NC,NC-MAIN,,3882-C030-14A0,1.00,HL2L09,2070001414609
NC,NC-MAIN,,2114H,6.00,HL2L09,2070001414876
NC,NC-MAIN,,2601-1192-0400,1.00,HL2L09,2070001414906
NC,NC-MAIN,,2601-1192-0500,1.00,HL2L09,2070001414913
NC,NC-MAIN,,2601-1192-0600,1.00,HL2L09,2070001414920
NC,NC-MAIN,,2601-1192-0800,1.00,HL2L09,2070001414944
NC,NC-MAIN,,2621-1147-0400,1.00,HL2L09,2070001414951
NC,NC-MAIN,,2621-1147-0500,1.00,HL2L09,2070001414968
NC,NC-MAIN,,2621-1147-0600,1.00,HL2L09,2070001414975
NC,NC-MAIN,,2621-1147-0800,1.00,HL2L09,2070001414999
NC,NC-MAIN,,E07-00080,2.00,HL2L09,2070001418645
NC,NC-MAIN,,3885-M020,1.00,HL2L09,2070001420662
NC,NC-MAIN,,SST 20-ECH7S-70,5.00,HL2L09,2070001421072
NC,NC-MAIN,,M13-00021,2.00,HL2L09,2070001421133
NC,NC-MAIN,,060-02025,1.00,HL2L09,2070001421140
NC,NC-MAIN,,M15-02860,3.00,HL2L09,2070001422017
NC,NC-MAIN,,M15-05620,2.00,HL2L09,2070001423137
NC,NC-MAIN,,3220-Z91131,1.00,HL2L09,2070001424325
NC,NC-MAIN,,3885-Q020-0100,2.00,HL2L09,2070001425094
NC,NC-MAIN,,E06-02110,3.00,HL2L09,2070001425728
NC,NC-MAIN,,J3082-041,1.00,,2070001426602
NC,NC-MAIN,,J3082-050,1.00,,2070001426626
NC,NC-MAIN,,IKUR-KE23W1-S100,2.00,HL2L09,2070001426848
NC,NC-MAIN,,3220-Y1754,1.00,HL2L09,2070001427296
NC,NC-MAIN,,3220-Y1751,2.00,HL2L09,2070001427319
NC,NC-MAIN,,M13-00020,1.00,HL2L09,2070001427364
NC,NC-MAIN,,3220-Y5240,1.00,HL2L09,2070001427708
NC,NC-MAIN,,M39-00020,2.00,HL2L09,2070001427715
NC,NC-MAIN,,3243-T020-0800,2.00,HL2L09,2070001427722
NC,NC-MAIN,,M22-00480,2.00,HL2L09,2070001427753
NC,NC-MAIN,,3D MODEL FOR VARIAXIS I-600,1.00,HL2L41,2070001428750
NC,NC-MAIN,,M13-00010,1.00,HL2L09,2070001429962
NC,NC-MAIN,,3215-M050-1402,2.00,HL2L09,2070001430357
NC,NC-MAIN,,M15-02880,1.00,HL2L09,2070001432399
NC,NC-MAIN,,PK510,1.00,HL2L09,2070001432894
NC,NC-MAIN,,#M15-02790,1.00,HL2L09,2070001438933
NC,NC-MAIN,,3224-Y114-0501,1.00,HL2L09,2070001438995
NC,NC-MAIN,,3224-Y114-0401,1.00,HL2L09,2070001439039
NC,NC-MAIN,,FO2542380,1.00,HL2L09,2070001439770
NC,NC-MAIN,,SN810540,2.00,HL2L09,2070001439787
NC,NC-MAIN,,#M15-02750,6.00,HL2L09,2070001440677
NC,NC-MAIN,,3262-M010-1302,4.00,HL2L09,2070001445092
NC,NC-MAIN,,2112H,6.00,HL2L09,2070001514842
NC,NC-MAIN,,2112.5H,6.00,HL2L09,2070001514859
NC,NC-MAIN,,2113H,6.00,HL2L09,2070001514866
NC,NC-MAIN,,TKC-MSC-17.0MM-BO325-ROUND,1.00,HL2L09,2070001520928
NC,NC-MAIN,,TKC-BSC-3.35MM BO125,2.00,HL2L09,2070001524544
NC,NC-MAIN,,TKC-MSC-9.0MM-B0123,3.00,HL2L09,2070001524919
NC,NC-MAIN,,TKC-MSC-7.5MM,2.00,HL2L09,2070001525121
NC,NC-MAIN,,TKC-BSC-6.0MM-BO125,2.00,HL2L09,2070001526180
NC,NC-MAIN,,TKC-MSC-6.0MM-B0125,1.00,HL2L09,2070001526524
NC,NC-MAIN,,TKC-BSC-9.0MM-BO125,1.00,HL2L09,2070001529471
NC,NC-MAIN,,TKC-GB-5.0MM-BO123,3.00,HL2L09,2070001531399
NC,NC-MAIN,,TKC-MSC-10.5MM-BO205,2.00,HL2L09,2070001533591
NC,NC-MAIN,,CA-CSB01,10.00,HL2L41,2070001534048
NC,NC-MAIN,,TKC-MSC-14.9MM-BO325-S,1.00,HL2L09,2070001536554
NC,NC-MAIN,,TKC-MSC-18.8MM-BO325-S,1.00,HL2L09,2070001536561
NC,NC-MAIN,,TKC-MSC-25.3MM-BO325-S,1.00,HL2L09,2070001536578
NC,NC-MAIN,,X054D209H11,6.00,,2070001602884
NC,NC-MAIN,,VK-6,14.00,,2070001603249
NC,NC-MAIN,,M132,1.00,,2070001603447
NC,NC-MAIN,,HTD-710-5M25,2.00,HL2L11,2070001603799
NC,NC-MAIN,,HTD-375-5M25,3.00,HL2L11,2070001603805
NC,NC-MAIN,,HTD-400-5M25,3.00,HL2L11,2070001603812
NC,NC-MAIN,,6205-S,1.00,,2070001604376
NC,NC-MAIN,,6204-S,1.00,,2070001604383
NC,NC-MAIN,,VJ-123 (R8-JT6),17.00,HL2L17,2070001604598
NC,NC-MAIN,,X054D881H03 (4MM),1.00,HL2L15,2070001604604
NC,NC-MAIN,,593489,3.00,,2070001605373
NC,NC-MAIN,,6-22( M-36),1.00,,2070001605489
NC,NC-MAIN,,4002-001,1.00,,2070001605625
NC,NC-MAIN,,498132,1.00,,2070001605793
NC,NC-MAIN,,4075676,7.00,,2070001605915
NC,NC-MAIN,,VHL- 20F,3.00,HL2L12,2070001606790
NC,NC-MAIN,,HTD-880-8M20,4.00,HL2L10,2070001607087
NC,NC-MAIN,,HTD-560-8M20,7.00,HL2L10,2070001607100
NC,NC-MAIN,,BWC-70,8.00,HL2L17,2070001607650
NC,NC-MAIN,,RS0001,90.00,HL2L11,2070001608206
NC,NC-MAIN,,VK-8,12.00,,2070001608299
NC,NC-MAIN,,VLC-MT3A,14.00,HL2L17,2070001616034
NC,NC-MAIN,,4577425,2.00,,2070001616805
NC,NC-MAIN,,B-205,30.00,,2070001618410
NC,NC-MAIN,,SPZ-1600,1.00,HL2L11,2070001620062
NC,NC-MAIN,,619-6955,2.00,,2070001620413
NC,NC-MAIN,,7588190,3.00,,2070001623094
NC,NC-MAIN,,HTD-920-8M,2.00,HL2L11,2070001625043
NC,NC-MAIN,,SY7440-5MOZ-X90,1.00,HL2L10,2070001628792
NC,NC-MAIN,,366-300,6.00,,2070001631044
NC,NC-MAIN,,394-9071,6.00,,2070001631051
NC,NC-MAIN,,329-799,6.00,,2070001631068
NC,NC-MAIN,,243-7202,1.00,,2070001631075
NC,NC-MAIN,,CNC-PAC-20KVA,1.00,,2070001632331
NC,NC-MAIN,,G-80,1.00,HL2L11,2070001635714
NC,NC-MAIN,,HBZ-U(N)20 P-5RT,36.00,,2070001636896
NC,NC-MAIN,,DHM4000,1.00,,2070001639590
NC,NC-MAIN,,DCG5800,2.00,HL2L19,2070001639934
NC,NC-MAIN,,DJG6900,2.00,HL2L19,2070001639996
NC,NC-MAIN,,DAL0200,1.00,HL2L19,2070001640091
NC,NC-MAIN,,DK76700,1.00,HL2L19,2070001640107
NC,NC-MAIN,,DG88600,4.00,HL2L19,2070001640121
NC,NC-MAIN,,DC13500,1.00,HL2L19,2070001640459
NC,NC-MAIN,,DK13900,2.00,HL2L19,2070001640503
NC,NC-MAIN,,MDS-C1-V1-10-N,1.00,,2070001640633
NC,NC-MAIN,,A90L-0001-0552#A,1.00,HL2L11,2070001640732
NC,NC-MAIN,,MDS-D-SVJ3-07NA,2.00,HL2L19,2070001641128
NC,NC-MAIN,,MDS-EJH-V1-20,1.00,HL2L19,2070001641500
NC,NC-MAIN,,KS-7MB202A-P,1.00,HL2L19,2070001641838
NC,NC-MAIN,,MORLINA S2 BL 10,2.00,,2070001642040
NC,NC-MAIN,,TELLUS S2 MX 32,1.00,SR-FA9,2070001642057
NC,NC-MAIN,,DS02800,2.00,HL2L19,2070001642736
NC,NC-MAIN,,DHY5200,14.00,SR-IA2,2070001643849
NC,NC-MAIN,,HC-SF52BK-S2,1.00,HL2L19,2070001643948
NC,NC-MAIN,,DEB5900,1.00,HL2L19,2070001644297
NC,NC-MAIN,,DL03800,1.00,HL2L19,2070001644549
NC,NC-MAIN,,DGY8500,1.00,HL2L19,2070001644556
NC,NC-MAIN,,DFF7200,1.00,HL2L19,2070001644570
NC,NC-MAIN,,LS DRO/BRACKET,20.00,,2070001644860
NC,NC-MAIN,,DGH4900,4.00,HL2L19,2070001645249
NC,NC-MAIN,,DBC9800,5.00,HL2L19,2070001645256
NC,NC-MAIN,,MD45200,3.00,HL2L19,2070001645300
NC,NC-MAIN,,DAC4400,2.00,HL2L19,2070001645409
NC,NC-MAIN,,DU94900,2.00,HL2L19,2070001645416
NC,NC-MAIN,,DN71100,1.00,HL2L19,2070001645461
NC,NC-MAIN,,DA99900,1.00,HL2L19,2070001645478
NC,NC-MAIN,,FCU8-CF011-Y00,1.00,HL2L19,2070001645591
NC,NC-MAIN,,DEL9000,1.00,HL2L19,2070001646086
NC,NC-MAIN,,DT59000,4.00,HL2L19,2070001646437
NC,NC-MAIN,,DB28500,2.00,HL2L19,2070001646734
NC,NC-MAIN,,DK13700,1.00,HL2L19,2070001647014
NC,NC-MAIN,,TELLUS S2 MX 100,1.00,,2070001647045
NC,NC-MAIN,,MAKS800,1.00,HL2L19,2070001647106
NC,NC-MAIN,,DHR1200,2.00,HL2L19,2070001647557
NC,NC-MAIN,,DFW3700,5.00,HL2L19,2070001648288
NC,NC-MAIN,,DFW4200,7.00,HL2L19,2070001648295
NC,NC-MAIN,,MDS-C1-V2-0505-NA,1.00,,2070001648462
NC,NC-MAIN,,51318003300,1.00,HL2L01,2070001700269
NC,NC-MAIN,,M212/4,2.00,,2070001700559
NC,NC-MAIN,,M400,2.00,,2070001700573
NC,NC-MAIN,,M215/4,6.00,,2070001700627
NC,NC-MAIN,,RES 50G,620.00,SR-BA1,2070001700634
NC,NC-MAIN,,HA-300NC-S,1.00,,2070001701310
NC,NC-MAIN,,529-433,1.00,,2070001702072
NC,NC-MAIN,,539-124,1.00,,2070001702089
NC,NC-MAIN,,539-278,8.00,,2070001704984
NC,NC-MAIN,,LIVE CENTER,2.00,HL2L03,2070001708340
NC,NC-MAIN,,MLU2700,2.00,HL2L18,2070001711098
NC,NC-MAIN,,VB-5R-650X5M,2.00,HL2L10,2070001711937
NC,NC-MAIN,,8 655 91 088,1.00,HL2L11,2070001712644
NC,NC-MAIN,,8 655 91 087,1.00,HL2L11,2070001712651
NC,NC-MAIN,,DDB6400,1.00,HL2L36,2070001713283
NC,NC-MAIN,,MLTC-MSC-7.9MM,1.00,,2070001715249
NC,NC-MAIN,,MLTC-MSC-10.5MMM,2.00,,2070001715317
NC,NC-MAIN,,MLTC-MSC-1/8INCH,1.00,,2070001715348
NC,NC-MAIN,,MLTC-MSC-1/16INCH,2.00,,2070001715355
NC,NC-MAIN,,MLTC-MSC-4.7MM,1.00,,2070001715362
NC,NC-MAIN,,MLTC-MSC-10.2MM,1.00,,2070001715379
NC,NC-MAIN,,MLTC-MSC-6.5MM,1.00,,2070001715386
NC,NC-MAIN,,MLTC-GB-7.9MM,2.00,,2070001715409
NC,NC-MAIN,,MLTC-GB-10.0MM,3.00,,2070001715416
NC,NC-MAIN,,MLTC-GB-10.5MM,2.00,,2070001715423
NC,NC-MAIN,,MLTC-GB-1/2INCH,1.00,,2070001715447
NC,NC-MAIN,,MLTC-GB-1/4INCH,2.00,,2070001715454
NC,NC-MAIN,,MLTC-GB-1/8INCH,2.00,,2070001715461
NC,NC-MAIN,,MLTC-GB-1/16INCH,2.00,,2070001715478
NC,NC-MAIN,,MLTC-GB-4.7MM,1.00,,2070001715492
NC,NC-MAIN,,MLTC-GB-10.2MM,1.00,,2070001715508
NC,NC-MAIN,,MLTC-GB-6.5MM,1.00,,2070001715515
NC,NC-MAIN,,MLTC-BSC-2.2MM,1.00,HL2L08,2070001715539
NC,NC-MAIN,,MLTC-BSC-2.5MM,1.00,HL2L08,2070001715546
NC,NC-MAIN,,MLTC-BSC-3.2MM,1.00,HL2L08,2070001715553
NC,NC-MAIN,,MLTC-BSC-3.4MM,1.00,HL2L08,2070001715621
NC,NC-MAIN,,MLTC-BSC-4.0MM,2.00,HL2L08,2070001715638
NC,NC-MAIN,,MLTC-FG-7.9MM,1.00,HL2L08,2070001715652
NC,NC-MAIN,,MLTC-FG-10.0MM,2.00,HL2L08,2070001715669
NC,NC-MAIN,,MLTC-FG-10.5MM,2.00,HL2L08,2070001715676
NC,NC-MAIN,,MLTC-FG-1/8INCH,2.00,HL2L08,2070001715706
NC,NC-MAIN,,MLTC-FG-1/16INCH,2.00,HL2L08,2070001715713
NC,NC-MAIN,,MLTC-FG-10.2MM,1.00,HL2L08,2070001715737
NC,NC-MAIN,,MLTC-FG-6.5MM,1.00,HL2L08,2070001715744
NC,NC-MAIN,,MLTC-MSC-4.0MM-BO205II,2.00,,2070001715768
NC,NC-MAIN,,MLTC-GB-4.0MM-BO205II,2.00,,2070001715836
NC,NC-MAIN,,MLTC-GB-6.0MM,1.00,,2070001715850
NC,NC-MAIN,,MLTC-BSC-14.0MM,1.00,HL2L08,2070001715935
NC,NC-MAIN,,MLTC-FG-4.0MM,4.00,HL2L08,2070001715942
NC,NC-MAIN,,MLTC-FG-5.0MM,3.00,HL2L08,2070001715959
NC,NC-MAIN,,MLTC-FG-6.0MM,1.00,HL2L08,2070001715966
NC,NC-MAIN,,MLTC-FG-14.0MM,1.00,HL2L08,2070001715997
NC,NC-MAIN,,MLTC-FG-4.7MM,1.00,HL2L08,2070001716017
NC,NC-MAIN,,MLTC-FG-3.0MM,2.00,HL2L08,2070001716222
NC,NC-MAIN,,DCA6700,1.00,HL2L19,2070001716352
NC,NC-MAIN,,DCP9300,1.00,HL2L18,2070001716635
NC,NC-MAIN,,VB-1090X11M,1.00,HL2L10,2070001717090
NC,NC-MAIN,,MLTC-GB-6.0MM BO123,1.00,,2070001717717
NC,NC-MAIN,,FTC-SP001,1.00,HL2L13,2070001718141
NC,NC-MAIN,,DCN4400,2.00,HL2L18,2070001718394
NC,NC-MAIN,,DDN7900,1.00,,2070001718622
NC,NC-MAIN,,MLTC-BSC-1/4INCH-BO205,1.00,HL2L08,2070001719667
NC,NC-MAIN,,DA95400,20.00,HL2L18,2070001719940
NC,NC-MAIN,,MLTC-MSC-12.0MM-BO123,1.00,,2070001720571
NC,NC-MAIN,,MLTC-MSC-12.07MM-BO205,1.00,,2070001720786
NC,NC-MAIN,,MLTC-MSC-2.0MM-BO125,2.00,,2070001723213
NC,NC-MAIN,,DFW3500,4.00,HL2L18,2070001723893
NC,NC-MAIN,,DFW4000,4.00,HL2L18,2070001723909
NC,NC-MAIN,,174-183E,6.00,HL2L36,2070001724166
NC,NC-MAIN,,DU93900,1.00,HL2L18,2070001727068
NC,NC-MAIN,,DCN7000,1.00,HL2L18,2070001728980
NC,NC-MAIN,,MLTC-FG-5.0MM-BO203,5.00,HL2L08,2070001731089
NC,NC-MAIN,,MLTC-FC-4.2MM,3.00,HL2L08,2070001731133
NC,NC-MAIN,,MLTC-BSC-10.0MM-LN-BO205,1.00,HL2L08,2070001733953
NC,NC-MAIN,,DDN5400,1.00,HL2L18,2070001735063
NC,NC-MAIN,,539-806,1.00,,2070001735209
NC,NC-MAIN,,DU89200,1.00,HL2L18,2070001735797
NC,NC-MAIN,,MLTC-GB-4.180MM-BO123,3.00,,2070001736909
NC,NC-MAIN,,OGM-LATHE DOG 4-8,3.00,HL2L10,2070001737111
NC,NC-MAIN,,MLTC-SC-38.0MM,2.00,HL2L08,2070001738941
NC,NC-MAIN,,MLTC-CC-10.0MM,1.00,HL2L08,2070001740340
NC,NC-MAIN,,MLTC-BSC-5.0MM (STEEL),3.00,HL2L08,2070001741156
NC,NC-MAIN,,MLTC-MSC-3.5MM (STEEL),2.00,,2070001741163
NC,NC-MAIN,,MLTC-GB-5.5MM-BO123,1.00,,2070001741170
NC,NC-MAIN,,FX-A401,1.00,HL2L10,2070001741552
NC,NC-MAIN,,539-817,9.00,,2070001742832
NC,NC-MAIN,,539-814R,1.00,,2070001742856
NC,NC-MAIN,,539-807R,11.00,,2070001742863
NC,NC-MAIN,,50.50.100 - HYP-R1S,2.00,,2070001744386
NC,NC-MAIN,,MLTC-MSCC-10.0MM-BO205-II,1.00,HL2L13,2070001746533
NC,NC-MAIN,,IND. 4 JAW CHUCK - 500MM,1.00,,2070001808699
NC,NC-MAIN,,MA-A81,3.00,HL2L08,2070002105445
NC,NC-MAIN,,4407-06030100,4.00,HL2L06,2070002105698
NC,NC-MAIN,,33T-024,1.00,HL2L08,2070002105841
NC,NC-MAIN,,33T-026,1.00,HL2L08,2070002105858
NC,NC-MAIN,,33T-103,1.00,HL2L08,2070002105865
NC,NC-MAIN,,64420,1.00,,2070002109115
NC,NC-MAIN,,V-82229,1.00,HL2L17,2070002109122
NC,NC-MAIN,,HJ-06,4.00,HL2L17,2070002109313
NC,NC-MAIN,,P-1000,10.00,,2070002109368
NC,NC-MAIN,,J-L02,4.00,HL2L17,2070002109535
NC,NC-MAIN,,VQ-108,11.00,HL2L39,2070002110357
NC,NC-MAIN,,E20-16-K,21.00,HL2L16,2070002110371
NC,NC-MAIN,,E40-12,26.00,HL2L16,2070002110388
NC,NC-MAIN,,C12D 110V,4.00,HL2L08,2070002110531
NC,NC-MAIN,,OCT-ET-Ø0.8 X 300,1.00,HL2L10,2070002110951
NC,NC-MAIN,,VLC-MT4A,15.00,HL2L17,2070002110982
NC,NC-MAIN,,7212-12100001,2.00,HL2L07,2070002111026
NC,NC-MAIN,,E32-8,18.00,HL2L16,2070002111040
NC,NC-MAIN,,E32-10,18.00,HL2L16,2070002111057
NC,NC-MAIN,,E32-12,16.00,HL2L16,2070002111064
NC,NC-MAIN,,E32-25-K,23.00,HL2L16,2070002111071
NC,NC-MAIN,,V-TDT,1.00,HL2L17,2070002111118
NC,NC-MAIN,,ZGC0005336,3.00,HL2L14,2070002111286
NC,NC-MAIN,,VSC-6A-FB,2.00,,2070002111408
NC,NC-MAIN,,INT-16-NT40; 3/16,4.00,HL2L17,2070002111415
NC,NC-MAIN,,VQC-160H,1.00,,2070002111484
NC,NC-MAIN,,CK-12A,21.00,,2070002111590
NC,NC-MAIN,,EL243D,8.00,HL2L12,2070002111675
NC,NC-MAIN,,0405-00142000,2.00,HL2L05,2070002111750
NC,NC-MAIN,,VLC-MT5A,15.00,HL2L17,2070002111804
NC,NC-MAIN,,MT07000216,1.00,HL2L14,2070002111910
NC,NC-MAIN,,E40-8,33.00,HL2L16,2070002112184
NC,NC-MAIN,,E40-10,31.00,HL2L16,2070002112191
NC,NC-MAIN,,E40-16-K,24.00,HL2L16,2070002112221
NC,NC-MAIN,,E40-20-K,27.00,HL2L16,2070002112238
NC,NC-MAIN,,E40-25-K,26.00,HL2L16,2070002112245
NC,NC-MAIN,,E40-32-K,15.00,HL2L16,2070002112252
NC,NC-MAIN,,S-1,1.00,HL2L17,2070002112474
NC,NC-MAIN,,CL-01A,1.00,HL2L17,2070002112481
NC,NC-MAIN,,VSC-6A,1.00,,2070002112498
NC,NC-MAIN,,OCT-ET-Ø0.9X400MM,20.00,HL2L10,2070002112962
NC,NC-MAIN,,103AC1006005ZZ,1.00,HL2L10,2070002113068
NC,NC-MAIN,,6000-02800010,3.00,,2070002113143
NC,NC-MAIN,,CTS-001,1.00,HL2L14,2070002113464
NC,NC-MAIN,,K-187536,1.00,HL2L13,2070002113488
NC,NC-MAIN,,K-MA020029,1.00,,2070002113495
NC,NC-MAIN,,K-MB16-30TAC62B,4.00,,2070002113501
NC,NC-MAIN,,K-MK01-JTAP06X10,5.00,,2070002113518
NC,NC-MAIN,,K-MT010002,1.00,,2070002113525
NC,NC-MAIN,,K-MT040051,3.00,HL2L14,2070002113532
NC,NC-MAIN,,K-ML14000120,1.00,HL2L14,2070002113549
NC,NC-MAIN,,K-E42235,3.00,,2070002113587
NC,NC-MAIN,,K-E42044,2.00,,2070002113594
NC,NC-MAIN,,K-E42288,1.00,,2070002113600
NC,NC-MAIN,,K-EP88000014,2.00,HL2L13,2070002113648
NC,NC-MAIN,,K-MA010069,1.00,,2070002113655
NC,NC-MAIN,,K-MA010070,1.00,,2070002113662
NC,NC-MAIN,,K-MA020020,1.00,,2070002113686
NC,NC-MAIN,,K-ML04-6X1600,3.00,,2070002113709
NC,NC-MAIN,,K-ML04-6X3500,2.00,HL2L14,2070002113716
NC,NC-MAIN,,K-MT01-8YUX976,2.00,HL2L13,2070002113730
NC,NC-MAIN,,K-E42411,3.00,,2070002113747
NC,NC-MAIN,,K-EB08000145,17.00,HL2L14,2070002113754
NC,NC-MAIN,,K-ZGC0004814,5.00,,2070002113778
NC,NC-MAIN,,OCT-ET-Ø0.5X400MM 20PCS/TUBE,1.00,HL2L10,2070002113792
NC,NC-MAIN,,OCT-ET-Ø1.2X400MM 20PCS/TUBE,5.00,HL2L10,2070002113815
NC,NC-MAIN,,VLC-113,1.00,HL2L17,2070002114478
NC,NC-MAIN,,2OCT0032,1.00,HL2L10,2070002114539
NC,NC-MAIN,,VLC-213,1.00,HL2L17,2070002114546
NC,NC-MAIN,,OSM-001,4.00,HL2L11,2070002115017
NC,NC-MAIN,,E50-16,2.00,HL2L16,2070002115086
NC,NC-MAIN,,E50-25,2.00,HL2L16,2070002115109
NC,NC-MAIN,,E50-32-K,11.00,HL2L16,2070002115116
NC,NC-MAIN,,E50-40-K,11.00,HL2L16,2070002115123
NC,NC-MAIN,,HJ-08,11.00,HL2L17,2070002115147
NC,NC-MAIN,,VLC-114,2.00,,2070002115161
NC,NC-MAIN,,VLC-115,1.00,HL2L17,2070002115178
NC,NC-MAIN,,INT-13-MT4,11.00,HL2L17,2070002115239
NC,NC-MAIN,,18HA-022,1.00,HL2L08,2070002115284
NC,NC-MAIN,,INT-13-MT3,1.00,HL2L17,2070002116045
NC,NC-MAIN,,VG-816,1.00,,2070002116496
NC,NC-MAIN,,J-C01,2.00,HL2L17,2070002116519
NC,NC-MAIN,,V-16000,3.00,HL2L17,2070002116533
NC,NC-MAIN,,VMP23-SP001,1.00,HL2L13,2070002116656
NC,NC-MAIN,,ZGC0005262,8.00,,2070002116915
NC,NC-MAIN,,ZGC0004354,8.00,,2070002116922
NC,NC-MAIN,,ZGC0005263,10.00,,2070002116939
NC,NC-MAIN,,ZGC0006089,10.00,,2070002116946
NC,NC-MAIN,,ZGC0006531,2.00,,2070002116953
NC,NC-MAIN,,ZGC0005264,2.00,,2070002116960
NC,NC-MAIN,,MA020028,2.00,HL2L14,2070002117103
NC,NC-MAIN,,899999,2.00,HL2L10,2070002117394
NC,NC-MAIN,,E08157,2.00,,2070002117448
NC,NC-MAIN,,E20-8,20.00,HL2L16,2070002117820
NC,NC-MAIN,,E20-10,18.00,HL2L16,2070002117837
NC,NC-MAIN,,E20-12-K,18.00,HL2L16,2070002117844
NC,NC-MAIN,,TS-135-MT3,1.00,,2070002117868
NC,NC-MAIN,,DS-RA-AB001,1.00,,2070002118056
NC,NC-MAIN,,FMB22,1.00,HL2L12,2070002118193
NC,NC-MAIN,,MA01000091,1.00,HL2L14,2070002118209
NC,NC-MAIN,,EB34000134,1.00,HL2L14,2070002118216
NC,NC-MAIN,,EB42-LS-BD2,2.00,,2070002118223
NC,NC-MAIN,,MA-PT 0.175KVA,2.00,HL2L08,2070002118575
NC,NC-MAIN,,3P 50A,1.00,HL2L08,2070002118582
NC,NC-MAIN,,E42258,1.00,,2070002118681
NC,NC-MAIN,,MA-ORG170,5.00,HL2L08,2070002118841
NC,NC-MAIN,,MA-ORG120,3.00,HL2L08,2070002118858
NC,NC-MAIN,,MA-ORG75,5.00,HL2L08,2070002118865
NC,NC-MAIN,,MA-ORG65,10.00,HL2L08,2070002118872
NC,NC-MAIN,,MA-ORG55,20.00,HL2L08,2070002118889
NC,NC-MAIN,,MA-ORP18,5.00,HL2L08,2070002118896
NC,NC-MAIN,,MA-OS40X68X7,5.00,HL2L08,2070002118902
NC,NC-MAIN,,MA-OS25X38X8,15.00,HL2L08,2070002118919
NC,NC-MAIN,,LJ12A3-4-Z/BX,1.00,,2070002119008
NC,NC-MAIN,,E25-12,20.00,HL2L16,2070002119572
NC,NC-MAIN,,E25-16-K,19.00,HL2L16,2070002119589
NC,NC-MAIN,,E25-20-K,20.00,HL2L16,2070002119596
NC,NC-MAIN,,MX05000003,10.00,,2070002119992
NC,NC-MAIN,,ZGC0006828,2.00,,2070002120004
NC,NC-MAIN,,OSC-G-Ø1.5MM,3.00,HL2L11,2070002120165
NC,NC-MAIN,,25B-044,4.00,,2070002120202
NC,NC-MAIN,,25B-067,1.00,HL2L08,2070002120219
NC,NC-MAIN,,4208-02515003,8.00,HL2L06,2070002120486
NC,NC-MAIN,,OSC-G-Ø1.0MM,5.00,HL2L11,2070002120851
NC,NC-MAIN,,OSC-G-Ø2.0MM,3.00,HL2L11,2070002120868
NC,NC-MAIN,,OSC-G-Ø3.0MM,4.00,HL2L11,2070002120875
NC,NC-MAIN,,OSC-G-Ø0.3MM,3.00,HL2L11,2070002120882
NC,NC-MAIN,,OSC-G-Ø0.5MM,3.00,HL2L11,2070002120899
NC,NC-MAIN,,OSC-G-Ø0.8MM,5.00,HL2L11,2070002120905
NC,NC-MAIN,,OSC-P-38,3.00,HL2L11,2070002120950
NC,NC-MAIN,,1704,1.00,HL2L08,2070002121049
NC,NC-MAIN,,MSCT-SB-01,2.00,HL2L08,2070002121056
NC,NC-MAIN,,MSCT-SP-01,2.00,HL2L08,2070002121063
NC,NC-MAIN,,28-6202ZZ,6.00,HL2L12,2070002121087
NC,NC-MAIN,,06041000,1.00,HL2L12,2070002121094
NC,NC-MAIN,,06041100,1.00,HL2L12,2070002121100
NC,NC-MAIN,,CA5118A,1.00,HL2L09,2070002121186
NC,NC-MAIN,,ML04-6X3000,1.00,HL2L14,2070002121216
NC,NC-MAIN,,06042000,2.00,HL2L12,2070002122435
NC,NC-MAIN,,AGCB003C,2.00,HL2L13,2070002122596
NC,NC-MAIN,,AGCB006A,5.00,HL2L13,2070002122602
NC,NC-MAIN,,AGCB010A,3.00,HL2L13,2070002122619
NC,NC-MAIN,,AGCB007A,1.00,HL2L13,2070002122633
NC,NC-MAIN,,AGCB002C,2.00,HL2L13,2070002122640
NC,NC-MAIN,,AGCB005A,1.00,HL2L13,2070002122657
NC,NC-MAIN,,AGCB009E,1.00,HL2L13,2070002122664
NC,NC-MAIN,,AGCB013D,1.00,HL2L13,2070002122688
NC,NC-MAIN,,AGCB014E,1.00,HL2L13,2070002122695
NC,NC-MAIN,,AGC_AWT001,1.00,HL2L13,2070002122718
NC,NC-MAIN,,MB16-30TAC62B,4.00,HL2L13,2070002122978
NC,NC-MAIN,,CARRIAGE LEADSCREW,1.00,HL2L08,2070002123067
NC,NC-MAIN,,NUT,1.00,HL2L08,2070002123074
NC,NC-MAIN,,GRADUATED COLLAR,1.00,HL2L08,2070002123081
NC,NC-MAIN,,V-212-M16-M,3.00,HL2L17,2070002123159
NC,NC-MAIN,,M1312-S30,1.00,,2070002123418
NC,NC-MAIN,,M0901-6006ZZ,1.00,,2070002123425
NC,NC-MAIN,,M1328-6X45,1.00,,2070002123449
NC,NC-MAIN,,M0702036,2.00,,2070002123456
NC,NC-MAIN,,M0901-6007ZZ,1.00,,2070002123463
NC,NC-MAIN,,10513,1.00,HL2L12,2070002123470
NC,NC-MAIN,,10597,1.00,HL2L12,2070002123487
NC,NC-MAIN,,M1210055,1.00,,2070002123494
NC,NC-MAIN,,GU-CC-01,1.00,,2070002123548
NC,NC-MAIN,,ZGC0007892,2.00,,2070002123692
NC,NC-MAIN,,COOLANT SYSTEM,4.00,,2070002124125
NC,NC-MAIN,,PW030101,2.00,HL2L13,2070002124170
NC,NC-MAIN,,PW110002,8.00,,2070002124187
NC,NC-MAIN,,OSC-G-Ø0.2MM,2.00,HL2L11,2070002124248
NC,NC-MAIN,,FBS-40MCT2-AC,1.00,HL2L11,2070002124552
NC,NC-MAIN,,MV65421A,1.00,HL2L13,2070002124576
NC,NC-MAIN,,QP160215,1.00,HL2L08,2070002124613
NC,NC-MAIN,,MB02-70BNR10S,1.00,HL2L14,2070002124750
NC,NC-MAIN,,MN050005,3.00,HL2L14,2070002124927
NC,NC-MAIN,,MA-SPM,1.00,,2070002125368
NC,NC-MAIN,,X3043,1.00,HL2L08,2070002125399
NC,NC-MAIN,,X7007,1.00,HL2L08,2070002125405
NC,NC-MAIN,,AB08000024,5.00,HL2L14,2070002125993
NC,NC-MAIN,,ZG1609-000002,1.00,HL2L07,2070002126099
NC,NC-MAIN,,VSC-12A-FB,1.00,,2070002126563
NC,NC-MAIN,,EB08000225,1.00,,2070002126822
NC,NC-MAIN,,ZNC-003,1.00,HL2L11,2070002126860
NC,NC-MAIN,,E350-SP-WGA-01,1.00,,2070002126914
NC,NC-MAIN,,F01-RU-8.2~8.7,10.00,HL2L08,2070002127157
NC,NC-MAIN,,F01-RU-10.6~11.3,10.00,HL2L08,2070002127164
NC,NC-MAIN,,EXCETEK PROGRAMMING SOFTWARE,1.00,HL2L41,2070002127416
NC,NC-MAIN,,350-3A-D20,1.00,,2070002127607
NC,NC-MAIN,,AGCB001A,1.00,HL2L13,2070002128086
NC,NC-MAIN,,NH-09,10.00,,2070002128093
NC,NC-MAIN,,CM3-3,1.00,,2070002128338
NC,NC-MAIN,,OSC-ET-Ø0.04X400L,1.00,HL2L11,2070002128802
NC,NC-MAIN,,PSG-CP-01,1.00,HL2L09,2070002129182
NC,NC-MAIN,,MA-NAST055,3.00,HL2L08,2070002129434
NC,NC-MAIN,,PW010201,6.00,HL2L13,2070002130072
NC,NC-MAIN,,OSC-ET-Ø0.3X400L,2.00,HL2L11,2070002130195
NC,NC-MAIN,,OSC-ET-Ø0.8X400L 20PCS/TUBE,2.00,HL2L11,2070002130225
NC,NC-MAIN,,G10,5.00,HL2L08,2070002130317
NC,NC-MAIN,,OSC-S4-B01,1.00,HL2L11,2070002130553
NC,NC-MAIN,,AL-500PX,9.00,MEZZANINE,2070002130577
NC,NC-MAIN,,MAFC004,6.00,HL2L11,2070002130805
NC,NC-MAIN,,OSC-ET-Ø0.2X200L,1.00,HL2L11,2070002130812
NC,NC-MAIN,,ZGC0010165,2.00,,2070002131185
NC,NC-MAIN,,RT-305,1.00,HL2L11,2070002131246
NC,NC-MAIN,,OSC-ET-Ø0.6X400L 20PCS/TUBE,4.00,HL2L11,2070002131253
NC,NC-MAIN,,OSC-G-Ø0.6MM,1.00,HL2L11,2070002131260
NC,NC-MAIN,,OSC-ET-MO-Ø3.0MMX400L,2.00,HL2L11,2070002131277
NC,NC-MAIN,,OSC-SAC-SD,1.00,HL2L11,2070002132304
NC,NC-MAIN,,HJ-FLTR-ST800B,1.00,HL2L08,2070002132366
NC,NC-MAIN,,VHC-06,23.00,HL2L39,2070002132908
NC,NC-MAIN,,VHC-10,10.00,HL2L29,2070002132922
NC,NC-MAIN,,VHC-12,7.00,HL2L39,2070002132939
NC,NC-MAIN,,B-206T,4.00,HL2L39,2070002132946
NC,NC-MAIN,,B-208T,4.00,HL2L39,2070002132953
NC,NC-MAIN,,17HA-009,1.00,HL2L08,2070002133110
NC,NC-MAIN,,ECMA-C10804R7,2.00,HL2L13,2070002133356
NC,NC-MAIN,,ML04-6X1800,1.00,HL2L14,2070002133479
NC,NC-MAIN,,PSG-FN-01,2.00,HL2L09,2070002133516
NC,NC-MAIN,,B-MF-6S22W,2.00,HL2L08,2070002133578
NC,NC-MAIN,,E50-10,2.00,HL2L16,2070002133691
NC,NC-MAIN,,E50-12,2.00,HL2L16,2070002133707
NC,NC-MAIN,,4304-06000010,8.00,HL2L06,2070002134148
NC,NC-MAIN,,18HA-037,1.00,HL2L08,2070002134162
NC,NC-MAIN,,N037-H4,4.00,HL2L09,2070002134605
NC,NC-MAIN,,6000ZZ,2.00,HL2L08,2070002134988
NC,NC-MAIN,,TA2830,5.00,HL2L08,2070002134995
NC,NC-MAIN,,6004ZZ,2.00,HL2L08,2070002135015
NC,NC-MAIN,,KM-1308,3.00,HL2L08,2070002135183
NC,NC-MAIN,,4401-03025000,4.00,HL2L06,2070002135428
NC,NC-MAIN,,VSC-10A-FB,1.00,,2070002135442
NC,NC-MAIN,,MVT1405A,2.00,HL2L13,2070002136517
NC,NC-MAIN,,PW020202,4.00,HL2L13,2070002136531
NC,NC-MAIN,,VRTW-1545A,1.00,,2070002136838
NC,NC-MAIN,,PP FILTER,1.00,HL2L11,2070002137415
NC,NC-MAIN,,PC050103,2.00,HL2L13,2070002137767
NC,NC-MAIN,,A3078-1,2.00,HL2L08,2070002137880
NC,NC-MAIN,,MA1840-SP-01,9.00,HL2L08,2070002137897
NC,NC-MAIN,,RHU-80/36K1,4.00,HL2L08,2070002137989
NC,NC-MAIN,,25A-0260M0,4.00,HL2L08,2070002138030
NC,NC-MAIN,,D-12203-2,17.00,HL2L39,2070002138191
NC,NC-MAIN,,V-318-M,27.00,,2070002138207
NC,NC-MAIN,,VQC-100,1.00,,2070002138412
NC,NC-MAIN,,VHC-08-08,20.00,MEZZANINE,2070002138535
NC,NC-MAIN,,C0908,3.00,HL2L08,2070002139563
NC,NC-MAIN,,C0501-6V,2.00,HL2L08,2070002139570
NC,NC-MAIN,,PFP01907,5.00,HL2L08,2070002139587
NC,NC-MAIN,,OSC-ET-Ø1.0X400MM 100PCS,5.00,HL2L11,2070002140361
NC,NC-MAIN,,OSC-SW-45,1.00,,2070002140873
NC,NC-MAIN,,PS-146G30,4.00,HL2L08,2070002140934
NC,NC-MAIN,,B-MF-4SJ22WRS,2.00,HL2L08,2070002141092
NC,NC-MAIN,,PB041301,6.00,HL2L13,2070002141542
NC,NC-MAIN,,MSCUT-SP-IM-01,1.00,,2070002142426
NC,NC-MAIN,,MSCUT-SP-IM-02,1.00,,2070002142464
NC,NC-MAIN,,OSC-ET-Ø0.5X400L100PCS/TUBE,1.00,HL2L11,2070002142617
NC,NC-MAIN,,N037-2,12.00,HL2L09,2070002143904
NC,NC-MAIN,,VK-8,13.00,,2070002145205
NC,NC-MAIN,,VJ-123 (R8-JT6),2.00,,2070002145212
NC,NC-MAIN,,25A-0610R0,2.00,HL2L08,2070002145809
NC,NC-MAIN,,LCP-TBS-100200,1.00,HL2L09,2070002146417
NC,NC-MAIN,,OSC-MC-CU11+CUA-202,3.00,HL2L11,2070002146615
NC,NC-MAIN,,ER610005,1.00,HL2L13,2070002147162
NC,NC-MAIN,,OSC-SLMP-01,1.00,HL2L11,2070002147575
NC,NC-MAIN,,OSC-BULB-01,1.00,HL2L11,2070002147582
NC,NC-MAIN,,CU40R,2.00,HL2L08,2070002148398
NC,NC-MAIN,,RHU80K/47K2,1.00,HL2L08,2070002148404
NC,NC-MAIN,,OSC-MTR180-01,1.00,HL2L11,2070002148480
NC,NC-MAIN,,COOLANT VALVE,1.00,HL2L12,2070002403640
NC,NC-MAIN,,3015-25,12.00,,2070002405873
NC,NC-MAIN,,6076,1.00,HL2L12,2070002413861
NC,NC-MAIN,,4001-P,1.00,HL2L12,2070002413878
NC,NC-MAIN,,4002-P,1.00,HL2L12,2070002413885
NC,NC-MAIN,,4086-P,1.00,HL2L12,2070002413892
NC,NC-MAIN,,3013-10,10.00,,2070002417562
NC,NC-MAIN,,CB.20-4002.A1,1.00,HL2L12,2070002737561
NC,NC-MAIN,,BORING BAR 8MM-T,6.00,,2070002807196
NC,NC-MAIN,,BBS 8MM ID X 40MM OD,2.00,,2070002809770
NC,NC-MAIN,,BBS 10MM ID X 40MM OD,7.00,,2070002809787
NC,NC-MAIN,,BBS 32MM ID X 40MM OD,2.00,,2070002809831
NC,NC-MAIN,,BBS 12MM ID X 20MM OD,1.00,,2070002809862
NC,NC-MAIN,,FO2535300,1.00,HL2L13,2070002816297
NC,NC-MAIN,,FL07030,2.00,HL2L13,2070002816983
NC,NC-MAIN,,FL07040,10.00,HL2L13,2070002816990
NC,NC-MAIN,,FL07050,10.00,HL2L13,2070002817003
NC,NC-MAIN,,FL07850,4.00,HL2L13,2070002817584
NC,NC-MAIN,,FL15800,5.00,HL2L13,2070002817591
NC,NC-MAIN,,FL07060,4.00,HL2L13,2070002817652
NC,NC-MAIN,,AW20-02BCG & AMG15C-02BC,1.00,HL2L08,2070002824087
NC,NC-MAIN,,FL07090,7.00,HL2L13,2070002824889
NC,NC-MAIN,,FL07075,9.00,HL2L13,2070002825060
NC,NC-MAIN,,XT04403000,1.00,HL2L13,2070002826043
NC,NC-MAIN,,FL04035,4.00,HL2L13,2070002826548
NC,NC-MAIN,,FL04040,1.00,HL2L13,2070002826555
NC,NC-MAIN,,J3082-140,2.00,,2070002826647
NC,NC-MAIN,,J3082-061,1.00,,2070002826654
NC,NC-MAIN,,J1643-100,1.00,,2070002826661
NC,NC-MAIN,,J1643-110,1.00,,2070002826678
NC,NC-MAIN,,J3082-150,1.00,,2070002826685
NC,NC-MAIN,,J3082-160,1.00,,2070002826692
NC,NC-MAIN,,J3116-010,1.00,,2070002826708
NC,NC-MAIN,,08690-050,1.00,,2070002826715
NC,NC-MAIN,,09120-011,1.00,,2070002826722
NC,NC-MAIN,,09120-020,1.00,,2070002826739
NC,NC-MAIN,,J3082-171,2.00,,2070002826746
NC,NC-MAIN,,FL07100,3.00,HL2L13,2070002829600
NC,NC-MAIN,,FL07042,4.00,HL2L13,2070002829693
NC,NC-MAIN,,STP30710,2.00,HL2L13,2070002831283
NC,NC-MAIN,,STP20710,2.00,HL2L13,2070002831290
NC,NC-MAIN,,M5X20,2.00,HL2L13,2070002831306
NC,NC-MAIN,,FL07041,2.00,HL2L13,2070002831450
NC,NC-MAIN,,FL07025,2.00,HL2L13,2070002831467
NC,NC-MAIN,,FL07045,3.00,HL2L13,2070002831634
NC,NC-MAIN,,FL07055,10.00,HL2L13,2070002831641
NC,NC-MAIN,,FL04045,2.00,HL2L13,2070002832846
NC,NC-MAIN,,FL04050,2.00,HL2L13,2070002832853
NC,NC-MAIN,,FL04055,8.00,HL2L13,2070002832860
NC,NC-MAIN,,FL04042,2.00,HL2L13,2070002834291
NC,NC-MAIN,,XT193061400,1.00,HL2L13,2070002834840
NC,NC-MAIN,,FL12160,1.00,HL2L13,2070002837247
NC,NC-MAIN,,84711110,2.00,,2070002838350
NC,NC-MAIN,,84711116,2.00,,2070002838367
NC,NC-MAIN,,84711215,2.00,,2070002838374
NC,NC-MAIN,,84711109,2.00,,2070002838381
NC,NC-MAIN,,FL12080,1.00,HL2L13,2070002838619
NC,NC-MAIN,,FL12100,1.00,HL2L13,2070002838626
NC,NC-MAIN,,FL12130,2.00,HL2L13,2070002838633
NC,NC-MAIN,,B14120103,1.00,HL2L13,2070002840902
NC,NC-MAIN,,B18120700,1.00,HL2L13,2070002844443
NC,NC-MAIN,,FL12127,2.00,HL2L13,2070002846034
NC,NC-MAIN,,CNC-PAC-20HP,2.00,,2070003322568
NC,NC-MAIN,,001-5101,4.00,HL2L08,2070003737577
NC,NC-MAIN,,000-3420,1.00,HL2L08,2070003737874
NC,NC-MAIN,,HMEH-M3V-PWH,1.00,HL2L35,2071121100038
NC,NC-MAIN,,M7539480177,1.00,,2071571406292
NC,NC-MAIN,,R52ZN000801,1.00,HL2L04,2072081400053
NC,NC-MAIN,,J2600P11200,7.00,HL2L03,2072081400084
NC,NC-MAIN,,J2600P01250,6.00,HL2L03,2072081400091
NC,NC-MAIN,,E00007207A0,1.00,,2072081400169
NC,NC-MAIN,,41415240230,1.00,HL2L01,2072081400206
NC,NC-MAIN,,E0000630W0,1.00,,2072081400237
NC,NC-MAIN,,D60DA004340,1.00,HL2L01,2072081400282
NC,NC-MAIN,,E35TAB07DB0,2.00,,2072081400336
NC,NC-MAIN,,D50NW000960,1.00,HL2L01,2072081400435
NC,NC-MAIN,,J04SH000900,2.00,HL2L03,2072081400442
NC,NC-MAIN,,J2600G12000,10.00,HL2L03,2072081400459
NC,NC-MAIN,,J2600G11500,3.00,HL2L03,2072081400466
NC,NC-MAIN,,J2600P01000,2.00,HL2L03,2072081400473
NC,NC-MAIN,,R25YB000740,2.00,,2072081400565
NC,NC-MAIN,,J2600G05500,8.00,HL2L03,2072081400640
NC,NC-MAIN,,J2600P09500,8.00,HL2L03,2072081400657
NC,NC-MAIN,,F09WH000730,1.00,,2072081400916
NC,NC-MAIN,,G16LE003520,1.00,HL2L02,2072081401265
NC,NC-MAIN,,6002ZZAVZ,2.00,HL2L01,2072091400043
NC,NC-MAIN,,6013VV NSK,1.00,HL2L01,2072091400074
NC,NC-MAIN,,R25TC000080,2.00,,2072091400500
NC,NC-MAIN,,BMFRSF00060,2.00,HL2L01,2072091400777
NC,NC-MAIN,,31471569661,1.00,HL2L01,2072091401149
NC,NC-MAIN,,31480193290,1.00,HL2L37,2072091401316
NC,NC-MAIN,,43426604700,1.00,HL2L01,2072091402429
NC,NC-MAIN,,240-09-01,6.00,HL2L10,2072131800123
NC,NC-MAIN,,08.04.00128,1.00,,2072131800215
NC,NC-MAIN,,01.01.30507,1.00,HL2L10,2072131800468
NC,NC-MAIN,,240-02-16,1.00,HL2L10,2072131800918
NC,NC-MAIN,,75-22000-50,1.00,,2072131800949
NC,NC-MAIN,,M7539470177,1.00,,2073131415041
NC,NC-MAIN,,B95- 0509,1.00,HL2L07,2073132115032
NC,NC-MAIN,,HTD 425-5M25,2.00,HL2L10,2073201800111
NC,NC-MAIN,,4I-D8-500,1.00,,2073201800296
NC,NC-MAIN,,KM1,1.00,HL2L10,2073201800319
NC,NC-MAIN,,6313-29009A00,2.00,,2073262116879
NC,NC-MAIN,,0651006,1.00,,2073262116947
NC,NC-MAIN,,0651007,2.00,,2073262116954
NC,NC-MAIN,,0651024,1.00,,2073262116978
NC,NC-MAIN,,0651002,1.00,,2073262116985
NC,NC-MAIN,,0651023,1.00,,2073262116992
NC,NC-MAIN,,J2600P06200,10.00,HL2L03,2073461400465
NC,NC-MAIN,,J2600P11500,7.00,HL2L03,2073461400496
NC,NC-MAIN,,J2600G04500,8.00,HL2L03,2073461400571
NC,NC-MAIN,,M11KM00476D,1.00,HL2L03,2073461400960
NC,NC-MAIN,,J2600P20000,10.00,HL2L03,2073461401011
NC,NC-MAIN,,J2600G20000,2.00,HL2L03,2073461401028
NC,NC-MAIN,,J2600G15500,9.00,HL2L03,2073461401035
NC,NC-MAIN,,J2600P022A0,3.00,HL2L03,2073461401431
NC,NC-MAIN,,E40TAB09DB0,1.00,HL2L02,2073461415377
NC,NC-MAIN,,G50CB008710,1.00,HL2L02,2073461415643
NC,NC-MAIN,,34320209150,2.00,HL2L01,2073461415704
NC,NC-MAIN,,J2600G14000,9.00,HL2L03,2073461415711
NC,NC-MAIN,,K16ZA000090,1.00,HL2L03,2073461416282
NC,NC-MAIN,,J2600P03400,3.00,HL2L03,2073461416480
NC,NC-MAIN,,D50EA001320,2.00,HL2L01,2073461416688
NC,NC-MAIN,,R25YB002591,3.00,HL2L04,2073461416800
NC,NC-MAIN,,J2600P04900,10.00,HL2L03,2073461418743
NC,NC-MAIN,,0352ASY0460,1.00,HL2L01,2073461419290
NC,NC-MAIN,,J24SH003910,1.00,HL2L03,2073461420067
NC,NC-MAIN,,J2600P22000,8.00,HL2L03,2073461420357
NC,NC-MAIN,,D72NAR02160 - RBE,1.00,,2073461422443
NC,NC-MAIN,,J2600P13000,1.00,HL2L03,2073461423273
NC,NC-MAIN,,J2600G05000,1.00,HL2L03,2073461423341
NC,NC-MAIN,,33471585730,1.00,HL2L01,2073461423723
NC,NC-MAIN,,J2600P02100,2.00,HL2L03,2073461424287
NC,NC-MAIN,,Z99MM035440,1.00,HL2L04,2073461426335
NC,NC-MAIN,,D80SK001970,1.00,,2073461426519
NC,NC-MAIN,,D65UB004273,1.00,HL2L01,2073461426762
NC,NC-MAIN,,10335202,5.00,HL2L12,2073461427639
NC,NC-MAIN,,R25YB002581,1.00,HL2L04,2073461429022
NC,NC-MAIN,,E45TAB10DF0,2.00,,2073461429046
NC,NC-MAIN,,13519137970,1.00,HL2L01,2073461430783
NC,NC-MAIN,,10380410,1.00,HL2L12,2073461431933
NC,NC-MAIN,,J2600P14500,8.00,HL2L03,2073461432336
NC,NC-MAIN,,J2600P02000,2.00,HL2L03,2073461433432
NC,NC-MAIN,,J2600P14000,2.00,HL2L03,2073461436068
NC,NC-MAIN,,J2600P10500,4.00,HL2L03,2073461436075
NC,NC-MAIN,,J2600G13500,4.00,HL2L03,2073461436082
NC,NC-MAIN,,J2600G04000,1.00,HL2L03,2073461436259
NC,NC-MAIN,,J2600S04000,9.00,HL2L03,2073461436266
NC,NC-MAIN,,J2600S01400,3.00,HL2L03,2073461436297
NC,NC-MAIN,,J1100P010A0,2.00,HL2L03,2073461436976
NC,NC-MAIN,,Z9900000150,53.00,HL2L33,2073461437638
NC,NC-MAIN,,J04SH000950,1.00,HL2L03,2073461438192
NC,NC-MAIN,,J2600G09000,2.00,HL2L03,2073461438444
NC,NC-MAIN,,G06LA001280,1.00,,2073461438710
NC,NC-MAIN,,34390151911,1.00,HL2L01,2073461439229
NC,NC-MAIN,,H12LA009520,15.00,HL2L03,2073461439267
NC,NC-MAIN,,H12LA009410,15.00,HL2L03,2073461439274
NC,NC-MAIN,,J01AB1030E0,2.00,HL2L03,2073461439281
NC,NC-MAIN,,E007204ADB0,1.00,HL2L02,2073461439458
NC,NC-MAIN,,J2600G03000,1.00,HL2L03,2073461439694
NC,NC-MAIN,,H12LA009420,3.00,HL2L03,2073461439878
NC,NC-MAIN,,J2600G02500,4.00,HL2L03,2073461439953
NC,NC-MAIN,,R26YB005020,1.00,HL2L04,2073461440102
NC,NC-MAIN,,G16LE003510,2.00,HL2L02,2073461441000
NC,NC-MAIN,,G16FH005230,1.00,HL2L02,2073461441307
NC,NC-MAIN,,P21LA000210,3.00,HL2L29,2073461441352
NC,NC-MAIN,,J2600G07000,9.00,HL2L03,2073461441635
NC,NC-MAIN,,R26BA000910,1.00,,2073461441765
NC,NC-MAIN,,D60DA017400,2.00,HL2L01,2073461441987
NC,NC-MAIN,,J2600P12000 (P-120),7.00,HL2L03,2073461442809
NC,NC-MAIN,,R26UN003740,1.00,HL2L04,2073461443134
NC,NC-MAIN,,D70UB008490,1.00,HL2L02,2073461443141
NC,NC-MAIN,,F09FH000910,8.00,,2073461443424
NC,NC-MAIN,,R26YB005030,3.00,HL2L04,2073461443486
NC,NC-MAIN,,E0NA22S8LL0,8.00,,2073461443578
NC,NC-MAIN,,J2600P02500,5.00,HL2L03,2073461444162
NC,NC-MAIN,,F02NP003510,2.00,,2073461444629
NC,NC-MAIN,,R25YB002861,2.00,,2073461444704
NC,NC-MAIN,,G50SV006880,1.00,HL2L02,2073461445459
NC,NC-MAIN,,G50SV008670,2.00,HL2L02,2073461445596
NC,NC-MAIN,,J2600G06500  G-065,1.00,HL2L03,2073461445695
NC,NC-MAIN,,F09NP001230,2.00,,2073461445800
NC,NC-MAIN,,G14FH001420,1.00,HL2L02,2073461445930
NC,NC-MAIN,,35572653151,7.00,HL2L37,2073461446050
NC,NC-MAIN,,35572653200,14.00,HL2L37,2073461446067
NC,NC-MAIN,,35572653240,14.00,HL2L37,2073461446074
NC,NC-MAIN,,35572653230,14.00,HL2L37,2073461446081
NC,NC-MAIN,,45572653220,42.00,HL2L37,2073461446098
NC,NC-MAIN,,A06CB050080,1.00,,2073461447187
NC,NC-MAIN,,L03VV002711,1.00,HL2L42,2073461448054
NC,NC-MAIN,,R13PJ002391,1.00,HL2L04,2073461448610
NC,NC-MAIN,,D43ZZ001711,5.00,HL2L01,2073461448795
NC,NC-MAIN,,10360519,6.00,HL2L12,2073461448801
NC,NC-MAIN,,R25YB002571,3.00,HL2L04,2073461448856
NC,NC-MAIN,,D72MA008490,1.00,HL2L02,2073461448870
NC,NC-MAIN,,D80MA008240,1.00,,2073461449792
NC,NC-MAIN,,J25NV004250,3.00,HL2L03,2073461449945
NC,NC-MAIN,,J25NV004120,5.00,HL2L03,2073461449969
NC,NC-MAIN,,10385385,10.00,HL2L12,2073461449983
NC,NC-MAIN,,D7354921610,1.00,,2073461450880
NC,NC-MAIN,,D80UB016170,10.00,HL2L32,2073461450941
NC,NC-MAIN,,J2600G19000  G-190,1.00,HL2L03,2073461451276
NC,NC-MAIN,,D70UB006781,1.00,,2073461451719
NC,NC-MAIN,,R26UN004240,1.00,,2073461451726
NC,NC-MAIN,,R80MA000830,1.00,HL2L04,2073461451870
NC,NC-MAIN,,F09NP001210,2.00,,2073461452617
NC,NC-MAIN,,J2600S05300,1.00,HL2L03,2073461452945
NC,NC-MAIN,,D80MA012880,2.00,,2073461452990
NC,NC-MAIN,,D56TR001840,6.00,HL2L01,2073461453584
NC,NC-MAIN,,G30ZZ00334C,9.00,HL2L02,2073461454086
NC,NC-MAIN,,5B078000301,3.00,HL2L01,2073461454673
NC,NC-MAIN,,J2600G13000,9.00,HL2L03,2073461454772
NC,NC-MAIN,,J2600G18500,10.00,HL2L03,2073461455526
NC,NC-MAIN,,Z99BB010910,1.00,HL2L04,2073461456219
NC,NC-MAIN,,L01TR008990,1.00,HL2L03,2073461456578
NC,NC-MAIN,,G07GU002320,2.00,HL2L03,2073461457353
NC,NC-MAIN,,E0006306ZZ0,1.00,,2073461457582
NC,NC-MAIN,,E00006208Z0,1.00,,2073461457636
NC,NC-MAIN,,E0006206ZZ0,1.00,,2073461457643
NC,NC-MAIN,,J2702X07250,3.00,HL2L03,2073461457667
NC,NC-MAIN,,J04SH002860,4.00,HL2L03,2073461457681
NC,NC-MAIN,,D65UB004832,1.00,HL2L01,2073461457995
NC,NC-MAIN,,J2600S26000,4.00,HL2L03,2073461458169
NC,NC-MAIN,,J2600S22000,3.00,HL2L03,2073461458176
NC,NC-MAIN,,J2600P03500,4.00,HL2L03,2073461458572
NC,NC-MAIN,,J2600P06000,1.00,HL2L03,2073461458589
NC,NC-MAIN,,G23SV002860,1.00,HL2L02,2073461458978
NC,NC-MAIN,,D50FB002730,10.00,HL2L32,2073461458985
NC,NC-MAIN,,39580106240,1.00,HL2L01,2073461459821
NC,NC-MAIN,,L03VV003030,1.00,HL2L42,2073461460131
NC,NC-MAIN,,R12MA011450,2.00,HL2L04,2073461460261
NC,NC-MAIN,,L03HT007490,1.00,HL2L42,2073461460278
NC,NC-MAIN,,R12MA011440,2.00,HL2L04,2073461460285
NC,NC-MAIN,,D80MA019830,1.00,HL2L02,2073461460315
NC,NC-MAIN,,L03HT006800,1.00,HL2L03,2073461460339
NC,NC-MAIN,,J24NV005090,5.00,HL2L03,2073461460506
NC,NC-MAIN,,D26IA001100,1.00,HL1L01,2073461460728
NC,NC-MAIN,,D26IA000540,2.00,HL1L01,2073461460742
NC,NC-MAIN,,10383049,1.00,,2073461460988
NC,NC-MAIN,,G23LA002100,2.00,HL2L02,2073461461046
NC,NC-MAIN,,F04NN002860,1.00,,2073461461503
NC,NC-MAIN,,J2600G21500,9.00,HL2L03,2073461461510
NC,NC-MAIN,,43177178930,40.00,HL2L37,2073461461534
NC,NC-MAIN,,D72ZZ011591,1.00,,2073461462456
NC,NC-MAIN,,R12MA013700,1.00,HL2L04,2073461462463
NC,NC-MAIN,,G50SV011670,1.00,HL2L02,2073461462562
NC,NC-MAIN,,D80MA015280,1.00,,2073461462807
NC,NC-MAIN,,J2600G10000,5.00,HL2L03,2073461463101
NC,NC-MAIN,,J2600P04500  P-45,9.00,HL2L03,2073461463125
NC,NC-MAIN,,E0007308DB0,1.00,,2073461463149
NC,NC-MAIN,,J04SH001170,3.00,HL2L03,2073461463460
NC,NC-MAIN,,R25YB002531,2.00,HL2L04,2073461463941
NC,NC-MAIN,,P52LA000111,15.00,HL2L29,2073461464269
NC,NC-MAIN,,J2600S08500,2.00,HL2L03,2073461464504
NC,NC-MAIN,,2D159000522,1.00,,2073461464597
NC,NC-MAIN,,G50SV007760,1.00,HL2L02,2073461464733
NC,NC-MAIN,,R12MA013710,2.00,HL2L04,2073461465143
NC,NC-MAIN,,R25YB002681,3.00,,2073461465365
NC,NC-MAIN,,33225094421`,1.00,HL2L33,2073461465945
NC,NC-MAIN,,L03HT006621,1.00,,2073461465983
NC,NC-MAIN,,D01MA06127A,1.00,HL2L01,2073461466294
NC,NC-MAIN,,R13PJ003441,2.00,HL2L04,2073461466416
NC,NC-MAIN,,2D175901661,1.00,,2073461466560
NC,NC-MAIN,,3D175901670,1.00,,2073461466577
NC,NC-MAIN,,G20SV024980,1.00,HL2L02,2073461466775
NC,NC-MAIN,,J04SH001200,1.00,HL2L03,2073461466904
NC,NC-MAIN,,10309318,1.00,HL2L12,2073461467222
NC,NC-MAIN,,10311214,5.00,HL2L12,2073461467369
NC,NC-MAIN,,D51SY025200,1.00,HL2L01,2073461467574
NC,NC-MAIN,,D51SY019190,4.00,HL2L01,2073461467581
NC,NC-MAIN,,H12LA00187P,1.00,HL2L03,2073461467765
NC,NC-MAIN,,H12LA00426P,1.00,HL2L03,2073461467789
NC,NC-MAIN,,G30TP00259B,1.00,HL2L03,2073461467802
NC,NC-MAIN,,53378000304,1.00,HL2L01,2073461467840
NC,NC-MAIN,,33117662990,1.00,HL2L01,2073461468267
NC,NC-MAIN,,D51SY025340,5.00,HL2L01,2073461468342
NC,NC-MAIN,,D43SY002260,1.00,HL2L01,2073461468359
NC,NC-MAIN,,10309319,1.00,HL2L12,2073461468564
NC,NC-MAIN,,J24SH003600,4.00,HL2L03,2073461468823
NC,NC-MAIN,,D72MA00467A,5.00,HL2L02,2073461468922
NC,NC-MAIN,,EA161501210,1.00,,2073461469271
NC,NC-MAIN,,D70EU009362,2.00,HL2L02,2073461469318
NC,NC-MAIN,,D02SY007840,4.00,HL2L01,2073461469387
NC,NC-MAIN,,21311648392,1.00,,2073461469394
NC,NC-MAIN,,21311648840,1.00,HL2L01,2073461469400
NC,NC-MAIN,,J04SH000830,2.00,HL2L03,2073461469653
NC,NC-MAIN,,J04SH002250,1.00,HL2L03,2073461469660
NC,NC-MAIN,,M21KM00962B,1.00,HL2L03,2073461469943
NC,NC-MAIN,,D80MA019940,1.00,,2073461469981
NC,NC-MAIN,,J04SH001000,4.00,HL2L03,2073461470222
NC,NC-MAIN,,H50RK009111,1.00,HL2L03,2073461470307
NC,NC-MAIN,,G45SV001800,1.00,HL2L02,2073461471106
NC,NC-MAIN,,F04NP002720,1.00,,2073461471526
NC,NC-MAIN,,10318502,2.00,HL2L12,2073461472486
NC,NC-MAIN,,D80MA021610,1.00,HL2L02,2073461472516
NC,NC-MAIN,,D80ZZ023150,1.00,,2073461472561
NC,NC-MAIN,,R28YB006820,1.00,,2073461472592
NC,NC-MAIN,,J01AE2057A0,1.00,HL2L03,2073461472813
NC,NC-MAIN,,D80UB016157,1.00,,2073461473742
NC,NC-MAIN,,D50EA002810,1.00,HL2L01,2073461474084
NC,NC-MAIN,,4B074601430,49.00,HL2L37,2073461474190
NC,NC-MAIN,,23219885561,1.00,HL2L01,2073461475111
NC,NC-MAIN,,0D251800462,2.00,,2073461475203
NC,NC-MAIN,,0D251800452,2.00,,2073461475210
NC,NC-MAIN,,F28VV008870,1.00,HL2L02,2073461475616
NC,NC-MAIN,,G48SV001500,1.00,HL2L02,2073461475715
NC,NC-MAIN,,R61VS001710,5.00,HL2L39,2073461476774
NC,NC-MAIN,,J2600G18000,8.00,HL2L03,2073461476866
NC,NC-MAIN,,J01AE3040A0,1.00,HL2L03,2073461477214
NC,NC-MAIN,,J01AP1709H0,1.00,HL2L03,2073461477221
NC,NC-MAIN,,J01AE2369A0,1.00,HL2L03,2073461477238
NC,NC-MAIN,,43412507710,1.00,HL2L01,2073461478044
NC,NC-MAIN,,43311697031,2.00,HL2L01,2073461478136
NC,NC-MAIN,,R49ZZ000430,1.00,HL2L04,2073461478310
NC,NC-MAIN,,R49ZZ000300,1.00,,2073461478327
NC,NC-MAIN,,J2600P18000,8.00,HL2L03,2073461478433
NC,NC-MAIN,,J2600P18500,8.00,HL2L03,2073461478440
NC,NC-MAIN,,G06LA002723,2.00,HL2L42,2073461478464
NC,NC-MAIN,,10205206,11.00,HL2L12,2073461478662
NC,NC-MAIN,,H14SV003021,2.00,HL2L03,2073461478761
NC,NC-MAIN,,L08TR007330,1.00,HL2L03,2073461478945
NC,NC-MAIN,,D51VE017190,1.00,HL2L01,2073461479058
NC,NC-MAIN,,D80MA019931,4.00,,2073461479300
NC,NC-MAIN,,D50EA002550,3.00,HL2L29,2073461479317
NC,NC-MAIN,,R12YFR05400,1.00,HL2L04,2073461479324
NC,NC-MAIN,,Z52ZZ000791,1.00,HL2L40,2073461479331
NC,NC-MAIN,,K12RF005290,1.00,HL2L03,2073461479348
NC,NC-MAIN,,F09FH000590,2.00,,2073461479355
NC,NC-MAIN,,R28YB006930,1.00,HL2L04,2073461479362
NC,NC-MAIN,,F09NP001250,2.00,,2073461479379
NC,NC-MAIN,,R26UN003010,1.00,HL2L04,2073461479409
NC,NC-MAIN,,G13AK001311,1.00,HL2L02,2073461479416
NC,NC-MAIN,,Z52ZZ000781,1.00,HL2L40,2073461479423
NC,NC-MAIN,,E00032006X0,2.00,,2073461479430
NC,NC-MAIN,,F02NN006851,1.00,HL2L02,2073461479478
NC,NC-MAIN,,D02SY010140,5.00,HL2L01,2073461479881
NC,NC-MAIN,,31307610751,1.00,HL2L01,2073461480092
NC,NC-MAIN,,1B07150004A,1.00,HL2L01,2073461480771
NC,NC-MAIN,,D80MA026440,1.00,,2073461480818
NC,NC-MAIN,,D80MA010410,1.00,,2073461480856
NC,NC-MAIN,,D16PC000161,2.00,HL1L01,2073461480887
NC,NC-MAIN,,D80MA021570,1.00,HL2L02,2073461480948
NC,NC-MAIN,,D65MAR02990,1.00,HL2L01,2073461481266
NC,NC-MAIN,,J24NV005241,1.00,HL2L03,2073461481273
NC,NC-MAIN,,D01FA054571,1.00,HL2L01,2073461481389
NC,NC-MAIN,,D01FA054310,2.00,HL2L01,2073461481426
NC,NC-MAIN,,D43PA001350,2.00,HL2L01,2073461481433
NC,NC-MAIN,,G06LA003220,1.00,SR-BA5,2073461481471
NC,NC-MAIN,,G20SV008342,1.00,HL2L02,2073461481600
NC,NC-MAIN,,D72MA012870,1.00,,2073461481631
NC,NC-MAIN,,R10JH001120,3.00,HL2L04,2073461481730
NC,NC-MAIN,,D70TC011500,1.00,HL2L02,2073461481761
NC,NC-MAIN,,J01AG2055A0,2.00,HL2L03,2073461481921
NC,NC-MAIN,,D51MA023330,1.00,HL2L01,2073461482058
NC,NC-MAIN,,D51MA012151,1.00,HL2L01,2073461482119
NC,NC-MAIN,,D51MA011092,1.00,HL2L01,2073461482133
NC,NC-MAIN,,D51MA011961,1.00,HL2L01,2073461482140
NC,NC-MAIN,,D13FA000061,2.00,HL2L01,2073461482331
NC,NC-MAIN,,A31DQ001430,2.00,HL2L01,2073461482799
NC,NC-MAIN,,A17HF060550,1.00,,2073461482829
NC,NC-MAIN,,09870112361,1.00,,2073461482836
NC,NC-MAIN,,R12MA017420,1.00,,2073461482843
NC,NC-MAIN,,09870112371,1.00,,2073461482850
NC,NC-MAIN,,A30TR001990,2.00,,2073461482867
NC,NC-MAIN,,09870112380,1.00,,2073461482874
NC,NC-MAIN,,A06CB040200,6.00,,2073461482881
NC,NC-MAIN,,L08BC009740,1.00,,2073461482898
NC,NC-MAIN,,09877108990,1.00,,2073461482904
NC,NC-MAIN,,D80MA024680,1.00,,2073461482911
NC,NC-MAIN,,09530107165,1.00,,2073461482928
NC,NC-MAIN,,A06CB050080,4.00,,2073461482973
NC,NC-MAIN,,A40JJ00M060,1.00,,2073461482997
NC,NC-MAIN,,A06CB080200,4.00,,2073461483017
NC,NC-MAIN,,G06LA002572,4.00,HL2L42,2073461483369
NC,NC-MAIN,,5B084500201,1.00,,2073461483697
NC,NC-MAIN,,3B084702201,1.00,HL2L01,2073461483703
NC,NC-MAIN,,J2600P01501,6.00,HL2L03,2073461483871
NC,NC-MAIN,,D80MA026400,3.00,HL2L02,2073461484069
NC,NC-MAIN,,G06LA003230,5.00,HL2L32,2073461484311
NC,NC-MAIN,,M21KM00964A,2.00,HL2L03,2073461484915
NC,NC-MAIN,,535715SA022,1.00,HL2L01,2073461485233
NC,NC-MAIN,,M10KM012030,2.00,,2073461485257
NC,NC-MAIN,,G77LA00068A,1.00,HL2L03,2073461485431
NC,NC-MAIN,,K16ZA000211,5.00,HL2L03,2073461485592
NC,NC-MAIN,,C35MAP003A,1.00,HL2L01,2073461485608
NC,NC-MAIN,,D65MAR0295A,1.00,HL2L01,2073461485615
NC,NC-MAIN,,J24NV005430,2.00,HL2L03,2073461485905
NC,NC-MAIN,,J24NV005420,2.00,HL2L03,2073461485912
NC,NC-MAIN,,2B087500010,1.00,HL2L01,2073461485950
NC,NC-MAIN,,M10KM005841,1.00,,2073461485967
NC,NC-MAIN,,D50EA002990,1.00,HL2L01,2073461486148
NC,NC-MAIN,,D02SY007830,1.00,HL2L01,2073461486247
NC,NC-MAIN,,D51SY025230,3.00,HL2L01,2073461486254
NC,NC-MAIN,,33743569053,1.00,,2073461486308
NC,NC-MAIN,,U49ZZ001621,3.00,HL2L29,2073461486322
NC,NC-MAIN,,43743569121,1.00,HL2L32,2073461486629
NC,NC-MAIN,,L03NP000470,1.00,HL2L42,2073461486865
NC,NC-MAIN,,D02SY010200,5.00,HL2L01,2073461486889
NC,NC-MAIN,,J04SH002200,1.00,HL2L03,2073461487169
NC,NC-MAIN,,J04SH000100,1.00,HL2L03,2073461487176
NC,NC-MAIN,,J2702X10000,4.00,HL2L03,2073461487183
NC,NC-MAIN,,J2600P04600,2.00,HL2L03,2073461487190
NC,NC-MAIN,,A98L-0031-0011#L,2.00,HL2L32,2073461625653
NC,NC-MAIN,,A860-0203-T001,1.00,HL2L11,2073461627640
NC,NC-MAIN,,MMF-04C24DS-ROR,1.00,HL2L18,2073461634068
NC,NC-MAIN,,A90L-0001-0385,5.00,HL2L14,2073461644494
NC,NC-MAIN,,A860-2000-T321,1.00,HL2L14,2073461649581
NC,NC-MAIN,,A60L-0001-0290#LM10,5.00,HL2L14,2073461653984
NC,NC-MAIN,,A60L-0001-0290#LM50C,12.00,HL2L14,2073461653991
NC,NC-MAIN,,A90L-0001-0551#A,4.00,HL2L14,2073461660227
NC,NC-MAIN,,HF-H104BS,1.00,HL2L18,2073461668940
NC,NC-MAIN,,A06B-6130-H002,1.00,HL2L14,2073461669480
NC,NC-MAIN,,A90L-0001-0510,1.00,HL2L11,2073461670790
NC,NC-MAIN,,F060 L=0.2M,1.00,HL2L15,2073461672930
NC,NC-MAIN,,HC-H153S-A47,1.00,HL2L15,2073461673401
NC,NC-MAIN,,E20TAB04DB0,1.00,,2073461715699
NC,NC-MAIN,,D72JV005550,1.00,,2073461715804
NC,NC-MAIN,,S862N033P10,2.00,HL2L15,2073461715835
NC,NC-MAIN,,X927D266H01,2.00,HL2L15,2073461715903
NC,NC-MAIN,,P840F000P69,8.00,HL2L15,2073461716580
NC,NC-MAIN,,S460N020P05,2.00,HL2L15,2073461716740
NC,NC-MAIN,,S460N020P06,5.00,HL2L15,2073461716757
NC,NC-MAIN,,SG601D899P01,1.00,HL2L15,2073461716986
NC,NC-MAIN,,J2600G06000,8.00,HL2L03,2073461718140
NC,NC-MAIN,,X641C207G72,2.00,,2073461718188
NC,NC-MAIN,,X208D165H01,1.00,HL2L15,2073461718935
NC,NC-MAIN,,S932N420P20,1.00,HL2L15,2073461718942
NC,NC-MAIN,,S913N313P11,1.00,HL2L15,2073461719017
NC,NC-MAIN,,S862N023P10,1.00,HL2L15,2073461719079
NC,NC-MAIN,,X058D501H01,1.00,HL2L15,2073461720235
NC,NC-MAIN,,S932N420P14,1.00,HL2L15,2073461721614
NC,NC-MAIN,,X053C884G52,2.00,HL2L15,2073461722482
NC,NC-MAIN,,P640A221P00,1.00,HL2L15,2073461722598
NC,NC-MAIN,,X056C804G51,2.00,HL2L15,2073461724240
NC,NC-MAIN,,X264D831H01,2.00,HL2L19,2073461724257
NC,NC-MAIN,,S921N150P25,1.00,HL2L15,2073461725049
NC,NC-MAIN,,X058D279H01,2.00,,2073461725452
NC,NC-MAIN,,X056C075H06,21.00,HL2L15,2073461726138
NC,NC-MAIN,,MDS-C1-SPM-150,1.00,HL2L40,2073461727074
NC,NC-MAIN,,S642D899P55,4.00,,2073461728293
NC,NC-MAIN,,J2600P09500  P-95,3.00,HL2L03,2073461728347
NC,NC-MAIN,,X415D443H02,1.00,HL2L15,2073461728668
NC,NC-MAIN,,X415D441H01,1.00,HL2L15,2073461728675
NC,NC-MAIN,,P720K000P09,1.00,HL2L15,2073461728705
NC,NC-MAIN,,PT1/2-5.5DIA,1.00,HL2L15,2073461728774
NC,NC-MAIN,,PT3/8-1.8DIA,1.00,HL2L15,2073461728781
NC,NC-MAIN,,S859N219P06,2.00,HL2L15,2073461729511
NC,NC-MAIN,,X056C836H01,11.00,HL2L15,2073461729542
NC,NC-MAIN,,X058D257H03,1.00,,2073461730432
NC,NC-MAIN,,S649D899P14,4.00,HL2L15,2073461730494
NC,NC-MAIN,,P460K001P02,1.00,HL2L15,2073461730821
NC,NC-MAIN,,X055C008G51,1.00,HL2L15,2073461730913
NC,NC-MAIN,,X055C009G51,2.00,HL2L15,2073461730920
NC,NC-MAIN,,S603D813P36,2.00,HL2L15,2073461731620
NC,NC-MAIN,,X056C370G51,1.00,HL2L15,2073461731651
NC,NC-MAIN,,X058D380H04,1.00,,2073461731668
NC,NC-MAIN,,X058D685H05,1.00,,2073461731675
NC,NC-MAIN,,S720D817P54,2.00,,2073461731699
NC,NC-MAIN,,S879N013P11,2.00,HL2L15,2073461731705
NC,NC-MAIN,,X176C469H04,2.00,HL2L15,2073461731736
NC,NC-MAIN,,X927D234H01,1.00,HL2L15,2073461731897
NC,NC-MAIN,,J2600G07500   G-75,7.00,HL2L03,2073461732061
NC,NC-MAIN,,X641C206G53,1.00,,2073461732993
NC,NC-MAIN,,FAB11-M5-A-12CB-1,1.00,HL2L18,2073461733136
NC,NC-MAIN,,P460K000P70,3.00,HL2L15,2073461733686
NC,NC-MAIN,,X058D380H02,1.00,,2073461733976
NC,NC-MAIN,,X059D254H01,1.00,,2073461733990
NC,NC-MAIN,,X651C634G51,1.00,,2073461734201
NC,NC-MAIN,,X052B387G55,1.00,HL2L15,2073461734225
NC,NC-MAIN,,X261D452H01,1.00,HL2L15,2073461735680
NC,NC-MAIN,,X176C610H01,1.00,HL2L15,2073461735727
NC,NC-MAIN,,S900N142P08,1.00,HL2L15,2073461736816
NC,NC-MAIN,,X059D345H01,1.00,HL2L15,2073461737899
NC,NC-MAIN,,P100K012P71,1.00,HL2L15,2073461738674
NC,NC-MAIN,,43201648870,23.00,HL2L01,2073461739794
NC,NC-MAIN,,J03NV000130,3.00,HL2L03,2073461739893
NC,NC-MAIN,,J21FG000300,1.00,HL2L03,2073461739909
NC,NC-MAIN,,S859N315P01,3.00,HL2L15,2073461740127
NC,NC-MAIN,,P415A115P00,1.00,HL2L15,2073461740493
NC,NC-MAIN,,43110223540,50.00,HL2L37,2073461742114
NC,NC-MAIN,,DC83700,4.00,HL2L18,2073461742572
NC,NC-MAIN,,S663N118P25,1.00,HL2L15,2073461742954
NC,NC-MAIN,,HE-SV50-W2,1.00,,2073461743074
NC,NC-MAIN,,H12LA005680,2.00,HL2L03,2073461743159
NC,NC-MAIN,,X054D480H01,2.00,HL2L15,2073461743654
NC,NC-MAIN,,X054D481H01,2.00,HL2L15,2073461743661
NC,NC-MAIN,,OH9Y01010N,2.00,HL2L18,2073461744590
NC,NC-MAIN,,DN99800,1.00,HL2L18,2073461745016
NC,NC-MAIN,,MD32200,8.00,HL2L18,2073461745023
NC,NC-MAIN,,MQ60700,19.00,HL2L32,2073461745030
NC,NC-MAIN,,DA19600,11.00,HL2L18,2073461745177
NC,NC-MAIN,,OSA17-020,1.00,HL2L18,2073461745474
NC,NC-MAIN,,DCR4600,6.00,HL2L18,2073461745795
NC,NC-MAIN,,E0006010ZZ0,2.00,NC-04-HL2L02,2073461746006
NC,NC-MAIN,,E0006004ZZ0,3.00,,2073461746013
NC,NC-MAIN,,MBM5700,48.00,HL2L32,2073461746266
NC,NC-MAIN,,S932N421P06,2.00,HL2L15,2073461746297
NC,NC-MAIN,,MY92900,1.00,HL2L32,2073461746631
NC,NC-MAIN,,S869N003P10,9.00,HL2L15,2073461747546
NC,NC-MAIN,,P840F000P62,6.00,HL2L15,2073461747904
NC,NC-MAIN,,S903N221P16,15.00,HL2L15,2073461748918
NC,NC-MAIN,,P840K002P36,9.00,HL2L15,2073461748963
NC,NC-MAIN,,X055C663G51,2.00,HL2L15,2073461748987
NC,NC-MAIN,,X255C335H01,1.00,HL2L15,2073461749144
NC,NC-MAIN,,X056C356G53,2.00,HL2L32,2073461749403
NC,NC-MAIN,,X261D421H01,1.00,HL2L15,2073461749656
NC,NC-MAIN,,S811N724P12,2.00,HL2L15,2073461749663
NC,NC-MAIN,,X269D013G52,1.00,HL2L15,2073461749670
NC,NC-MAIN,,MLV3100,37.00,HL2L32,2073461749687
NC,NC-MAIN,,AFHD-01-DWC,1.00,,2073461749717
NC,NC-MAIN,,D631000,9.00,HL2L18,2073461750096
NC,NC-MAIN,,D630000,1.00,HL2L18,2073461750102
NC,NC-MAIN,,S460N020P12,2.00,HL2L15,2073461750836
NC,NC-MAIN,,DAM3000,1.00,HL2L18,2073461751147
NC,NC-MAIN,,DA83400,2.00,HL2L18,2073461751154
NC,NC-MAIN,,X262D338H01,1.00,HL2L15,2073461751321
NC,NC-MAIN,,DDX8400,1.00,HL2L36,2073461751406
NC,NC-MAIN,,S925Z630H01,1.00,HL2L15,2073461751543
NC,NC-MAIN,,MBM6800,6.00,HL2L32,2073461751666
NC,NC-MAIN,,DU16300,1.00,HL2L18,2073461751673
NC,NC-MAIN,,X055C778G51,1.00,HL2L15,2073461751765
NC,NC-MAIN,,S921N313P06,2.00,HL2L15,2073461752212
NC,NC-MAIN,,DK76000,1.00,HL2L19,2073461752441
NC,NC-MAIN,,DA81200,1.00,HL2L18,2073461752458
NC,NC-MAIN,,DA72600,1.00,HL2L19,2073461752465
NC,NC-MAIN,,DA69500,6.00,HL2L18,2073461752496
NC,NC-MAIN,,DA70800,8.00,HL2L18,2073461752502
NC,NC-MAIN,,DJ95700,1.00,HL2L19,2073461752526
NC,NC-MAIN,,DA72900,20.00,HL2L18,2073461752557
NC,NC-MAIN,,D630200,1.00,HL2L18,2073461752786
NC,NC-MAIN,,DCC0700,1.00,HL2L18,2073461752861
NC,NC-MAIN,,DB82300,1.00,HL2L18,2073461753059
NC,NC-MAIN,,DA92900,4.00,HL2L18,2073461753080
NC,NC-MAIN,,X268D905H01,1.00,HL2L15,2073461753257
NC,NC-MAIN,,A50SJ002260,2.00,HL2L01,2073461753387
NC,NC-MAIN,,DEG2400,1.00,HL2L18,2073461753752
NC,NC-MAIN,,DEG3200,1.00,HL2L18,2073461753769
NC,NC-MAIN,,DR42400,1.00,HL2L18,2073461753806
NC,NC-MAIN,,DBM6100,2.00,HL2L18,2073461754100
NC,NC-MAIN,,P840K000P25,3.00,HL2L15,2073461754261
NC,NC-MAIN,,X088D534H01,3.00,HL2L15,2073461754278
NC,NC-MAIN,,S932N110P17,4.00,HL2L15,2073461754513
NC,NC-MAIN,,DJ27600,8.00,HL2L18,2073461754810
NC,NC-MAIN,,DCA9600,2.00,HL2L36,2073461755367
NC,NC-MAIN,,DA89200,2.00,HL2L18,2073461755381
NC,NC-MAIN,,F28TM011470,2.00,HL2L02,2073461755886
NC,NC-MAIN,,DEG2700,1.00,HL2L18,2073461756036
NC,NC-MAIN,,DEG3500,1.00,HL2L18,2073461756043
NC,NC-MAIN,,G30ZZ003340,9.00,HL2L03,2073461756784
NC,NC-MAIN,,DBD0800,2.00,HL2L18,2073461757002
NC,NC-MAIN,,DT42000,2.00,HL2L18,2073461757095
NC,NC-MAIN,,DEG2800,1.00,HL2L18,2073461757385
NC,NC-MAIN,,DEG3600,1.00,HL2L18,2073461757392
NC,NC-MAIN,,DBD7200,1.00,HL2L18,2073461757835
NC,NC-MAIN,,DCL6800,1.00,HL2L18,2073461757941
NC,NC-MAIN,,DA64400,1.00,HL2L18,2073461758085
NC,NC-MAIN,,DT51900,1.00,HL2L18,2073461759044
NC,NC-MAIN,,DCH9600,2.00,HL2L18,2073461759051
NC,NC-MAIN,,DEU4200,4.00,HL2L18,2073461759235
NC,NC-MAIN,,DH88600,3.00,HL2L18,2073461759310
NC,NC-MAIN,,DBD8300,1.00,HL2L18,2073461760354
NC,NC-MAIN,,DFC6900,2.00,HL2L18,2073461760842
NC,NC-MAIN,,DEV4600,1.00,HL2L18,2073461760897
NC,NC-MAIN,,HC-H203BS-A47,1.00,HL2L40,2073461761665
NC,NC-MAIN,,DQ30400,2.00,HL2L18,2073461761863
NC,NC-MAIN,,DQ44300,4.00,HL2L18,2073461761870
NC,NC-MAIN,,DFA0600,1.00,HL2L18,2073461761894
NC,NC-MAIN,,DEH0300,1.00,HL2L18,2073461761931
NC,NC-MAIN,,DC36000,1.00,HL2L18,2073461762068
NC,NC-MAIN,,DB18400,2.00,HL2L18,2073461762419
NC,NC-MAIN,,DB18500,2.00,HL2L18,2073461762426
NC,NC-MAIN,,DP53800,1.00,HL2L18,2073461762907
NC,NC-MAIN,,DQ74500,1.00,HL2L18,2073461763324
NC,NC-MAIN,,DN57200,2.00,HL2L18,2073461763362
NC,NC-MAIN,,DEB7300,1.00,HL2L41,2073461763492
NC,NC-MAIN,,DCJ0300,1.00,HL2L18,2073461763508
NC,NC-MAIN,,DQ30300,4.00,HL2L18,2073461763560
NC,NC-MAIN,,DEQ4700,2.00,HL2L18,2073461763638
NC,NC-MAIN,,DJ69800,1.00,HL2L18,2073461763867
NC,NC-MAIN,,YMSG0002977,1.00,HL2L04,2073461763973
NC,NC-MAIN,,H12LA006130,1.00,HL2L04,2073461763980
NC,NC-MAIN,,DB89600,4.00,HL2L18,2073461764048
NC,NC-MAIN,,DB89700,2.00,HL2L18,2073461764055
NC,NC-MAIN,,DB89800,4.00,HL2L18,2073461764062
NC,NC-MAIN,,DB89900,21.00,HL2L18,2073461764086
NC,NC-MAIN,,MDS-CH-CV-300,1.00,HL2L40,2073461764147
NC,NC-MAIN,,DEA9800,4.00,HL2L18,2073461764581
NC,NC-MAIN,,9WF0424H6D05,2.00,HL2L18,2073461765755
NC,NC-MAIN,,DQ44500,1.00,HL2L18,2073461766004
NC,NC-MAIN,,DK18600,2.00,HL2L18,2073461766103
NC,NC-MAIN,,DBP9100,3.00,HL2L18,2073461766189
NC,NC-MAIN,,X052B539G51,1.00,HL2L15,2073461766844
NC,NC-MAIN,,DFB6500,1.00,HL2L18,2073461766974
NC,NC-MAIN,,DFT1400,1.00,HL2L18,2073461766981
NC,NC-MAIN,,DEG5800,2.00,HL2L18,2073461767001
NC,NC-MAIN,,DD79300,2.00,HL2L18,2073461767636
NC,NC-MAIN,,DA19400,4.00,HL2L18,2073461767674
NC,NC-MAIN,,DH01100,1.00,HL2L18,2073461767681
NC,NC-MAIN,,E0006918ZZ0,3.00,HL2L02,2073461767834
NC,NC-MAIN,,DK26100,2.00,HL2L18,2073461768015
NC,NC-MAIN,,DBH5200,1.00,HL2L18,2073461768053
NC,NC-MAIN,,DEL8500,1.00,HL2L18,2073461768510
NC,NC-MAIN,,DHC0400,8.00,HL2L18,2073461768640
NC,NC-MAIN,,DA33400,3.00,HL2L18,2073461768664
NC,NC-MAIN,,MBB8500,25.00,HL2L32,2073461768688
NC,NC-MAIN,,DB83800,1.00,HL2L18,2073461769357
NC,NC-MAIN,,DB83700,1.00,HL2L41,2073461769371
NC,NC-MAIN,,DC13600,1.00,,2073461769449
NC,NC-MAIN,,D15IA005020,4.00,HL2L02,2073461769708
NC,NC-MAIN,,D15IAS00400,4.00,HL1L01,2073461769715
NC,NC-MAIN,,D71ZZS00010,2.00,HL2L02,2073461769722
NC,NC-MAIN,,J04SH000600,5.00,HL2L03,2073461770278
NC,NC-MAIN,,J04SH000440,4.00,HL2L03,2073461770285
NC,NC-MAIN,,KS-7MB602A-P,1.00,HL2L18,2073461770674
NC,NC-MAIN,,DCJ0200,1.00,HL2L36,2073461770780
NC,NC-MAIN,,X058D9146G51,1.00,HL2L15,2073461770810
NC,NC-MAIN,,X056D917G51,1.00,HL2L15,2073461770827
NC,NC-MAIN,,DAH3600,6.00,HL2L18,2073461770964
NC,NC-MAIN,,D638400,8.00,HL2L18,2073461770971
NC,NC-MAIN,,DDW8200,7.00,HL2L18,2073461770988
NC,NC-MAIN,,DK18900,2.00,HL2L18,2073461771275
NC,NC-MAIN,,DH64500,8.00,HL2L18,2073461771282
NC,NC-MAIN,,DAC4700,8.00,HL2L18,2073461771336
NC,NC-MAIN,,DBQ4300,2.00,HL2L18,2073461771343
NC,NC-MAIN,,DEY5100,4.00,HL2L18,2073461771428
NC,NC-MAIN,,DEX3400,1.00,HL2L18,2073461771442
NC,NC-MAIN,,DJ27700,4.00,HL2L18,2073461771510
NC,NC-MAIN,,DC50900,1.00,HL2L18,2073461771794
NC,NC-MAIN,,D02MA010730,1.00,HL2L01,2073461771800
NC,NC-MAIN,,DBP6500,1.00,HL2L18,2073461772029
NC,NC-MAIN,,DEX4300,5.00,HL2L18,2073461772227
NC,NC-MAIN,,DEM8100,4.00,HL2L18,2073461772920
NC,NC-MAIN,,X251C015H01,1.00,HL2L15,2073461773446
NC,NC-MAIN,,DN19000,7.00,HL2L18,2073461773453
NC,NC-MAIN,,DFA1000,2.00,HL2L18,2073461773460
NC,NC-MAIN,,DFF3600,1.00,HL2L18,2073461774382
NC,NC-MAIN,,DEG3900,2.00,HL2L18,2073461774856
NC,NC-MAIN,,DEH0400,9.00,HL2L18,2073461775433
NC,NC-MAIN,,DEH1100,2.00,HL2L18,2073461775464
NC,NC-MAIN,,DU95400,1.00,HL2L18,2073461776034
NC,NC-MAIN,,DU95300,1.00,HL2L18,2073461776041
NC,NC-MAIN,,DA20100,5.00,HL2L18,2073461776065
NC,NC-MAIN,,DCJ1200,3.00,HL2L18,2073461776584
NC,NC-MAIN,,DD86600,2.00,HL2L19,2073461776669
NC,NC-MAIN,,DEG4000,1.00,HL2L18,2073461776683
NC,NC-MAIN,,DA69100,2.00,HL2L18,2073461776836
NC,NC-MAIN,,9WF0624H4D04,2.00,HL2L19,2073461777062
NC,NC-MAIN,,DFE0700,2.00,HL2L18,2073461777314
NC,NC-MAIN,,DK25700,1.00,HL2L19,2073461777796
NC,NC-MAIN,,DU95200,1.00,HL2L18,2073461777826
NC,NC-MAIN,,DP53700,2.00,HL2L18,2073461777970
NC,NC-MAIN,,DD19200,8.00,HL2L18,2073461777987
NC,NC-MAIN,,DEM7700,5.00,HL2L18,2073461778182
NC,NC-MAIN,,DK88900,2.00,HL2L18,2073461778588
NC,NC-MAIN,,DDP5600,2.00,HL2L18,2073461778755
NC,NC-MAIN,,DB69100,4.00,HL2L18,2073461778823
NC,NC-MAIN,,DEG9500,1.00,HL2L18,2073461778830
NC,NC-MAIN,,DEG9600,4.00,HL2L18,2073461778847
NC,NC-MAIN,,DHD4900,5.00,HL2L18,2073461778854
NC,NC-MAIN,,DAF3000,5.00,HL2L18,2073461778861
NC,NC-MAIN,,DEM1000,2.00,HL2L18,2073461778885
NC,NC-MAIN,,DGH2100,1.00,HL2L18,2073461778915
NC,NC-MAIN,,KS-6MB902A-P,1.00,HL2L18,2073461778960
NC,NC-MAIN,,DH44600,1.00,HL2L18,2073461779066
NC,NC-MAIN,,DH54100,20.00,HL2L18,2073461779073
NC,NC-MAIN,,DP16100,10.00,HL2L18,2073461779080
NC,NC-MAIN,,DH53800,20.00,HL2L18,2073461779097
NC,NC-MAIN,,DDW8200.,1.00,HL2L18,2073461779271
NC,NC-MAIN,,DFT3300,4.00,HL2L18,2073461779745
NC,NC-MAIN,,MAEJ500,3.00,HL2L18,2073461779776
NC,NC-MAIN,,DFA0900,1.00,HL2L18,2073461779875
NC,NC-MAIN,,DN79000,5.00,HL2L18,2073461779974
NC,NC-MAIN,,DB66500,1.00,HL2L18,2073461780277
NC,NC-MAIN,,DFD6700,4.00,HL2L18,2073461780284
NC,NC-MAIN,,MDS-CH-SPH-150 (TRADE-IN),1.00,HL2L40,2073461780758
NC,NC-MAIN,,DB34100,1.00,HL2L18,2073461781083
NC,NC-MAIN,,DA87800,1.00,HL2L18,2073461781090
NC,NC-MAIN,,DK16400,1.00,HL2L18,2073461781106
NC,NC-MAIN,,DCJ4700,1.00,HL2L18,2073461781120
NC,NC-MAIN,,DJH0900,1.00,HL2L18,2073461781366
NC,NC-MAIN,,313116S0311,1.00,,2073461783261
NC,NC-MAIN,,G06LA003111,2.00,HL2L42,2073461783803
NC,NC-MAIN,,4925-25062000,9.00,HL2L06,2073462101286
NC,NC-MAIN,,0404-00156000,1.00,HL2L05,2073462116846
NC,NC-MAIN,,0401-00035000,1.00,HL2L05,2073462117102
NC,NC-MAIN,,E-0905,4.00,HL2L07,2073462117843
NC,NC-MAIN,,2955*0FB17700,4.00,HL2L05,2073462118307
NC,NC-MAIN,,B15-0601,1.00,HL2L07,2073462118321
NC,NC-MAIN,,2955-00A10040,1.00,,2073462119816
NC,NC-MAIN,,4902-62074000,5.00,HL2L06,2073462120829
NC,NC-MAIN,,4902-62089000,9.00,HL2L06,2073462120836
NC,NC-MAIN,,2955*00B17700,12.00,HL2L05,2073462121048
NC,NC-MAIN,,0104-00113000,1.00,HL2L05,2073462121321
NC,NC-MAIN,,7548-3204-1000,1.00,HL2L07,2073462122076
NC,NC-MAIN,,2955-00A05800,1.00,,2073462122502
NC,NC-MAIN,,4503-03030200,6.00,HL2L06,2073462122533
NC,NC-MAIN,,B93-8E11,30.00,HL2L07,2073462122922
NC,NC-MAIN,,FILTER HFP-0001,8.00,,2073462124421
NC,NC-MAIN,,7251-41256610,1.00,,2073462125763
NC,NC-MAIN,,0103-0008000P,5.00,HL2L05,2073462126289
NC,NC-MAIN,,ZM9307-000011,5.00,HL2L07,2073462126913
NC,NC-MAIN,,ZM9307-000011P,2.00,,2073462127156
NC,NC-MAIN,,2955-00C00200,1.00,,2073462127699
NC,NC-MAIN,,7206-11020000,2.00,HL2L07,2073462128221
NC,NC-MAIN,,0104-00124000,1.00,HL2L05,2073462128238
NC,NC-MAIN,,0104-00122001,1.00,HL2L05,2073462128245
NC,NC-MAIN,,0104-00123000,1.00,HL2L05,2073462128252
NC,NC-MAIN,,2955-00A02900,1.00,,2073462128931
NC,NC-MAIN,,4902-62079000,2.00,HL2L06,2073462128955
NC,NC-MAIN,,2955*00A00400,1.00,HL2L05,2073462128986
NC,NC-MAIN,,2955-00A01500,9.00,HL2L05,2073462129235
NC,NC-MAIN,,0401-00031001,2.00,HL2L05,2073462129266
NC,NC-MAIN,,0401-00036003,1.00,HL2L05,2073462129402
NC,NC-MAIN,,0101-00082000,2.00,HL2L05,2073462129419
NC,NC-MAIN,,0101-00024001,2.00,HL2L05,2073462129426
NC,NC-MAIN,,2937-08004B00,1.00,HL2L05,2073462129433
NC,NC-MAIN,,3VFN10L,1.00,HL2L12,2073462130514
NC,NC-MAIN,,5008-29708642,2.00,HL2L06,2073462130705
NC,NC-MAIN,,2955-00A08400,4.00,,2073462132143
NC,NC-MAIN,,6502-10022011,1.00,HL2L06,2073462132389
NC,NC-MAIN,,7104-14004000,1.00,,2073462133218
NC,NC-MAIN,,7104-14007000,2.00,,2073462133225
NC,NC-MAIN,,06040700,2.00,HL2L12,2073462133232
NC,NC-MAIN,,7201-29004010,1.00,HL2L07,2073462133454
NC,NC-MAIN,,7312-00000300,1.00,HL2L07,2073462133652
NC,NC-MAIN,,4925-35072000,13.00,HL2L06,2073462134093
NC,NC-MAIN,,ZCN2255,2.00,HL2L12,2073462134154
NC,NC-MAIN,,0103-00069001,2.00,HL2L05,2073462135878
NC,NC-MAIN,,MP9603-0000001,3.00,HL2L07,2073462136059
NC,NC-MAIN,,4902-62070500,8.00,HL2L06,2073462136448
NC,NC-MAIN,,LSNBS210,3.00,HL2L09,2073462136455
NC,NC-MAIN,,26-ANBS,2.00,HL2L09,2073462136530
NC,NC-MAIN,,27-BBS,1.00,HL2L09,2073462136547
NC,NC-MAIN,,29-SBS,1.00,HL2L09,2073462136561
NC,NC-MAIN,,ZM9605-000007,1.00,HL2L07,2073462136783
NC,NC-MAIN,,3VS3C4-02A,1.00,HL2L09,2073462137131
NC,NC-MAIN,,6313-29004000,3.00,HL2L41,2073462137223
NC,NC-MAIN,,ZM9312-000002,1.00,,2073462137247
NC,NC-MAIN,,0406-00071B00,2.00,HL2L05,2073462138060
NC,NC-MAIN,,6101-20400010,2.00,,2073462138091
NC,NC-MAIN,,6101-10460010,2.00,,2073462138121
NC,NC-MAIN,,ZM9303-000002,1.00,,2073462138282
NC,NC-MAIN,,2937-08004C00,6.00,HL2L05,2073462138534
NC,NC-MAIN,,2955-0FB01700,2.00,HL2L06,2073462139319
NC,NC-MAIN,,4701-01800000,7.00,HL2L06,2073462139326
NC,NC-MAIN,,4105-02002001,1.00,HL2L06,2073462139333
NC,NC-MAIN,,2955-00C10020,1.00,HL2L05,2073462139616
NC,NC-MAIN,,2955-00C04320,1.00,HL2L05,2073462140483
NC,NC-MAIN,,2955-00C10000,2.00,HL2L05,2073462140506
NC,NC-MAIN,,FS300,1.00,HL2L09,2073462140667
NC,NC-MAIN,,4925-20047000,2.00,HL2L06,2073462140711
NC,NC-MAIN,,4902-62044000,1.00,HL2L06,2073462140728
NC,NC-MAIN,,SMC-ED251,1.00,,2073462141060
NC,NC-MAIN,,2955*0VS10510,1.00,HL2L05,2073462141084
NC,NC-MAIN,,2955-00A01700,1.00,,2073462141107
NC,NC-MAIN,,4004-03006604,13.00,HL2L06,2073462141114
NC,NC-MAIN,,4201-02500010,4.00,HL2L06,2073462141121
NC,NC-MAIN,,2955-00A01400,4.00,,2073462141138
NC,NC-MAIN,,7271-12000002,5.00,HL2L07,2073462141701
NC,NC-MAIN,,4902-62054000,4.00,HL2L06,2073462142036
NC,NC-MAIN,,0801-00049003,2.00,HL2L05,2073462142203
NC,NC-MAIN,,7211-12300000,8.00,HL2L07,2073462142210
NC,NC-MAIN,,7271-12000004,2.00,HL2L07,2073462142814
NC,NC-MAIN,,5008-29001000,2.00,HL2L06,2073462143118
NC,NC-MAIN,,03040900,2.00,HL2L12,2073462143842
NC,NC-MAIN,,2BR6002ZZ,2.00,HL2L12,2073462143859
NC,NC-MAIN,,618MPI-00081101,1.00,,2073462144092
NC,NC-MAIN,,618MPI-00081102,1.00,,2073462144108
NC,NC-MAIN,,FILTER - DS320,2.00,,2073462144184
NC,NC-MAIN,,A/12003031,1.00,,2073462144214
NC,NC-MAIN,,B/12003031,1.00,,2073462144221
NC,NC-MAIN,,7545-00108000,7.00,HL2L07,2073462144337
NC,NC-MAIN,,2955-0VS07000,1.00,,2073462144351
NC,NC-MAIN,,2934-08060M00,1.00,HL2L05,2073462144542
NC,NC-MAIN,,60-BS250V,11.00,HL2L09,2073462144894
NC,NC-MAIN,,572001105,1.00,HL2L14,2073462145518
NC,NC-MAIN,,57274001,3.00,HL2L14,2073462145532
NC,NC-MAIN,,126,8.00,HL2L09,2073462145730
NC,NC-MAIN,,8714105,6.00,HL2L14,2073462147659
NC,NC-MAIN,,8714120,5.00,HL2L14,2073462147666
NC,NC-MAIN,,8714130,1.00,HL2L14,2073462147673
NC,NC-MAIN,,7202-26001000,2.00,HL2L07,2073462147826
NC,NC-MAIN,,2934-08003G00,3.00,HL2L05,2073462148083
NC,NC-MAIN,,4701-02000000,6.00,HL2L06,2073462148106
NC,NC-MAIN,,6004-TC025388,7.00,,2073462148113
NC,NC-MAIN,,2934-08060E00,18.00,HL2L05,2073462148168
NC,NC-MAIN,,2934-08060D00,6.00,HL2L05,2073462148175
NC,NC-MAIN,,8714110,7.00,HL2L14,2073462148199
NC,NC-MAIN,,0106-00061001,5.00,HL2L05,2073462148205
NC,NC-MAIN,,AR-B1479A,1.00,,2073462148762
NC,NC-MAIN,,181,2.00,HL2L12,2073462148779
NC,NC-MAIN,,ZL0003-000004,2.00,,2073462149103
NC,NC-MAIN,,7108-09000145,1.00,,2073462149912
NC,NC-MAIN,,5200-29010070,1.00,HL2L06,2073462150055
NC,NC-MAIN,,5200-08023010,2.00,HL2L06,2073462150079
NC,NC-MAIN,,ZM9804-000005,9.00,HL2L07,2073462150871
NC,NC-MAIN,,4903-63054000,6.00,HL2L06,2073462151120
NC,NC-MAIN,,01041000,4.00,HL2L12,2073462151557
NC,NC-MAIN,,0404*00026D00,1.00,,2073462151618
NC,NC-MAIN,,2937-01019A00,2.00,HL2L41,2073462151649
NC,NC-MAIN,,2934-08060N00,4.00,HL2L05,2073462151830
NC,NC-MAIN,,0409-00078A00,6.00,HL2L05,2073462151861
NC,NC-MAIN,,2955-0FB00330,4.00,,2073462152042
NC,NC-MAIN,,7531-00001174,1.00,HL2L07,2073462152110
NC,NC-MAIN,,5200-29190800,2.00,HL2L06,2073462152127
NC,NC-MAIN,,E32-16-K,12.00,HL2L16,2073462152134
NC,NC-MAIN,,E32-20-K,20.00,HL2L16,2073462152141
NC,NC-MAIN,,7281-24500100,8.00,HL2L07,2073462152196
NC,NC-MAIN,,4701-02500000,7.00,HL2L06,2073462152271
NC,NC-MAIN,,5008-29608804,4.00,HL2L06,2073462152585
NC,NC-MAIN,,5008-29708563,1.00,HL2L06,2073462152592
NC,NC-MAIN,,5008-29706643,3.00,HL2L06,2073462152608
NC,NC-MAIN,,2955-00B00800,1.00,HL2L06,2073462152899
NC,NC-MAIN,,5021-QC350010,2.00,HL2L06,2073462153223
NC,NC-MAIN,,4001-08020610,9.00,HL2L06,2073462153469
NC,NC-MAIN,,2955*OVS06600,1.00,HL2L05,2073462153643
NC,NC-MAIN,,2955-00A00200,2.00,,2073462153735
NC,NC-MAIN,,7391-72529000,4.00,HL2L07,2073462153919
NC,NC-MAIN,,2955-00C04900,1.00,HL2L05,2073462154039
NC,NC-MAIN,,2955-00C04100,9.00,,2073462154060
NC,NC-MAIN,,ZM0108-000001,4.00,HL2L07,2073462154336
NC,NC-MAIN,,2940-01027000,1.00,,2073462154350
NC,NC-MAIN,,3FM-06,1.00,HL2L12,2073462154428
NC,NC-MAIN,,2955-00C04300,1.00,HL2L05,2073462154800
NC,NC-MAIN,,ZL0111-000001,1.00,HL2L07,2073462155654
NC,NC-MAIN,,2955-0VS10000,1.00,,2073462155777
NC,NC-MAIN,,2955-00A01900,1.00,HL2L05,2073462155784
NC,NC-MAIN,,6203-29070400,1.00,,2073462156316
NC,NC-MAIN,,5200-29070050,1.00,HL2L06,2073462156323
NC,NC-MAIN,,6002-20200000,2.00,,2073462156378
NC,NC-MAIN,,6001-10200000,3.00,,2073462156385
NC,NC-MAIN,,0905-00030000,1.00,HL2L05,2073462156897
NC,NC-MAIN,,ZM9510-00009,1.00,,2073462156910
NC,NC-MAIN,,065001,1.00,,2073462157078
NC,NC-MAIN,,0651018,1.00,,2073462157085
NC,NC-MAIN,,8BB-1210,1.00,HL2L12,2073462157887
NC,NC-MAIN,,4902-62073000,9.00,HL2L06,2073462158068
NC,NC-MAIN,,06102102,1.00,HL2L14,2073462158273
NC,NC-MAIN,,7262-33206600,1.00,HL2L07,2073462159737
NC,NC-MAIN,,2955*00B12710,2.00,HL2L05,2073462160184
NC,NC-MAIN,,4503-07070400,1.00,HL2L06,2073462160214
NC,NC-MAIN,,5200-29350300,2.00,HL2L06,2073462160610
NC,NC-MAIN,,6326-31500000,1.00,,2073462160665
NC,NC-MAIN,,ZL0304-000004,1.00,HL2L07,2073462161280
NC,NC-MAIN,,5008-29505202,2.00,HL2L06,2073462161679
NC,NC-MAIN,,0401-00021001,1.00,HL2L05,2073462162478
NC,NC-MAIN,,1001-00002001,1.00,HL2L05,2073462162485
NC,NC-MAIN,,B03-0401,1.00,HL2L07,2073462162492
NC,NC-MAIN,,25-LSB,1.00,HL2L09,2073462162584
NC,NC-MAIN,,2955-00C00600,1.00,,2073462162621
NC,NC-MAIN,,2934-08060F00,1.00,HL2L05,2073462163338
NC,NC-MAIN,,2601-09043000,1.00,HL2L05,2073462163680
NC,NC-MAIN,,2937-09038000,1.00,HL2L05,2073462163697
NC,NC-MAIN,,2937-08018E00,1.00,HL2L05,2073462163857
NC,NC-MAIN,,18-10X80L,2.00,HL2L12,2073462164113
NC,NC-MAIN,,29-A16,4.00,HL2L09,2073462164120
NC,NC-MAIN,,2937-08018F00,1.00,HL2L05,2073462164304
NC,NC-MAIN,,2937-09031001,1.00,HL2L05,2073462164342
NC,NC-MAIN,,ZM0404-000003,1.00,HL2L07,2073462164557
NC,NC-MAIN,,ZM9207-000007,1.00,HL2L07,2073462164564
NC,NC-MAIN,,26,1.00,,2073462164670
NC,NC-MAIN,,2955-00B12800,2.00,,2073462164908
NC,NC-MAIN,,2955-0VS07400,1.00,,2073462164915
NC,NC-MAIN,,4901-60099000,6.00,HL2L06,2073462164991
NC,NC-MAIN,,5CR-A16,4.00,HL2L12,2073462165097
NC,NC-MAIN,,9403-000002000,4.00,HL2L07,2073462165110
NC,NC-MAIN,,448022515,1.00,HL2L14,2073462165639
NC,NC-MAIN,,4001-06030610,39.00,HL2L06,2073462166438
NC,NC-MAIN,,6004-TC325211,3.00,HL2L06,2073462166452
NC,NC-MAIN,,ZM0512-000011,1.00,HL2L07,2073462166629
NC,NC-MAIN,,2955-01011000,1.00,,2073462166643
NC,NC-MAIN,,2955*0VS00800,1.00,HL2L05,2073462166667
NC,NC-MAIN,,4001-08025610,2.00,HL2L06,2073462166698
NC,NC-MAIN,,QA03-050003R0,4.00,HL2L07,2073462166872
NC,NC-MAIN,,ZM1302-000006,2.00,HL2L07,2073462167343
NC,NC-MAIN,,154,1.00,HL2L09,2073462167435
NC,NC-MAIN,,5022-29010270,1.00,HL2L06,2073462167893
NC,NC-MAIN,,2934-03010000,34.00,HL2L05,2073462168289
NC,NC-MAIN,,2955-00B17400,2.00,HL2L06,2073462168302
NC,NC-MAIN,,4917-00500000,2.00,HL2L06,2073462168319
NC,NC-MAIN,,7262-33205600,1.00,,2073462168395
NC,NC-MAIN,,8BB-24100,5.00,HL2L12,2073462168739
NC,NC-MAIN,,2955-00E02210,1.00,HL2L05,2073462168951
NC,NC-MAIN,,5022-29040350,2.00,HL2L40,2073462169477
NC,NC-MAIN,,2955-00C04110,7.00,,2073462169675
NC,NC-MAIN,,A0503610,1.00,HL2L12,2073462170022
NC,NC-MAIN,,ZM0503-000005,1.00,HL2L07,2073462170060
NC,NC-MAIN,,8SS-3T22R2A,1.00,HL2L12,2073462170633
NC,NC-MAIN,,2955*00C11700,2.00,HL2L05,2073462171067
NC,NC-MAIN,,2937-08018D00,4.00,HL2L05,2073462171074
NC,NC-MAIN,,4503-03030180,7.00,HL2L06,2073462171142
NC,NC-MAIN,,BS-SP-01,6.00,HL2L09,2073462171203
NC,NC-MAIN,,6003-10320000,4.00,NC-09-HL2L06,2073462171210
NC,NC-MAIN,,2937-04047000,3.00,,2073462171227
NC,NC-MAIN,,2937-04048000,2.00,,2073462171234
NC,NC-MAIN,,ZM1707-000002,2.00,HL2L07,2073462171821
NC,NC-MAIN,,0403-00085000,2.00,HL2L05,2073462172002
NC,NC-MAIN,,ZM0604-000009,1.00,,2073462172231
NC,NC-MAIN,,6502-260140000,1.00,HL2L06,2073462172538
NC,NC-MAIN,,2955*0VS07300,1.00,HL2L05,2073462172545
NC,NC-MAIN,,4904-72070040,2.00,HL2L06,2073462173573
NC,NC-MAIN,,4304-06000000,1.00,HL2L06,2073462173580
NC,NC-MAIN,,2937-04044000,1.00,,2073462173719
NC,NC-MAIN,,2940*05001B01,2.00,HL2L05,2073462174167
NC,NC-MAIN,,5008-29718564,4.00,HL2L06,2073462174266
NC,NC-MAIN,,7201-12033300,2.00,,2073462174440
NC,NC-MAIN,,2955-00B14800,3.00,,2073462174532
NC,NC-MAIN,,2955-00B13310,2.00,HL2L06,2073462175140
NC,NC-MAIN,,2955-0FB15700,2.00,,2073462175522
NC,NC-MAIN,,QP-SP-DRAWBAR,1.00,HL2L07,2073462175829
NC,NC-MAIN,,2937-03011001,1.00,,2073462175935
NC,NC-MAIN,,2937-03012A00,1.00,,2073462175959
NC,NC-MAIN,,ZM0607-000011,1.00,HL2L07,2073462175973
NC,NC-MAIN,,6004-TC456812,6.00,,2073462175997
NC,NC-MAIN,,CV02A3 2006.05.17,1.00,HL2L07,2073462176413
NC,NC-MAIN,,ZM1811-000011,9.00,,2073462176918
NC,NC-MAIN,,ZM1811-000009,1.00,,2073462176925
NC,NC-MAIN,,ZM1811-000010,1.00,,2073462176932
NC,NC-MAIN,,1003-00032A01,2.00,,2073462176970
NC,NC-MAIN,,Z9033704720,1.00,HL2L40,2073462177113
NC,NC-MAIN,,5022-29040340,2.00,HL2L40,2073462177168
NC,NC-MAIN,,2955-00B05000,4.00,,2073462177182
NC,NC-MAIN,,ZM9712-000017,6.00,,2073462177403
NC,NC-MAIN,,2955-00C05500,1.00,HL2L05,2073462177991
NC,NC-MAIN,,2955-0FC08300,1.00,HL2L03,2073462178394
NC,NC-MAIN,,5200*26016001,1.00,,2073462180199
NC,NC-MAIN,,D01-M040390,1.00,HL2L07,2073462180502
NC,NC-MAIN,,4403-04038200,2.00,HL2L06,2073462180526
NC,NC-MAIN,,D01-M011080,1.00,HL2L07,2073462180892
NC,NC-MAIN,,FTA-350,2.00,HL2L39,2073462181004
NC,NC-MAIN,,VG-618,1.00,,2073462181011
NC,NC-MAIN,,D05-M021020,1.00,HL2L07,2073462181141
NC,NC-MAIN,,ZM2003-000018,2.00,HL2L07,2073462181295
NC,NC-MAIN,,ZM2003-000020,2.00,HL2L07,2073462181318
NC,NC-MAIN,,5008-29608454,4.00,HL2L06,2073462181332
NC,NC-MAIN,,VMH-63,1.00,,2073462181714
NC,NC-MAIN,,2SV000065-00,1.00,HL2L32,2073462181882
NC,NC-MAIN,,4005-03006610,3.00,HL2L06,2073462181899
NC,NC-MAIN,,2BR6002LL-U,4.00,HL2L12,2073462182698
NC,NC-MAIN,,01121800,1.00,HL2L12,2073462182704
NC,NC-MAIN,,01122000,1.00,HL2L12,2073462182711
NC,NC-MAIN,,01121900,1.00,HL2L12,2073462182728
NC,NC-MAIN,,01122100,1.00,HL2L12,2073462182735
NC,NC-MAIN,,4702-02800000,2.00,HL2L06,2073462183060
NC,NC-MAIN,,5008-29708814,1.00,HL2L06,2073462183091
NC,NC-MAIN,,#51,1.00,HL2L12,2073462183275
NC,NC-MAIN,,2932-01095001,1.00,HL2L05,2073462183305
NC,NC-MAIN,,4503-08080120,1.00,HL2L06,2073462183336
NC,NC-MAIN,,4304-08000000,1.00,HL2L06,2073462183350
NC,NC-MAIN,,2937*05004B00,1.00,,2073462183862
NC,NC-MAIN,,2955-00B09000,1.00,,2073462183909
NC,NC-MAIN,,7201-12033322,3.00,HL2L07,2073462183992
NC,NC-MAIN,,1103-00005002,1.00,HL2L05,2073462184227
NC,NC-MAIN,,2939-01049000,1.00,HL2L05,2073462184739
NC,NC-MAIN,,2939-01091000,1.00,HL2L05,2073462184746
NC,NC-MAIN,,4709-48550000,1.00,HL2L06,2073462184753
NC,NC-MAIN,,7263-13040000,1.00,HL2L07,2073462184869
NC,NC-MAIN,,6327-29010100,4.00,,2073462185026
NC,NC-MAIN,,6327-29010200,1.00,,2073462185033
NC,NC-MAIN,,6327-29020500,1.00,,2073462185040
NC,NC-MAIN,,2955-00C00300,1.00,HL2L05,2073462185460
NC,NC-MAIN,,4208-03515003,3.00,HL2L06,2073462185897
NC,NC-MAIN,,BBS 20 MM OD X 10 MM ID,1.00,,2073462837277
NC,NC-MAIN,,21474829283,1.00,HL2L37,2074271400614
NC,NC-MAIN,,E0006204ZZ0,5.00,HL2L02,2074271400713
NC,NC-MAIN,,J2600P05500,10.00,HL2L03,2074271400881
NC,NC-MAIN,,R52UU000450,2.00,HL2L04,2074271401093
NC,NC-MAIN,,R25YB001110,4.00,HL2L04,2074271401406
NC,NC-MAIN,,31480192520,1.00,HL2L01,2074271401482
NC,NC-MAIN,,31411561240,1.00,HL2L01,2074271401819
NC,NC-MAIN,,J2600P01600,1.00,HL2L03,2074271401826
NC,NC-MAIN,,J2600P03900,5.00,HL2L03,2074271402090
NC,NC-MAIN,,J04SH001230,2.00,HL2L03,2074271402120
NC,NC-MAIN,,J2600P010A0,10.00,HL2L03,2074271402465
NC,NC-MAIN,,J2600G14500,5.00,HL2L03,2074271402472
NC,NC-MAIN,,J2600P00700,3.00,HL2L03,2074271402809
NC,NC-MAIN,,J2600P05000,2.00,HL2L03,2074271402823
NC,NC-MAIN,,D50SN000940,1.00,HL2L01,2074271402977
NC,NC-MAIN,,R25YB001120,33.00,HL2L04,2074271403639
NC,NC-MAIN,,R26BA000950,2.00,HL2L04,2074271404063
NC,NC-MAIN,,J2600G09500,10.00,HL2L03,2074271404278
NC,NC-MAIN,,J2600G12500,7.00,HL2L03,2074271404551
NC,NC-MAIN,,E0006006ZZ0,1.00,,2074271404568
NC,NC-MAIN,,J2600P00900,5.00,HL2L03,2074271405374
NC,NC-MAIN,,R62MA000030,1.00,HL2L04,2074271405381
NC,NC-MAIN,,J2600P21000,8.00,HL2L03,2074271405565
NC,NC-MAIN,,J2600P01100,5.00,HL2L03,2074271405589
NC,NC-MAIN,,J2600P11000,4.00,HL2L03,2074271405596
NC,NC-MAIN,,J2600G22000,5.00,HL2L03,2074271405619
NC,NC-MAIN,,J2600P21500,4.00,HL2L03,2074271405626
NC,NC-MAIN,,J2600P00800,6.00,HL2L03,2074271405633
NC,NC-MAIN,,J2600P12500,4.00,HL2L03,2074271405664
NC,NC-MAIN,,E0000060110,1.00,,2074271405879
NC,NC-MAIN,,E00006306Z0,1.00,,2074271405886
NC,NC-MAIN,,41146012520,1.00,HL1L01,2074271405909
NC,NC-MAIN,,34357729042,1.00,HL2L37,2074271405930
NC,NC-MAIN,,31401556392,2.00,HL2L37,2074271405992
NC,NC-MAIN,,R25YB000160,1.00,,2074271406005
NC,NC-MAIN,,6307Z,2.00,HL2L01,2074271406036
NC,NC-MAIN,,E0000070060,1.00,,2074271406067
NC,NC-MAIN,,J2600G10500,6.00,HL2L03,2074271406722
NC,NC-MAIN,,R25YB990270,1.00,,2074271406814
NC,NC-MAIN,,R25YB000750,1.00,,2074271406821
NC,NC-MAIN,,R25YB000380,6.00,,2074271406838
NC,NC-MAIN,,R25TC000070,3.00,HL2L04,2074271406845
NC,NC-MAIN,,E000KR30LL0,1.00,,2074271406944
NC,NC-MAIN,,E00NK30S200,2.00,,2074271406951
NC,NC-MAIN,,E0006209ZZ0,2.00,HL2L02,2074271406968
NC,NC-MAIN,,E0000052060,1.00,,2074271406975
NC,NC-MAIN,,J21FG000050,1.00,HL2L03,2074271406982
NC,NC-MAIN,,L08TR001560,1.00,HL2L03,2074271407132
NC,NC-MAIN,,L08MH000020,1.00,HL2L03,2074271407149
NC,NC-MAIN,,L08MH000040,1.00,HL2L03,2074271407156
NC,NC-MAIN,,E0006001ZZ0,2.00,,2074271407361
NC,NC-MAIN,,F04NP000350,1.00,,2074271407378
NC,NC-MAIN,,E0006012ZZ0,1.00,,2074271407392
NC,NC-MAIN,,E0000512050,2.00,,2074271407422
NC,NC-MAIN,,E00AXK11060,2.00,,2074271407439
NC,NC-MAIN,,E0006307ZZ0,1.00,,2074271407590
NC,NC-MAIN,,J04SH000250,1.00,HL2L03,2074271407675
NC,NC-MAIN,,TM90DZ-H,12.00,HL2L04,2074271407743
NC,NC-MAIN,,SPZ-1700 LW,1.00,HL2L04,2074271407750
NC,NC-MAIN,,J2600P10000,10.00,HL2L03,2074271408030
NC,NC-MAIN,,R13PJ002400,1.00,HL2L04,2074271408399
NC,NC-MAIN,,9401-08000800,1.00,HL2L07,2074342103468
NC,NC-MAIN,,5001-95005000,5.00,HL2L06,2074342104038
NC,NC-MAIN,,2955-00E09290,2.00,,2074342104311
NC,NC-MAIN,,0401-00021000,2.00,HL2L05,2074342106230
NC,NC-MAIN,,4005-06008610,3.00,HL2L06,2074342107923
NC,NC-MAIN,,2955-00B07900,2.00,HL2L05,2074342107930
NC,NC-MAIN,,0104*00188000,1.00,HL2L05,2077532100124
NC,NC-MAIN,,4902-62049000,5.00,HL2L06,2077532100209
NC,NC-MAIN,,4503-07070250,1.00,HL2L06,2077532100230
NC,NC-MAIN,,6101-10250010,1.00,,2077532100339
NC,NC-MAIN,,0405-00088001,2.00,HL2L05,2077532100384
NC,NC-MAIN,,4503-04040180,3.00,HL2L06,2077532100445
NC,NC-MAIN,,2955-00B18600,3.00,,2077532100452
NC,NC-MAIN,,2955-00C08300,1.00,,2077532100735
MA,MA-MAIN,,A06B-6093-H111,1.00,,2080001600322
NC,NC-MAIN,,01.01.01004,1.00,HL2L10,2080001800890
NC,NC-MAIN,,01.01.01005,1.00,HL2L10,2080001800906
NC,NC-MAIN,,01.01.01006,1.00,HL2L10,2080001800937
MA,MA-MAIN,,460DA 50H 1HP,1.00,,2082111400168
MA,MA-MAIN,,ASSY355620,9.00,,2082121400011
MA,MA-MAIN,,44723006,1.00,,2082131406126
MA,MA-MAIN,,74328412,1.00,,2082131406140
MA,MA-MAIN,,74335826,4.00,,2082131406270
MA,MA-MAIN,,74315921,3.00,HL2L24,2082131406294
MA,MA-MAIN,,74315822,2.00,HL2L24,2082131406317
MA,MA-MAIN,,74336101,4.00,,2082131406331
MA,MA-MAIN,,74338727,1.00,,2082131406775
MA,MA-MAIN,,75416102,4.00,,2082131407109
MA,MA-MAIN,,74313622,1.00,,2082131407222
MA,MA-MAIN,,74314706,1.00,,2082131407253
MA,MA-MAIN,,44562016,17.00,HL2L23,2082131407642
MA,MA-MAIN,,44567203,12.00,HL2L23,2082131407659
MA,MA-MAIN,,75410920,6.00,,2082131407673
MA,MA-MAIN,,74335812,2.00,,2082131409516
MA,MA-MAIN,,74336103,2.00,,2082131409523
MA,MA-MAIN,,75417111,1.00,,2082131410543
MA,MA-MAIN,,44567209,24.00,,2082131410550
MA,MA-MAIN,,44449917,10.00,,2082131411700
MA,MA-MAIN,,36098661,12.00,,2082131411922
MA,MA-MAIN,,36151011,1.00,,2082131412530
MA,MA-MAIN,,75417255,1.00,,2082131412608
MA,MA-MAIN,,75420254,1.00,,2082131412967
MA,MA-MAIN,,61165085,16.00,,2082131413278
MA,MA-MAIN,,75419038,4.00,,2082131413766
MA,MA-MAIN,,74302620,3.00,,2082131413834
MA,MA-MAIN,,75442101,1.00,,2082131413995
MA,MA-MAIN,,44564026,1.00,,2082131414947
MA,MA-MAIN,,75498748,1.00,,2082131414961
MA,MA-MAIN,,44236403,1.00,,2082131415265
MA,MA-MAIN,,36110617-L,1.00,,2084062502304
MA,MA-MAIN,,16K20,1.00,,2085062201518
MA,MA-MAIN,,74305102,1.00,,2087491400029
MA,MA-MAIN,,74355101,4.00,,2087491400043
MA,MA-MAIN,,74335713,4.00,,2087551400051
VKM,VKM-MAIN,,AIR CLEANER FOR UD22KW,4.00,,2110000511920
VKM,VKM-MAIN,,AIR CLEANER FOR UD37KW,11.00,,2110000511937
VKM,VKM-MAIN,,8804155720,13.00,,2110000511982
VKM,VKM-MAIN,,0260706001,3.00,HL4L42,2110000512552
VKM,VKM-MAIN,,D1410G25V,2.00,HL4L42,2110001309267
VKO,VKO-MAIN,,3521236431,12.00,,2110001311673
VKM,VKM-MAIN,,ELS-200,1.00,HL4L37,2110001407673
VKM,VKM-MAIN,,EMS-200,1.00,HL4L37,2110001407680
VKM,VKM-MAIN,,ELS-400-C,1.00,HL4L37,2110001407857
VKM,VKM-MAIN,,EKS-400-C,1.00,HL4L37,2110001407871
VKM,VKM-MAIN,,KRX-6-SS-1580-G3*,1.00,,2110001408267
VKM,VKM-MAIN,,EMS-700-C,1.00,HL4L37,2110001408502
VKH,VKH-MAIN,,N210-20D-BLADDER,3.00,,2110001408540
VKM,VKM-MAIN,,04035063010,2.00,,2110001408748
VKM,VKM-MAIN,,ELS-700-C,2.00,HL4L37,2110001409073
VKM,VKM-MAIN,,KHA-750-301-G1,1.00,,2110001409189
VKM,VKM-MAIN,,01030982060,1.00,,2110001409691
VKH,VKH-MAIN,,6GG25MPH02A,1.00,,2110001410192
VKM,VKM-MAIN,,0A001097010,1.00,HL4L38,2110001410420
VKH,VKH-MAIN,,"1/4""NPT FEM X 3/8""NPT MALE",1.00,,2110001611117
VKH,VKH-MAIN,,50MM DIA,3.46,,2110001611186
VKH,VKH-MAIN,SHAFT 3520V (Q),VP394517,1.00,HL1L41,2110001611834
VKH,VKH-MAIN,,SV-1105-6T INC,1.00,,2110001707155
VKH,VKH-MAIN,,300MM DIA,2.00,HL4L29,2110001710209
VKH,VKH-MAIN,,HCD25-W010,2.00,,2110001710308
VKH,VKH-MAIN,,HCD25-W011,1.00,,2110001710315
VKM,VKM-MAIN,,71 01700 2525 00,1.00,HL4L30,2110971400148
VKM,VKM-MAIN,,01 402 004500 90,2.00,HL4L30,2110971400414
VKM,VKM-MAIN,,71 10200 1705 06,4.00,HL4L30,2110971400759
VKM,VKM-MAIN,,71 10404 1026 00,2.00,HL4L30,2110971406560
VKM,VKM-MAIN,,71 01700 2523 00,1.00,HL4L30,2110971406621
VKM,VKM-MAIN,,71 12302 1905 00,2.00,HL4L30,2110971406706
VKM,VKM-MAIN,,71 10106 1008 00,1.00,HL4L30,2110971406720
VKM,VKM-MAIN,,71 15000 1902 10,2.00,HL4L30,2110971406904
VKM,VKM-MAIN,,800 9190 0616 2A,92.00,HL4L42,2110971407314
VKM,VKM-MAIN,,71 15300 3380 00,1.00,HL4L30,2110971407581
VKM,VKM-MAIN,,71 12302 3701 00,9.00,,2110971407727
VKM,VKM-MAIN,,71 10248 1901 11,1.00,,2110971407741
VKM,VKM-MAIN,,71 10248 1902 10,1.00,,2110971407758
VKM,VKM-MAIN,,71 10248 1903 10,1.00,,2110971407765
VKM,VKM-MAIN,,KOALA,1.00,HL4L42,2110971407796
VKM,VKM-MAIN,,71 10104 1226 01,4.00,HL4L30,2110971408076
VKM,VKM-MAIN,,72 10036 0801 00,3.00,HL4L38,2110971408311
VKM,VKM-MAIN,,71 10102 5551 00,1.00,HL4L30,2110971408335
VKM,VKM-MAIN,,02 410 205040 00,2.00,HL4L30,2110971408458
VKM,VKM-MAIN,,71 10333 1016 00,3.00,HL4L30,2110971408663
VKM,VKM-MAIN,,71 10333 1017 00,1.00,HL4L30,2110971408670
VKM,VKM-MAIN,,72 10300 0126 00,2.00,HL4L30,2110971408724
VKM,VKM-MAIN,,71 15300 1204 00,2.00,HL4L30,2110971408731
VKM,VKM-MAIN,,71 10036 5512 00,5.00,HL4L30,2110971408830
VKM,VKM-MAIN,,01 122 040060 10,1.00,HL4L30,2110971408892
VKM,VKM-MAIN,,71 15302 1235 00,4.00,HL4L30,2110971408922
VKM,VKM-MAIN,,01 401 001600 90,1.00,HL4L30,2110971408977
VKM,VKM-MAIN,,01 402 007000 90,6.00,HL4L30,2110971408991
VKM,VKM-MAIN,,01 231 006000 00,1.00,HL4L30,2110971409066
VKM,VKM-MAIN,,01 402 017000 90,4.00,HL4L30,2110971409073
VKM,VKM-MAIN,,01 402 019000 90,2.00,HL4L30,2110971409080
VKM,VKM-MAIN,,71 15300 1108 00,1.00,HL4L30,2110971409103
VKM,VKM-MAIN,,71 15300 1008 00,2.00,HL4L30,2110971409127
VKM,VKM-MAIN,,01 401 002800 90,1.00,HL4L30,2110971409417
VKM,VKM-MAIN,,71 15100 1002 00,3.00,HL4L30,2110971409578
VKM,VKM-MAIN,,71 10036 3381 00,1.00,HL4L39,2110971409899
VKM,VKM-MAIN,,71 10036 1014 00,1.00,HL4L30,2110971410079
VKM,VKM-MAIN,,71 10130 5510 00,1.00,,2110971412011
VKM,VKM-MAIN,,71 12600 8026 00,2.00,HL4L30,2110971412349
VKM,VKM-MAIN,,71 10406 3362 00,2.00,HL4L30,2110971413032
VKM,VKM-MAIN,,71 11100 8013 00,2.00,HL4L39,2110971413087
VKM,VKM-MAIN,,70 510 004100 90,2.00,HL4L30,2110971413094
VKM,VKM-MAIN,,72 12302 0311 00,1.00,HL4L40,2110971413179
VKM,VKM-MAIN,,71 35650 3306 00,2.00,HL4L30,2110971413551
VKM,VKM-MAIN,,71 15600 1015 00,1.00,HL4L30,2110971413803
VKM,VKM-MAIN,,71 10044 8069 00,26.00,SR-EA1,2110971413957
VKM,VKM-MAIN,,71 15100 1505 00,7.00,HL4L30,2110971413971
VKM,VKM-MAIN,,72 15223 0551 00,1.00,,2110971414107
VKM,VKM-MAIN,,71 10339 8421 00,2.00,HL4L30,2110971414114
VKM,VKM-MAIN,,72 12604 0553 00,2.00,HL4L40,2110971414343
VKM,VKM-MAIN,,71 00104 2015 00,4.00,HL4L30,2110971414442
VKM,VKM-MAIN,,71 12210 2008 00,3.00,HL4L30,2110971414596
VKM,VKM-MAIN,,03A30083,1.00,HL4L39,2110971414664
VKM,VKM-MAIN,,01 402 006000 90,6.00,HL4L30,2110971414879
VKM,VKM-MAIN,6864369,01 402 011500 90,2.00,HL4L30,2110971414886
VKM,VKM-MAIN,,71 10038 5511 10,2.00,HL4L40,2110971414954
VKM,VKM-MAIN,,72 10133 0800 00,1.00,HL4L39,2110971414978
VKM,VKM-MAIN,,71 15610 3801 00,3.00,SR-FB5,2110971415098
VKM,VKM-MAIN,,71 10036 8125 00,1.00,HL4L30,2110971415142
VKM,VKM-MAIN,,71 10128 3381 00,2.00,HL4L30,2110971415296
VKM,VKM-MAIN,,71 15300 1252 00,25.00,HL4L30,2110971415418
VKM,VKM-MAIN,,71 10130 4461 00,1.00,HL4L40,2110971415845
VKM,VKM-MAIN,,71 10138 5580 00,1.00,HL4L30,2110971415869
VKM,VKM-MAIN,,71 10138 5570 00,1.00,HL4L30,2110971415876
VKM,VKM-MAIN,,72 15112 0553 00,3.00,HL4L30,2110971415890
VKM,VKM-MAIN,,71 10044 3365 00,2.00,HL4L30,2110971415913
VKM,VKM-MAIN,,71 10044 3366 00,1.00,,2110971415920
VKM,VKM-MAIN,,71 10036 3929 00,1.00,,2110971416057
VKM,VKM-MAIN,,71 10036 3927 00,2.00,HL4L30,2110971416064
VKM,VKM-MAIN,,72 15312 0303 00,1.00,HL4L30,2110971416132
VKM,VKM-MAIN,,71 15012 8130 00,2.00,HL4L30,2110971416248
VKM,VKM-MAIN,,71 15020 3331 00,1.00,HL4L30,2110971416255
VKH,VKH-MAIN,,LVA-20-T-A-M10-P0E,1.00,HL1L24,2111811708936
VKH,VKH-MAIN,,9067,1.00,,2111811709360
VKH,VKH-MAIN,,DT-100-350K-B1-N-04,1.00,HL1L05,2111812108582
VKH,VKH-MAIN,,DT-63-250K-B1-N-02,5.00,HL1L05,2111812108674
VKH,VKH-MAIN,,DT-63-10-B2-N-02,2.00,HL1L05,2111812108681
VKH,VKH-MAIN,,AT-63-350K-A1-N-02,17.00,HL1L05,2111812108704
VKH,VKH-MAIN,,DT-63-350K-B1-N-02,8.00,HL1L05,2111812108711
VKH,VKH-MAIN,,AT-100-100K-A1-T-04,10.00,HL1L05,2111812108759
VKH,VKH-MAIN,,AT-63-35-A1-N-02,1.00,HL1L05,2111812108865
VKH,VKH-MAIN,,DT-63-350K-B2-N-02,1.00,HL1L05,2111812108940
VKH,VKH-MAIN,,"LS-5""",12.00,HL1L05,2111812108971
VKH,VKH-MAIN,,DT-63-70K-B1-N-02,3.00,HL1L05,2111812108995
VKH,VKH-MAIN,,"LS-3""",3.00,HL1L05,2111812109305
VKH,VKH-MAIN,,AT-100-250K-A1-N-04,2.00,HL1L05,2111812109312
VKH,VKH-MAIN,,EDT-100-250K-B2-T-04-3,1.00,,2111812109329
VKH,VKH-MAIN,,AT-63-100K-A1-N-02,5.00,HL1L05,2111812109381
VKH,VKH-MAIN,,DT-63-250K-B2-N-02,6.00,HL1L05,2111812109398
VKH,VKH-MAIN,,"2.0""-76CMHG",12.00,HL1L05,2111812109404
VKH,VKH-MAIN,,DT-63-10K-B1-N-02,7.00,HL1L05,2111812109428
VKH,VKH-MAIN,,255MM B X 180MM S X 114MM P.R,1.00,,2112441630420
VKH,VKH-MAIN,,FLD-TN-250X200X1676-TR,1.00,,2112441730267
VKH,VKH-MAIN,,DMB-32-75-LB,1.00,HL1L26,2112442129541
VKH,VKH-MAIN,,104-1625-006,10.00,,2112451123295
VKH,VKH-MAIN,,121-1014-004,5.00,,2112451125015
VKH,VKH-MAIN,,MRH-3150-SW,1.00,,2112451414713
VKH,VKH-MAIN,,MRH2-3150-9-PW,2.00,,2112451414812
VKH,VKH-MAIN,,DRC-1500-L-D,3.00,,2112451514833
VKH,VKH-MAIN,,112-1068-006,4.00,,2112451605449
VKH,VKH-MAIN,,112-1069-006,2.00,,2112451613390
VKH,VKH-MAIN,,211-1176-002,4.00,,2112451713670
VKH,VKH-MAIN,,50M300A-11C-20,1.00,,2112451713786
VKH,VKH-MAIN,,500-300-A31-20-0,4.00,HL4L28,2112451713847
VKH,VKH-MAIN,,444002,4.00,HL4L27,2112451713939
VKH,VKH-MAIN,,530-540-W31-30-AAAAA,6.00,HL4L28,2112451714929
VKH,VKH-MAIN,,104-1037-006,3.00,,2112452413531
VKH,VKH-MAIN,,120-1027-003,2.00,,2112452413647
VKH,VKH-MAIN,,119-1030-003,2.00,,2112452413661
VKH,VKH-MAIN,,MOS11A01B1DS0A00,1.00,,2112452413708
VKH,VKH-MAIN,,104-1023-006,5.00,,2112452413951
VKH,VKH-MAIN,,119-1031-003 INC,1.00,,2112452414125
VKH,VKH-MAIN,,112-1068-006 INC,4.00,,2112452414255
VKH,VKH-MAIN,,103-1029-012,14.00,SR-KB2,2112452414286
VKH,VKH-MAIN,103-1032-012,103-1032-012,10.00,SR-KB2,2112452414293
VKH,VKH-MAIN,104-1024-006,104-1024-006,21.00,,2112452414316
VKH,VKH-MAIN,,104-1028-006,6.00,,2112452414323
VKH,VKH-MAIN,,103-1026-012,14.00,SR-KB2,2112452414460
VKH,VKH-MAIN,,104-1625-006 INC,6.00,,2112452414477
VKH,VKH-MAIN,,103-1030-012,11.00,,2112452414514
VKH,VKH-MAIN,103-1028-012,103-1028-012,31.00,SR-KB2,2112452414590
VKH,VKH-MAIN,,101-1027-009,3.00,,2112452414651
VKH,VKH-MAIN,,HT-1712-B,1.00,,2112462104955
VKH,VKH-MAIN,,HT-0905-A,2.00,,2112462104962
VKH,VKH-MAIN,,HT-1408-A,3.00,,2112462104993
VKH,VKH-MAIN,,HT-1405-A,4.00,,2112462105013
VKH,VKH-MAIN,,HT-0908-A,1.00,,2112462105051
VKH,VKH-MAIN,,HT-1412-B,2.00,,2112462105198
VKH,VKH-MAIN,,5D-8.75S-CYL,1.00,,2112661602139
VKH,VKH-MAIN,,FOR R8M.1000.H4.D40-D47,2.00,HL4L29,2112701320627
VKH,VKH-MAIN,,FOR R8M.1200.H4.D40,1.00,HL4L29,2112701321129
VKH,VKH-MAIN,,FOR IAM.600.H3.D31,1.00,HL4L29,2112701321228
VKH,VKH-MAIN,,FOR R8M.800.H4-D40,1.00,HL4L29,2112701321266
VKH,VKH-MAIN,,VP922852,10.00,,2112701421287
VKH,VKH-MAIN,,C-255-16L,30.00,,2112701601870
VKH,VKH-MAIN,,C-6744L,3.00,,2112701602334
VKH,VKH-MAIN,,61238-000,16.00,,2112701720281
VKH,VKH-MAIN,,237014,3.00,,2112701720472
VKH,VKH-MAIN,,919683,1.00,,2112701720649
VKH,VKH-MAIN,,SK63/35,1.00,,2112701720755
VKH,VKH-MAIN,,70523-900,6.00,,2112701720809
VKH,VKH-MAIN,,444001,12.00,HL4L27,2112701720922
VKH,VKH-MAIN,,02-363850,1.00,,2112701721257
VKH,VKH-MAIN,,5995483-001,32.00,,2112701721387
VKH,VKH-MAIN,,60023-000,41.00,,2112702420166
VKH,VKH-MAIN,61237-000,61237-000,1.00,,2112702420227
VKH,VKH-MAIN,61285-000,61285-000,26.00,,2112702420388
VKH,VKH-MAIN,,60578-000,10.00,,2112702420722
VKH,VKH-MAIN,,60026-000,10.00,,2112702420739
VKH,VKH-MAIN,,C-5516WL,12.00,,2112711601006
VKH,VKH-MAIN,,C-155-245-70L,5.00,,2112721600822
VKH,VKH-MAIN,,C-155-235-70L,12.00,,2112721601102
VKH,VKH-MAIN,,C-6908L,22.00,,2112741600512
VKH,VKH-MAIN,,C-214-05,23.00,,2112792400017
VKH,VKH-MAIN,,C-214-14,125.00,,2112792400048
VKH,VKH-MAIN,,C-5503A,1.00,,2112792400093
VKH,VKH-MAIN,,C-5504,3.00,,2112792400109
VKH,VKH-MAIN,,C-6705A,46.00,,2112792400246
VKH,VKH-MAIN,,C-6711,2.00,,2112792400277
VKH,VKH-MAIN,,C-6736,5.00,,2112792400376
VKH,VKH-MAIN,,C-124-03,100.00,,2112792400383
VKH,VKH-MAIN,,C-124-10,37.00,,2112792400420
VKH,VKH-MAIN,,C-124-16,15.00,,2112792400444
VKH,VKH-MAIN,,C-124-20,8.00,,2112792400451
VKH,VKH-MAIN,,C-255-10,20.00,,2112792400468
VKH,VKH-MAIN,,C-255-12,8.00,,2112792400475
VKH,VKH-MAIN,,E-304-03,3.00,,2112792400499
VKH,VKH-MAIN,,E-304-04,10.00,,2112792400505
VKH,VKH-MAIN,,E-304-05,44.00,,2112792400512
VKH,VKH-MAIN,,M-125-40,11.00,,2112792401786
VKH,VKH-MAIN,,C-5516V,10.00,,2112792402066
VKH,VKH-MAIN,,C-5503AW,33.00,,2112802400013
VKH,VKH-MAIN,,C-5508W,4.00,,2112802400044
VKH,VKH-MAIN,,C-5520W,3.00,,2112802400082
VKH,VKH-MAIN,,C-6705W,23.00,,2112802400105
VKH,VKH-MAIN,,C-6711W,2.00,,2112802400129
VKH,VKH-MAIN,,C-6720W,32.00,,2112802400150
VKH,VKH-MAIN,,C-6736W,21.00,,2112802400174
VKH,VKH-MAIN,,C-155-009-70,80.00,,2112812400010
VKH,VKH-MAIN,,C-155-021-70,43.00,,2112812400027
VKH,VKH-MAIN,,C-155-216-70V,25.00,,2112812400034
VKH,VKH-MAIN,,C-155-225V,9.00,,2112812400065
VKH,VKH-MAIN,,C-155-228V,20.00,,2112812400096
VKH,VKH-MAIN,,C-155-235V-70V,8.00,,2112812400140
VKH,VKH-MAIN,,N2-111-16-P1,2.00,,2112822400079
VKH,VKH-MAIN,,N1-121-16-P1,5.00,,2112822400109
VKH,VKH-MAIN,,N1-121-08-P1,4.00,,2112822400147
VKH,VKH-MAIN,,N-811F-28,19.00,,2112822400369
VKH,VKH-MAIN,,C-6911,3.00,,2112832400045
VKH,VKH-MAIN,,C-6914V,14.00,,2112832400069
VKH,VKH-MAIN,,C-6916,16.00,,2112832400076
VKH,VKH-MAIN,,C-6936,4.00,,2112832400120
VKH,VKH-MAIN,,E-6905,45.00,,2112832400137
VKH,VKH-MAIN,,4SH-12,"17,521.70",,2112840923468
VKH,VKH-MAIN,,4SH-16,"19,606.00",,2112840923475
VKH,VKH-MAIN,,4SH-20,"13,331.86",,2112840923482
VKH,VKH-MAIN,,4SH-24,"2,802.60",,2112840923499
VKH,VKH-MAIN,,2SN-03,"1,335.40",,2112840927138
VKH,VKH-MAIN,,2SN-04,"37,184.50",,2112841607947
VKH,VKH-MAIN,,2SN-06,"21,653.60",,2112841607954
VKH,VKH-MAIN,,2SN-08,"39,721.20",,2112841607961
VKH,VKH-MAIN,,2SN-12,"23,223.90",,2112841607978
VKH,VKH-MAIN,,4SP-12,"9,842.30",,2112841608241
VKH,VKH-MAIN,,4SP-16,"6,532.52",,2112841608258
VKH,VKH-MAIN,,1SN-04,"43,452.00",,2112841612965
VKH,VKH-MAIN,,1SN-06,"26,425.60",,2112841612972
VKH,VKH-MAIN,,1SN-08,"6,627.10",,2112841612989
VKH,VKH-MAIN,,1SN-12,"7,215.70",,2112841612996
VKH,VKH-MAIN,,2SN-16,"2,486.50",,2112841615829
VKH,VKH-MAIN,,1SN-10,"1,859.10",,2112841617793
VKH,VKH-MAIN,,1SN-16,"1,786.80",,2112841617809
VKH,VKH-MAIN,,2SN-10,"9,533.40",,2112841617816
VKH,VKH-MAIN,,1SN-24,"2,532.60",,2112841618516
VKH,VKH-MAIN,,1SN-32,"2,579.20",,2112841618523
VKH,VKH-MAIN,"HYD HOSE 1-1/4""X20M 200PSI",1SN-20,375.30,,2112841618530
VKH,VKH-MAIN,,4SP-10,"6,350.20",,2112841618547
VKH,VKH-MAIN,,S5-04-V3-V3-10 FT,1.00,,2112841620441
VKH,VKH-MAIN,,S5-04-V3-V3-6 FT,1.00,,2112841620458
VKH,VKH-MAIN,,S5-04-V3-V3-1.5 FT,1.00,,2112841620465
VKH,VKH-MAIN,,2SN-32,"1,643.20",,2112841621714
VKH,VKH-MAIN,,2SN-24,"1,006.80",,2112841623565
VKH,VKH-MAIN,,"3/8""DIA 2-WIRE",40.00,,2112841631911
VKH,VKH-MAIN,,R5-08,134.39,,2112841633168
VKH,VKH-MAIN,,9777,1.00,,2112841745649
VKH,VKH-MAIN,,4SP-08,"5,762.90",,2112842821373
VKH,VKH-MAIN,,4SP-32-Q23-Q23-4 FT,1.00,,2112842824657
VKH,VKH-MAIN,,2SN-03-L16-L16-3.5 M,9.00,,2112842827344
VKH,VKH-MAIN,,1SN-10-AU13-AU13-23 IN,2.00,,2112842846741
VKH,VKH-MAIN,,4SP-24-U13-U13-40 IN,2.00,,2112842848561
VKH,VKH-MAIN,,CIT-12-A1,3.00,HL1L09,2112922100015
VKH,VKH-MAIN,,SRCT-10,5.00,HL1L07,2112922100022
VKH,VKH-MAIN,,SRCT-06,3.00,HL1L07,2112922100039
VKH,VKH-MAIN,,HT-1412-A,1.00,,2112922100046
VKH,VKH-MAIN,,FSS-16-B-25-G,1.00,,2112922100053
VKH,VKH-MAIN,,FSS-24-B-25G,1.00,,2112922100121
VKH,VKH-MAIN,,HT-1712-A,2.00,,2112922100138
VKH,VKH-MAIN,,MSW-02-Y,1.00,HL1L01,2112922100169
VKH,VKH-MAIN,,D5-02-2B2-A26,2.00,HL1L02,2112922100176
VKH,VKH-MAIN,,CIT-16-A1,27.00,HL1L09,2112922100343
VKH,VKH-MAIN,,SHT-02,3.00,HL1L05,2112922100428
VKH,VKH-MAIN,,V324-4,1.00,,2112960901056
VKH,VKH-MAIN,,D268 NBR,1.00,,2112960901063
VKH,VKH-MAIN,,M040A,7.22,,2113000701070
VKH,VKH-MAIN,,M050A,11.93,,2113000701087
VKH,VKH-MAIN,,M063A,1.60,,2113000701094
VKH,VKH-MAIN,,15611-08-08N,230.00,R4L3B2,2113010533951
VKH,VKH-MAIN,,22611-04-04N,730.00,Y4L5B3,2113010533982
VKH,VKH-MAIN,,22611-06-06N,"1,497.00",Y4L5B5,2113010533999
VKH,VKH-MAIN,,22611-08-08N,"1,052.00",Y5L5B2,2113010534002
VKH,VKH-MAIN,,22641-04-04N,280.00,Y8L5B2,2113010534033
VKH,VKH-MAIN,,22641-08-08N,172.00,Y8L5B5,2113010534040
VKH,VKH-MAIN,,22641-16-16N,54.00,,2113010534064
VKH,VKH-MAIN,,22691-04-04N,246.00,Y2L6B3,2113010534071
VKH,VKH-MAIN,,22691-06-06N,345.00,Y2L6B5,2113010534088
VKH,VKH-MAIN,,22691-08-08N,236.00,Y3L6B2,2113010534095
VKH,VKH-MAIN,,22691-20-20N,7.00,Y3L6B4,2113010534118
VKH,VKH-MAIN,,22691-24-24N,36.00,,2113010534125
VKH,VKH-MAIN,,26711-04-04N,"1,727.00",B2L1B2,2113010534132
VKH,VKH-MAIN,,26711-06-06N,994.00,B3L1B4,2113010534149
VKH,VKH-MAIN,,26711-08-08N,854.00,B3L1B1,2113010534156
VKH,VKH-MAIN,,26711-16-16N,1.00,,2113010534170
VKH,VKH-MAIN,,26741-04-04N,249.00,B8L1B3,2113010534194
VKH,VKH-MAIN,,26741-06-06N,122.00,B8L1B1,2113010534200
VKH,VKH-MAIN,,26741-08-08N,178.00,B1L2B4,2113010534217
VKH,VKH-MAIN,,26791-04-04N,"1,406.00",B2L2B1,2113010534255
VKH,VKH-MAIN,,26791-06-06N,411.00,B3L2B3,2113010534262
VKH,VKH-MAIN,,1JG-12-12N,10.00,R1L5B1,2113010534385
VKH,VKH-MAIN,,14211-06-06N,176.00,R8L2B3,2113010534392
VKH,VKH-MAIN,,14211-04-04N,100.00,R8L2B4,2113010534408
VKH,VKH-MAIN,,14211-08-08N,115.00,,2113010534415
VKH,VKH-MAIN,,1JG-08-08N,36.00,R1L5B2,2113010534453
VKH,VKH-MAIN,,1JG-16-16N,55.00,R2L5B4,2113010534460
VKH,VKH-MAIN,,1JG9-16-12N,9.00,,2113010534477
VKH,VKH-MAIN,,26741-10-10N,166.00,B1L2B2,2113010534514
VKH,VKH-MAIN,,16711-08-08N,136.00,R6L3B2,2113010534538
VKH,VKH-MAIN,,16711-06-04N,40.00,,2113010534583
VKH,VKH-MAIN,16711-05-04N,16711-05-04N,131.00,,2113010534590
VKH,VKH-MAIN,,16711-06-06N,279.00,R6L3B3,2113010534606
VKH,VKH-MAIN,,10511-20-06N,133.00,R1L2B3,2113010534798
VKH,VKH-MAIN,,10511-36-12N,254.00,,2113010534828
VKH,VKH-MAIN,,30541-30-10N,28.00,,2113010534873
VKH,VKH-MAIN,,10511-30-10N,1.00,,2113010534880
VKH,VKH-MAIN,1JN9-08-06N,1JN9-08-06N,49.00,R4L6B3,2113010534927
VKH,VKH-MAIN,,1JN4-04-04N,270.00,,2113010534958
VKH,VKH-MAIN,,29611-08-08N,98.00,B2L4B3,2113010535115
VKH,VKH-MAIN,,29611-16-16N,7.00,,2113010535139
VKH,VKH-MAIN,101149229,1JN-04-04N,560.00,R3L5B2,2113010535153
VKH,VKH-MAIN,,1JN-06-06N,13.00,R4L5B2,2113010535160
VKH,VKH-MAIN,,22641-06-04N,28.00,,2113010535610
VKH,VKH-MAIN,,28611-24-08N,50.00,B8L2B2,2113010535702
VKH,VKH-MAIN,,28611-24-10N,25.00,B8L2B1,2113010535719
VKH,VKH-MAIN,,28611-30-12N,1.00,,2113010535726
VKH,VKH-MAIN,,00400-32N,104.00,,2113010535795
VKH,VKH-MAIN,,15611-06-06N,427.00,R4L3B5,2113010535849
VKH,VKH-MAIN,,26791-08-08N,353.00,B3L2B1,2113010535856
VKH,VKH-MAIN,,16711-10-08N,455.00,,2113010535863
VKH,VKH-MAIN,,22641-06-06N,136.00,Y8L5B4,2113010535870
VKH,VKH-MAIN,,87312-32-32N,3.00,,2113010535917
VKH,VKH-MAIN,,87392-24-24N,68.00,G6L2B1,2113010535948
VKH,VKH-MAIN,,87392-32-32N,41.00,,2113010535955
VKH,VKH-MAIN,,29611-06-06N,358.00,B2L4B4,2113010535979
VKH,VKH-MAIN,,15611-04-04N,280.00,R3L3B4,2113010535993
VKH,VKH-MAIN,,87341-12-12N,88.00,,2113010536266
VKH,VKH-MAIN,,26711-10-10N,538.00,B4L1B3,2113010536280
VKH,VKH-MAIN,,87341-16-16N,1.00,,2113010536303
VKH,VKH-MAIN,,1JN-08-08N,155.00,R5L5B5,2113010536334
VKH,VKH-MAIN,,70011-14-06N,62.00,B8L6B4,2113010536358
VKH,VKH-MAIN,,22611-10-10N,126.00,Y5L5B4,2113010536365
VKH,VKH-MAIN,,87612-20-20N,116.00,G7L2B2,2113010536396
VKH,VKH-MAIN,,87642-20-20N,59.00,G8L2B4,2113010536402
VKH,VKH-MAIN,,87692-20-20N,70.00,G1L3B5,2113010536419
VKH,VKH-MAIN,,16711-04-04N,250.00,R5L3B1,2113010536457
VKH,VKH-MAIN,,16711-16-16N,493.00,R7L3B4,2113010536464
VKH,VKH-MAIN,,15612-32-32N,27.00,R5L3B2,2113010536501
VKH,VKH-MAIN,,87312-24-24N,63.00,G8L1B4,2113010536518
VKH,VKH-MAIN,,87392-16-16N,614.00,G5L2B2,2113010536525
VKH,VKH-MAIN,,87342-16-16N,138.00,G2L2B4,2113010536532
VKH,VKH-MAIN,,87342-12-12N,43.00,G2L2B2,2113010536549
VKH,VKH-MAIN,,87312-12-12N,397.00,G7L1B5,2113010536570
VKH,VKH-MAIN,,1JN4-04-02N,56.00,,2113010536600
VKH,VKH-MAIN,,1J-04-04N,"1,447.00",R5L4B4,2113010536693
VKH,VKH-MAIN,,1J-06-06N,"1,616.00",R5L4B2,2113010536709
VKH,VKH-MAIN,,1J-08-08N,"1,716.00",R6L4B5,2113010536716
VKH,VKH-MAIN,,AJ-04-04-04N,348.00,G8L3B3,2113010536723
VKH,VKH-MAIN,,1QN-22-06N,2.00,,2113010536907
VKH,VKH-MAIN,,70011-10-04N,7.00,B7L6B4,2113010537157
VKH,VKH-MAIN,,28611-22-08N,919.00,B8L2B4,2113010537164
VKH,VKH-MAIN,,29612-32-32N,42.00,,2113010537188
VKH,VKH-MAIN,,00210-20N,504.00,,2113010537317
VKH,VKH-MAIN,,87312-20-20N,10.00,G8L1B3,2113010537324
VKH,VKH-MAIN,,28611-18-06N,717.00,B7L2B4,2113010537331
VKH,VKH-MAIN,,28611-12-04N,865.00,B5L2B1,2113010537348
VKH,VKH-MAIN,,70011-16-06N,425.00,B8L6B2,2113010537676
VKH,VKH-MAIN,,70011-18-08N,70.00,,2113010537683
VKH,VKH-MAIN,,70011-20-08N,15.00,,2113010537690
VKH,VKH-MAIN,,87342-16-12N,45.00,,2113010537744
VKH,VKH-MAIN,,10911L-12-06LNN,27.00,R7L2B5,2113010537751
VKH,VKH-MAIN,,26711-14-12N,38.00,,2113010537782
VKH,VKH-MAIN,,10911-10-06N,117.00,R6L2B2,2113010537805
VKH,VKH-MAIN,,2NU-08-08N,164.00,B1L5B5,2113010537812
VKH,VKH-MAIN,,2NU-12-12N,44.00,,2113010537829
VKH,VKH-MAIN,,2NU-16-16N,32.00,B1L5B3,2113010537836
VKH,VKH-MAIN,,2NU-20-20N,22.00,B1L5B2,2113010537843
VKH,VKH-MAIN,,2NU-24-24N,19.00,,2113010537850
VKH,VKH-MAIN,,30211-39-16N,45.00,,2113010537911
VKH,VKH-MAIN,,28612-33-16N,73.00,B3L3B2,2113010537928
VKH,VKH-MAIN,,16711-10-10N,567.00,R7L3B5,2113010537935
VKH,VKH-MAIN,,30511-18-04N,266.00,B4L5B4,2113010537980
VKH,VKH-MAIN,,30591-30-10N,123.00,,2113010538000
VKH,VKH-MAIN,,30591-18-04N,172.00,,2113010538017
VKH,VKH-MAIN,,10511-22-06N,448.00,R1L2B2,2113010538024
VKH,VKH-MAIN,,1QN-14-04N,1.00,,2113010538253
VKH,VKH-MAIN,,1JN4-06-06N,135.00,,2113010538345
VKH,VKH-MAIN,,1JN4-08-08N,81.00,R2L6B5,2113010538352
VKH,VKH-MAIN,,1JN4-12-12N,82.00,,2113010538369
VKH,VKH-MAIN,,20211-18-06N,42.00,Y1L3B2,2113010538383
VKH,VKH-MAIN,,20211-22-08N,10.00,,2113010538390
VKH,VKH-MAIN,,20211-24-10N,179.00,,2113010538406
VKH,VKH-MAIN,,28611-14-04N,514.00,B6L2B5,2113010538420
VKH,VKH-MAIN,,28611-16-04N,450.00,B6L2B2,2113010538437
VKH,VKH-MAIN,,28611-20-08N,196.00,B7L2B1,2113010538444
VKH,VKH-MAIN,,28691-20-08N,55.00,B8L3B2,2113010538451
VKH,VKH-MAIN,,28691-22-08N,197.00,B1L4B5,2113010538468
VKH,VKH-MAIN,,70011-12-04N,330.00,B7L6B3,2113010538505
VKH,VKH-MAIN,,28611-22-10N,60.00,,2113010538512
VKH,VKH-MAIN,,28612-30-12N,219.00,B3L3B3,2113010538536
VKH,VKH-MAIN,,20211-20-04N,2.00,,2113010538550
VKH,VKH-MAIN,,20211-20-06N,19.00,Y1L3B5,2113010538567
VKH,VKH-MAIN,,70011-14-04N,293.00,B8L6B5,2113010538581
VKH,VKH-MAIN,,87342-20-20N,2.00,G2L2B5,2113010538598
VKH,VKH-MAIN,,1JN-24-24N,264.00,R8L5B2,2113010538888
VKH,VKH-MAIN,,26711-04-06N,139.00,,2113010538956
VKH,VKH-MAIN,,87312-08-08N,43.00,G7L1B2,2113010538963
VKH,VKH-MAIN,,87312-16-12N,10.00,G8L1B1,2113010538970
VKH,VKH-MAIN,,87392-10-10N,36.00,G4L2B1,2113010538994
VKH,VKH-MAIN,,87392-12-08N,86.00,,2113010539007
VKH,VKH-MAIN,,87392-16-12N,47.00,G4L2B4,2113010539014
VKH,VKH-MAIN,,1N-08-08N,254.00,Y5L1B2,2113010539021
VKH,VKH-MAIN,,29691-16-16N,151.00,,2113010539038
VKH,VKH-MAIN,,26711-06-08N,749.00,B3L1B3,2113010539069
VKH,VKH-MAIN,,26711-32-32N,413.00,,2113010539076
VKH,VKH-MAIN,,20591-20-06N,1.00,,2113010539090
VKH,VKH-MAIN,,1N-24-20N,2.00,Y6L1B3,2113010539144
VKH,VKH-MAIN,,FL-24N,96.00,G2L4B3,2113010539151
VKH,VKH-MAIN,,FL-12N,58.00,G1L4B5,2113010539168
VKH,VKH-MAIN,,1SN-20-20N,50.00,Y7L2B3,2113010539175
VKH,VKH-MAIN,,1JN-20-20N,67.00,R8L5B5,2113010539472
VKH,VKH-MAIN,,1JN9-20-20N,193.00,R6L6B4,2113010539489
VKH,VKH-MAIN,,28611-16-06N,155.00,B6L2B1,2113010539496
VKH,VKH-MAIN,,28611-22-06N,415.00,B8L2B5,2113010539502
VKH,VKH-MAIN,,1SG-20-20N,5.00,,2113010539540
VKH,VKH-MAIN,,1SG-16-16N,8.00,Y4L2B2,2113010539557
VKH,VKH-MAIN,,1SG-04-04N,59.00,Y3L2B3,2113010539564
VKH,VKH-MAIN,,1SN-04-04N,208.00,Y5L2B4,2113010539571
VKH,VKH-MAIN,,1SG9-20-20N,37.00,,2113010539601
VKH,VKH-MAIN,,1SG9-20-16N,50.00,,2113010539625
VKH,VKH-MAIN,,2NU-04-04N,123.00,,2113010539854
VKH,VKH-MAIN,,2NU-06-06N,289.00,,2113010539861
VKH,VKH-MAIN,,8C-10N,5.00,,2113010539878
VKH,VKH-MAIN,,NB200-04N,10.00,,2113010539908
VKH,VKH-MAIN,,8C-12N,86.00,,2113010539915
VKH,VKH-MAIN,,8C-14N,14.00,,2113010539922
VKH,VKH-MAIN,,NB200-06N,16.00,,2113010539939
VKH,VKH-MAIN,,700M-10N,261.00,G2L1B1,2113010539946
VKH,VKH-MAIN,,4T-06-SPN,5.00,,2113010539960
VKH,VKH-MAIN,,NB300-04N,26.00,,2113010539984
VKH,VKH-MAIN,,1ST-04-SPN,8.00,,2113010540003
VKH,VKH-MAIN,,7B-04N,1.00,,2113010540027
VKH,VKH-MAIN,,8C-20N,15.00,,2113010540041
VKH,VKH-MAIN,,700M-12N,81.00,,2113010540058
VKH,VKH-MAIN,,NB300-06N,24.00,,2113010540072
VKH,VKH-MAIN,,7B-06N,7.00,,2113010540096
VKH,VKH-MAIN,,1JH-06-16N,37.00,,2113010540140
VKH,VKH-MAIN,,NB300-08,20.00,,2113010540164
VKH,VKH-MAIN,,700M-16N,233.00,,2113010540171
VKH,VKH-MAIN,,14211-08-06N,50.00,,2113010540195
VKH,VKH-MAIN,,720B-08N,2.00,,2113010540232
VKH,VKH-MAIN,,700M-18N,114.00,,2113010540256
VKH,VKH-MAIN,,NB300-12N,11.00,,2113010540287
VKH,VKH-MAIN,,AJJN-04,8.00,,2113010540294
VKH,VKH-MAIN,,1ST9-08SPN,7.00,,2113010540317
VKH,VKH-MAIN,,GB-04-PKN,4.00,,2113010540324
VKH,VKH-MAIN,,8C-16,45.00,,2113010540386
VKH,VKH-MAIN,,28611-30-20N,15.00,B1L3B4,2113010540454
VKH,VKH-MAIN,,34211-16-12N,64.00,,2113010540461
VKH,VKH-MAIN,,87392-20-16N,2.00,,2113010540522
VKH,VKH-MAIN,,20511-16-08N,171.00,,2113010540911
VKH,VKH-MAIN,,10911L-22-10LNN,143.00,,2113010540966
VKH,VKH-MAIN,,14211-10-08N,50.00,,2113010541321
VKH,VKH-MAIN,,00110-08N,"1,043.00",,2113010542212
VKH,VKH-MAIN,,1N9-08-06N,55.00,,2113010542236
VKH,VKH-MAIN,,1SN9-16-16N,50.00,Y8L2B4,2113010542250
VKH,VKH-MAIN,,1SN9-08-08N,81.00,,2113010542557
VKH,VKH-MAIN,,1JN-06-04N,268.00,R4L5B3,2113010542564
VKH,VKH-MAIN,,1N-06-06N,119.00,Y4L1B4,2113010542571
VKH,VKH-MAIN,,1SN-06-06N,94.00,Y6L2B2,2113010542588
VKH,VKH-MAIN,,1JN-06-08N,244.00,R4L5B1,2113010542595
VKH,VKH-MAIN,,1SN9-16-12N,47.00,,2113010542618
VKH,VKH-MAIN,,2NU-32-32N,62.00,,2113010543448
VKH,VKH-MAIN,,5N-08-06N,24.00,B5L6B2,2113010543455
VKH,VKH-MAIN,,5N-12-08N,31.00,B6L6B5,2113010543462
VKH,VKH-MAIN,,5N-16-12N,34.00,B6L6B2,2113010543561
VKH,VKH-MAIN,,5N-20-16N,40.00,,2113010543585
VKH,VKH-MAIN,,4N-04N,14.00,,2113010543592
VKH,VKH-MAIN,,4N-06N,3.00,B3L6B3,2113010543608
VKH,VKH-MAIN,,4J-08N,5.00,,2113010543936
VKH,VKH-MAIN,,30491-22-08N,2.00,,2113010543950
VKH,VKH-MAIN,,1N-04-04N,37.00,Y4L1B2,2113010544001
VKH,VKH-MAIN,,1J-12-12N,909.00,R6L4B1,2113010544087
VKH,VKH-MAIN,,1N-08-06N,57.00,,2113010544094
VKH,VKH-MAIN,,1N-16-16N,111.00,Y6L1B1,2113010544100
VKH,VKH-MAIN,,1N9-06-06N,86.00,Y7L1B4,2113010544117
VKH,VKH-MAIN,,87992-16-16N,144.00,,2113010544131
VKH,VKH-MAIN,,1JN-32-32N,48.00,R8L5B1,2113010544308
VKH,VKH-MAIN,,87912-16-16N,221.00,G2L3B5,2113010544315
VKH,VKH-MAIN,,22611D-08-08N,"1,725.00",Y6L5B2,2113010544322
VKH,VKH-MAIN,,FL-20N,44.00,G2L4B2,2113010544339
VKH,VKH-MAIN,,FL-32N,210.00,G2L4B4,2113010544346
VKH,VKH-MAIN,,22611D-06-06N,"1,778.00",Y6L5B1,2113010544520
VKH,VKH-MAIN,,1BJ-24-24N,60.00,,2113010544759
VKH,VKH-MAIN,,1J-24-24N,337.00,R7L4B3,2113010544766
VKH,VKH-MAIN,,1J9-12-12N,30.00,R8L4B3,2113010544773
VKH,VKH-MAIN,,1J9-16-16N,41.00,,2113010544780
VKH,VKH-MAIN,,28611-20-06N,40.00,B7L2B2,2113010544797
VKH,VKH-MAIN,,29611-10-10N,1.00,B2L4B2,2113010544803
VKH,VKH-MAIN,,29641-04-04N,250.00,,2113010544810
VKH,VKH-MAIN,,29641-06-06N,24.00,,2113010544827
VKH,VKH-MAIN,,29641-08-08N,165.00,,2113010544834
VKH,VKH-MAIN,,29641-12-12N,107.00,,2113010544841
VKH,VKH-MAIN,,29691-10-10N,42.00,,2113010544858
VKH,VKH-MAIN,,34241-16-16N,149.00,,2113010544926
VKH,VKH-MAIN,,30611-22-08N,40.00,,2113010544988
VKH,VKH-MAIN,,1J-20-20N,376.00,,2113010545190
VKH,VKH-MAIN,,29691-08-08N,136.00,B6L4B4,2113010545206
VKH,VKH-MAIN,,10911L-10-04N,140.00,R6L2B1,2113010545343
VKH,VKH-MAIN,,1JN-08-12N,109.00,R5L5B5,2113010545350
VKH,VKH-MAIN,,1JN-24-20N,76.00,,2113010545374
VKH,VKH-MAIN,,1JN9-24-24N,766.00,R6L6B3,2113010545381
VKH,VKH-MAIN,,1N-12-08N,154.00,,2113010545398
VKH,VKH-MAIN,,1S-06-06N,50.00,Y2L2B3,2113010545404
VKH,VKH-MAIN,,1S9-16-16N,8.00,,2113010545411
VKH,VKH-MAIN,,1S9-20-20N,10.00,,2113010545428
VKH,VKH-MAIN,,1SN-12-12N,50.00,Y6L2B5,2113010545435
VKH,VKH-MAIN,,1SN-16-16N,130.00,Y7L2B2,2113010545442
VKH,VKH-MAIN,,30611-22-06N,49.00,,2113010545473
VKH,VKH-MAIN,,7N-08-08N,169.00,G5L1B2,2113010545527
VKH,VKH-MAIN,,5N-08-04N,52.00,B5L6B3,2113010545954
VKH,VKH-MAIN,,5N-16-08N,94.00,,2113010545961
VKH,VKH-MAIN,,1N4-12-12N,65.00,,2113010545978
VKH,VKH-MAIN,,1N4-16-16N,78.00,,2113010545985
VKH,VKH-MAIN,,1N9-04-04N,10.00,Y7L1B3,2113010545992
VKH,VKH-MAIN,,1SN9-06-06N,50.00,Y8L2B1,2113010546005
VKH,VKH-MAIN,,1J-16-16N,723.00,R7L4B5,2113010546012
VKH,VKH-MAIN,,1N-06-04N,85.00,,2113010546036
VKH,VKH-MAIN,,1S-04-04N,18.00,Y2L2B2,2113010546043
VKH,VKH-MAIN,,34211-06-04N,53.00,,2113010546050
VKH,VKH-MAIN,,87612-16-16N,326.00,G7L2B1,2113010546081
VKH,VKH-MAIN,,1JN-12-20N,25.00,,2113010546142
VKH,VKH-MAIN,,1J9-08-06N,40.00,,2113010546173
VKH,VKH-MAIN,,1J9-08-08N,23.00,R8L4B4,2113010546180
VKH,VKH-MAIN,,1J-06-04N,463.00,,2113010546203
VKH,VKH-MAIN,,7N-12-12N,12.00,G5L1B3,2113010546210
VKH,VKH-MAIN,,1SG-12-08N,43.00,,2113010546258
VKH,VKH-MAIN,,1N-24-24N,1.00,Y6L1B4,2113010546265
VKH,VKH-MAIN,,1JN-08-16N,160.00,,2113010546272
VKH,VKH-MAIN,,2J9-06-06N,20.00,,2113010546326
VKH,VKH-MAIN,,2J9-12-12N,16.00,,2113010546333
VKH,VKH-MAIN,,2J9-16-16N,6.00,,2113010546340
VKH,VKH-MAIN,,87612-12-12N,188.00,,2113010546357
VKH,VKH-MAIN,,87642-12-12N,40.00,,2113010546364
VKH,VKH-MAIN,,87642-16-16N,188.00,,2113010546371
VKH,VKH-MAIN,,87692-12-12N,34.00,G1L3B3,2113010546388
VKH,VKH-MAIN,,87692-16-16N,53.00,G1L3B4,2113010546395
VKH,VKH-MAIN,,87912-12-12N,148.00,G2L3B4,2113010546401
VKH,VKH-MAIN,,87912-24-24N,76.00,,2113010546418
VKH,VKH-MAIN,,87912-32-32N,13.00,,2113010546425
VKH,VKH-MAIN,,87942-12-12N,83.00,G3L3B4,2113010546432
VKH,VKH-MAIN,,87942-16-16N,90.00,G3L3B5,2113010546449
VKH,VKH-MAIN,,87942-20-20N,29.00,,2113010546456
VKH,VKH-MAIN,,87942-24-24N,8.00,,2113010546463
VKH,VKH-MAIN,,87992-12-12N,85.00,G4L3B4,2113010546470
VKH,VKH-MAIN,,87992-20-20N,97.00,,2113010546487
VKH,VKH-MAIN,,87992-24-24N,27.00,,2113010546494
VKH,VKH-MAIN,,87992-32-32N,23.00,,2113010546500
VKH,VKH-MAIN,,1SG-12-12N,38.00,Y3L2B5,2113010546524
VKH,VKH-MAIN,,1SG-12-16N,49.00,,2113010546531
VKH,VKH-MAIN,,1JN9-12-20N,338.00,,2113010546739
VKH,VKH-MAIN,,87691-32-32N,2.00,,2113010546753
VKH,VKH-MAIN,,87912-20-20N,35.00,G3L3B1,2113010547064
VKH,VKH-MAIN,,1BN-08-08N,55.00,R3L4B4,2113010547200
VKH,VKH-MAIN,,1F04-04OGN,12.00,,2113010547354
VKH,VKH-MAIN,,1F04-06-08OGN,12.00,,2113010547361
VKH,VKH-MAIN,,1F09-06OGN,18.00,,2113010547378
VKH,VKH-MAIN,,1F09-08GN,10.00,,2113010547385
VKH,VKH-MAIN,,1F09-08OGN,13.00,,2113010547392
VKH,VKH-MAIN,,1FO-08-04N,11.00,,2113010547408
VKH,VKH-MAIN,,1FO-10-06N,35.00,,2113010547415
VKH,VKH-MAIN,,22641-24-24N,16.00,,2113010547439
VKH,VKH-MAIN,P-WEV-10L-3/8NPT,P-WEV-10L-3/8NPT,2.00,,2113010926289
VKH,VKH-MAIN,P-WEV-20S-1/4NPT,P-WEV-20S-1/4NPT,1.00,,2113011610453
VKH,VKH-MAIN,P-R-42S,P-R-42S,1.00,,2113011625372
VKH,VKH-MAIN,M-38S,M-38S,1.00,,2113011625754
VKH,VKH-MAIN,"3/4""JIC X 1/2""JIC","3/4""JIC X 1/2""JIC",2.00,,2113011625945
VKH,VKH-MAIN,,26711-08-08L,24.00,,2113011626621
VKH,VKH-MAIN,SN02-04-L,SN02-04-L,2.00,,2113011626638
VKH,VKH-MAIN,SN02-06-L,SN02-06-L,1.00,,2113011626645
VKH,VKH-MAIN,SS-02-16-L,SS-02-16-L,4.00,,2113011626744
VKH,VKH-MAIN,M18 X 1.5 THREAD,M18 X 1.5 THREAD,4.00,,2113011627123
VKH,VKH-MAIN,S026-06-06S-HI-L,29611-06-06L,5.00,,2113011627239
VKH,VKH-MAIN,S806-30-08S-HI-L,30511-30-08L,1.00,,2113011628076
VKH,VKH-MAIN,TP1-12-12,AN-12L,1.00,,2113011628441
VKH,VKH-MAIN,TP4-04-04,AJNJ-04L,3.00,,2113011628465
VKH,VKH-MAIN,TP4-16-16,AJNJ-12L,1.00,,2113011628502
VKH,VKH-MAIN,EP2-04-04,1N4-04-04L,7.00,,2113011628519
VKH,VKH-MAIN,,2SN-20,156.40,,2113011629745
VKH,VKH-MAIN,"3/4""JIC X 3/8""JIC S",AJJN-12-06-12,1.00,,2113011630147
VKH,VKH-MAIN,,1BJ4-16-16N,33.00,,2113011631694
VKH,VKH-MAIN,,1BJ4-20-20N,31.00,,2113011631700
VKH,VKH-MAIN,,1JO4-12-12-OGN,28.00,,2113011631717
VKH,VKH-MAIN,,1JO4-16-12-OGN,30.00,,2113011631724
VKH,VKH-MAIN,,1JO4-08-08-OGN,77.00,,2113011631731
VKH,VKH-MAIN,,1BJ9-20-20N,11.00,,2113011631748
VKH,VKH-MAIN,,1JO9-16-12-OGN,14.00,,2113011631755
VKH,VKH-MAIN,,1BJ-20-20N,68.00,,2113011631786
VKH,VKH-MAIN,,22691-06-04N,85.00,,2113011631809
VKH,VKH-MAIN,,26791-12-08N,175.00,,2113011631816
VKH,VKH-MAIN,,26791-16-12N,49.00,,2113011631823
VKH,VKH-MAIN,,24291-16-12N,1.00,,2113011631847
VKH,VKH-MAIN,,22611-10-08N,48.00,,2113011631861
VKH,VKH-MAIN,,24211-06-04N,1.00,,2113011631915
VKH,VKH-MAIN,,26791-10-08N,35.00,B4L2B5,2113011632004
VKH,VKH-MAIN,,26711-06-04N,18.00,B3L1B5,2113011632127
VKH,VKH-MAIN,,26791-10-10N,415.00,B4L2B4,2113011632134
VKH,VKH-MAIN,,26711-08-06N,51.00,B3L1B2,2113011632202
VKH,VKH-MAIN,,1JO9-10-10N,25.00,,2113011632257
VKH,VKH-MAIN,,26711-16-12N,28.00,B5L1B5,2113011632349
VKH,VKH-MAIN,,1JO4-10-10-OGN,16.00,,2113011632387
VKH,VKH-MAIN,,1JO9-16-16-OGN,9.00,Y3L1B4,2113011632400
VKH,VKH-MAIN,,1JO9-08-08N,61.00,,2113011632417
VKH,VKH-MAIN,,1JO9-06-06N,20.00,,2113011632431
VKH,VKH-MAIN,,1JN9-16-16N,"1,061.00",,2113011632448
VKH,VKH-MAIN,,1JN9-08-08N,92.00,R4L6B2,2113011632455
VKH,VKH-MAIN,,1JN9-12-12N,347.00,R5L6B4,2113011632479
VKH,VKH-MAIN,,1JN9-12-08N,179.00,,2113011632486
VKH,VKH-MAIN,,1JO-08-08N,22.00,R7L6B4,2113011632493
VKH,VKH-MAIN,,1JO-16-16N,63.00,R8L6B3,2113011632509
VKH,VKH-MAIN,,1JO-16-12N,4.00,,2113011632516
VKH,VKH-MAIN,,1JO-04-04N,77.00,R6L6B1,2113011632523
VKH,VKH-MAIN,,1JO-10-10N,50.00,,2113011632547
VKH,VKH-MAIN,,1JN-16-16N,416.00,R7L5B4,2113011632554
VKH,VKH-MAIN,,1JN-12-08N,29.00,R6L5B5,2113011632585
VKH,VKH-MAIN,,26741-10-08N,105.00,,2113011632806
VKH,VKH-MAIN,,26741-05-04N,37.00,,2113011632820
VKH,VKH-MAIN,,26741-08-06N,128.00,,2113011632868
VKH,VKH-MAIN,,24241-06-06N,51.00,,2113011632929
VKH,VKH-MAIN,,22691-08-06N,44.00,Y3L6B1,2113011633001
VKH,VKH-MAIN,,26791-06-04N,236.00,,2113011633148
VKH,VKH-MAIN,,26791-05-04N,254.00,,2113011633155
VKH,VKH-MAIN,,26791-08-06N,27.00,,2113011633186
VKH,VKH-MAIN,,22611-06-04N,50.00,Y4L5B4,2113011633346
VKH,VKH-MAIN,,1JO4-06-06-OGN,10.00,,2113011633568
VKH,VKH-MAIN,,1BJ9-16-16N,5.00,,2113011633575
VKH,VKH-MAIN,,15611-04-06N,86.00,,2113011633711
VKH,VKH-MAIN,"1/2"" BSP F X 1/4"" NPT F","1/2"" BSP F X 1/4"" NPT F",2.00,,2113011635227
VKH,VKH-MAIN,"1/2"" NPT X 3/4"" ORB","1/2"" NPT X 3/4"" ORB",2.00,,2113011635258
VKH,VKH-MAIN,1JN9-06-04N,1JN9-06-04N,136.00,R3L6B1,2113011635562
VKH,VKH-MAIN,1ST9-06SP-L,1ST9-06SP-L,10.00,,2113011636170
VKH,VKH-MAIN,S815-28-12S-HI-L,S815-28-12S-HI-L,3.00,,2113011636484
VKH,VKH-MAIN,1ST9-16-16L,1ST9-16-16L,8.00,,2113011636996
VKH,VKH-MAIN,87311-24-20N,87311-24-20N,4.00,,2113011637061
VKH,VKH-MAIN,,1N-12-06L,5.00,,2113011639256
VKH,VKH-MAIN,,QRC-FEMALE,1.00,,2113011639409
VKH,VKH-MAIN,,QRC-MALE,1.00,,2113011639416
VKH,VKH-MAIN,,1JO4-10-08L,1.00,,2113011639430
VKH,VKH-MAIN,,5N-12-08L,1.00,,2113011640573
VKH,VKH-MAIN,,87391-16-16L,1.00,,2113011640610
VKH,VKH-MAIN,,"5/16"" FERRULE",10.00,,2113011640863
VKH,VKH-MAIN,,87611-16-12L,1.00,,2113011641235
VKH,VKH-MAIN,,1JN4-32-32L,5.00,,2113011642157
VKH,VKH-MAIN,,7NU-08L,1.00,,2113011642508
VKH,VKH-MAIN,,QRC-QRP-06,2.00,,2113011642522
VKH,VKH-MAIN,,1SN9-12-08L,6.00,,2113011642751
VKH,VKH-MAIN,,1JN-10-12L,6.00,,2113011642867
VKH,VKH-MAIN,,1BO-06-06L,6.00,,2113011642874
VKH,VKH-MAIN,,1JO-06-08L,8.00,,2113011643086
VKH,VKH-MAIN,,1JO-08-06L,10.00,,2113011643345
VKH,VKH-MAIN,,22611-02-04L,19.00,,2113011644991
VKH,VKH-MAIN,,I-04-12L-MJF (1.5 THREAD),1.00,,2113011645103
VKH,VKH-MAIN,,I-04-10L-MJF W/ DEGREES SHORT,1.00,,2113011645134
VKH,VKH-MAIN,,04F-06L,1.00,,2113011645141
VKH,VKH-MAIN,,04F-10L HEX,1.00,,2113011645158
VKH,VKH-MAIN,,04F-10L,2.00,,2113011645165
VKH,VKH-MAIN,,I-04-10L MJF,1.00,,2113011645189
VKH,VKH-MAIN,,26791-12-10L,2.00,,2113011645622
VKH,VKH-MAIN,,20211-16-06L,13.00,,2113011646797
VKH,VKH-MAIN,,1JN-02-02L,179.00,,2113011646834
VKH,VKH-MAIN,,1J-02-02L,50.00,,2113011646858
VKH,VKH-MAIN,,1N-12-12N,37.00,Y5L1B4,2113011739222
VKH,VKH-MAIN,,1N-16-12N,81.00,,2113011739239
VKH,VKH-MAIN,,25MM,20.00,,2113011742437
VKH,VKH-MAIN,,10-395-1402,6.00,,2113011742987
VKH,VKH-MAIN,,10-395-6402,6.00,,2113011742994
VKH,VKH-MAIN,,10-495-1404,1.00,,2113011743007
VKH,VKH-MAIN,,10-565-1405,1.00,,2113011745759
VKH,VKH-MAIN,,10-766-1211,11.00,,2113011747449
VKH,VKH-MAIN,,10-766-6211,11.00,,2113011747456
VKH,VKH-MAIN,,10-476-1404,1.00,,2113011747463
VKH,VKH-MAIN,,10-476-6404,1.00,,2113011747470
VKH,VKH-MAIN,,10-676-1401,1.00,,2113011747487
VKH,VKH-MAIN,,10-676-6401,1.00,,2113011747494
VKH,VKH-MAIN,,10-366-6214,7.00,,2113011747524
VKH,VKH-MAIN,,10-366-1214,7.00,,2113011747531
VKH,VKH-MAIN,,10-576-1405,1.00,,2113011747548
VKH,VKH-MAIN,,10-576-6405,1.00,,2113011747555
VKH,VKH-MAIN,,SQL 3/8-03,20.00,HL1L25,2113012141109
VKH,VKH-MAIN,,SQL 1/4-02,10.00,HL1L25,2113012141116
VKH,VKH-MAIN,,SQL 3/8-02,10.00,HL1L25,2113012141123
VKH,VKH-MAIN,,SQL 1/2-03,10.00,HL1L25,2113012141130
VKH,VKH-MAIN,,SQC-12-04,10.00,HL1L25,2113012141147
VKH,VKH-MAIN,,QSC-1002A,6.00,HL1L25,211301214135
VKH,VKH-MAIN,,QSC-1203A,21.00,HL1L25,211301214137
VKH,VKH-MAIN,,QSC-1204A,40.00,HL1L25,211301214138
VKH,VKH-MAIN,,QSC-401A,40.00,HL1L25,211301214139
VKH,VKH-MAIN,,QSC-402A,50.00,HL1L25,211301214140
VKH,VKH-MAIN,,QSC-601A,33.00,HL1L25,211301214142
VKH,VKH-MAIN,,QSC-602A,65.00,HL1L25,211301214143
VKH,VKH-MAIN,,QSC-603A,33.00,HL1L25,211301214144
VKH,VKH-MAIN,,QSC-802A,12.00,HL1L25,211301214146
VKH,VKH-MAIN,,QSN-10,29.00,HL1L25,211301214147
VKH,VKH-MAIN,,QSN-4,16.00,HL1L25,211301214149
VKH,VKH-MAIN,,QSN-6,5.00,HL1L25,211301214150
VKH,VKH-MAIN,,SQC-1001,2.00,HL1L25,211301214152
VKH,VKH-MAIN,,SQC-1004,20.00,HL1L25,211301214154
VKH,VKH-MAIN,,SQC-602,5.00,HL1L25,211301214160
VKH,VKH-MAIN,,SQC-603,78.00,HL1L25,211301214161
VKH,VKH-MAIN,,SQC-801,3.00,HL1L25,211301214162
VKH,VKH-MAIN,,SQL-1204,15.00,HL1L25,211301214170
VKH,VKH-MAIN,,SQL-603,10.00,HL1L25,211301214173
VKH,VKH-MAIN,,SQL-801,3.00,HL1L25,211301214174
VKH,VKH-MAIN,,SQT-1001,35.00,HL1L25,211301214177
VKH,VKH-MAIN,,SQT-1002,10.00,HL1L25,211301214178
VKH,VKH-MAIN,,SQT-1004,15.00,HL1L25,211301214180
VKH,VKH-MAIN,,SQT-1203,25.00,HL1L25,211301214182
VKH,VKH-MAIN,,SQT-1204,31.00,HL1L25,211301214183
VKH,VKH-MAIN,,SQT-601,77.00,HL1L25,211301214184
VKH,VKH-MAIN,,SQT-602,45.00,HL1L25,211301214185
VKH,VKH-MAIN,,SQT-603,15.00,HL1L25,211301214186
VKH,VKH-MAIN,,SQT-802,80.00,HL1L25,211301214188
VKH,VKH-MAIN,,SQT-803,38.00,HL1L25,211301214189
VKH,VKH-MAIN,,SQU-1001,29.00,HL1L25,211301214190
VKH,VKH-MAIN,,SQU-1002,45.00,HL1L25,211301214191
VKH,VKH-MAIN,,SQU-1003,20.00,HL1L25,211301214192
VKH,VKH-MAIN,,SQU-1004,15.00,HL1L25,211301214193
VKH,VKH-MAIN,,SQU-1202,20.00,HL1L25,211301214194
VKH,VKH-MAIN,,SQU-1203,14.00,HL1L25,211301214195
VKH,VKH-MAIN,,SQU-1204,18.00,HL1L25,211301214196
VKH,VKH-MAIN,,SQU-601,20.00,HL1L25,211301214197
VKH,VKH-MAIN,,SQU-602,25.00,HL1L25,211301214198
VKH,VKH-MAIN,,SQU-603,30.00,HL1L25,211301214199
VKH,VKH-MAIN,,SQU-801,30.00,HL1L25,211301214200
VKH,VKH-MAIN,,SQU-802,15.00,HL1L25,211301214201
VKH,VKH-MAIN,,SQU-803,98.00,HL1L25,211301214202
VKH,VKH-MAIN,,SQV-04,4.00,HL1L25,211301214203
VKH,VKH-MAIN,,SQV-10,18.00,HL1L25,211301214206
VKH,VKH-MAIN,,SQV-12,9.00,HL1L25,211301214207
VKH,VKH-MAIN,,SQY-0404,10.00,HL1L25,211301214208
VKH,VKH-MAIN,,CSC400-04,35.00,HL1L26,2113012142274
VKH,VKH-MAIN,,P080,8.00,HL1L25,2113012142304
VKH,VKH-MAIN,,P096,8.00,HL1L25,2113012142311
VKH,VKH-MAIN,,P013,8.00,HL1L25,2113012142328
VKH,VKH-MAIN,,PM30,8.00,HL1L25,2113012142335
VKH,VKH-MAIN,,P044,4.00,HL1L25,2113012142359
VKH,VKH-MAIN,,SQE-0606,111.00,HL1L25,2113012142458
VKH,VKH-MAIN,,SH20,90.00,HL1L25,2113012142472
VKH,VKH-MAIN,,PM20,100.00,HL1L25,2113012142489
VKH,VKH-MAIN,,SQC-804,27.00,HL1L25,2113012142625
VKH,VKH-MAIN,,ASC150-01,10.00,HL1L25,2113012142656
VKH,VKH-MAIN,,SQE-0808,2.00,HL1L25,2113012142779
VKH,VKH-MAIN,,PF20,53.00,HL1L25,2113012142809
VKH,VKH-MAIN,,A019-1,6.00,HL1L25,2113012142830
VKH,VKH-MAIN,,P071,1.00,HL1L25,2113012143172
VKH,VKH-MAIN,,SH30,6.00,HL1L25,2113012143509
VKH,VKH-MAIN,,PH30,5.00,HL1L25,2113012143516
VKH,VKH-MAIN,,QSC-1004A,7.00,HL1L25,2113012143745
VKH,VKH-MAIN,,SQH-0806,1.00,HL1L25,2113012143851
VKH,VKH-MAIN,,SQE-1010,12.00,HL1L25,2113012143882
VKH,VKH-MAIN,,SQRC-601,10.00,HL1L25,2113012145329
VKH,VKH-MAIN,,SQRH-1010,10.00,HL1L25,2113012145503
VKH,VKH-MAIN,,SQH-1210,35.00,HL1L25,2113012145893
VKH,VKH-MAIN,,SQE-08,17.00,HL1L25,2113012145930
VKH,VKH-MAIN,,SQRH-6-6,10.00,HL1L25,2113012145947
VKH,VKH-MAIN,,M040ID-CAP,2.00,,2113020700367
VKH,VKH-MAIN,,M032 1D,1.00,,2113020700398
VKH,VKH-MAIN,,M040 1D,3.00,,2113020700404
VKH,VKH-MAIN,,M200 1D,1.00,,2113020700473
VKH,VKH-MAIN,,DSG-03-3C12-D24-50,2.00,,2113041533456
VKH,VKH-MAIN,,DSG-01-3C12-D24-N1-50,1.00,,2113041533463
VKH,VKH-MAIN,,DG4V3-2C-MUH7-60,12.00,HL1L15,2113041706249
VKH,VKH-MAIN,,DG4V3-2AL-MUH7-60,6.00,HL1L15,2113041725707
VKH,VKH-MAIN,565477,DG4V3-2A-MUD6-60,6.00,HL1L15,2113041725783
VKH,VKH-MAIN,,DG4V3-6C-MUD6-60,9.00,HL1L15,2113041726575
VKH,VKH-MAIN,,DG4V3-0A-MUH7-60,2.00,,2113041726681
VKH,VKH-MAIN,,DG17V4-016C-10,2.00,HL1L14,2113041726728
VKH,VKH-MAIN,,CM11N02-B-21,7.00,,2113041726872
VKH,VKH-MAIN,,DG4V3-2AL-MUD6-60,4.00,HL1L15,2113041727022
VKH,VKH-MAIN,,DG17V4-016N-10,1.00,HL1L14,2113041727190
VKH,VKH-MAIN,,DG17V4-012C-10,1.00,HL1L14,2113041727534
VKH,VKH-MAIN,,DG4V3-2C-MUD6-60,8.00,HL1L15,2113041727657
VKH,VKH-MAIN,,DG4V3-2A-MUB6-60,2.00,HL1L15,2113041727701
VKH,VKH-MAIN,,DG4V5-0C-JMUH6-20,1.00,HL1L16,2113041727817
VKH,VKH-MAIN,,DG4V5-2N-JMUH6-20,2.00,HL1L16,2113041727893
VKH,VKH-MAIN,529764,DG4V3-2N-MUH7-60,1.00,HL1L15,2113041727916
VKH,VKH-MAIN,,DG4S4-012A-50,2.00,HL1L14,2113041727961
VKH,VKH-MAIN,,CM11N02-DE-21,2.00,,2113041728128
VKH,VKH-MAIN,,617981,6.00,,2113041728289
VKH,VKH-MAIN,,DG4V3-6C-MU*6-60,1.00,HL1L15,2113041728517
VKH,VKH-MAIN,,D25/1P-W002,2.00,,2113041728784
VKH,VKH-MAIN,,DG4V-3S-0A-MUD5-60,1.00,HL1L14,2113041729040
VKH,VKH-MAIN,,D40/1P-18L-R,1.00,,2113041729408
VKH,VKH-MAIN,,D12-IN,6.00,,2113041729590
VKH,VKH-MAIN,,D12-OUT,6.00,,2113041729606
VKH,VKH-MAIN,,D16/1P-18L-R,1.00,,2113041729620
VKH,VKH-MAIN,,D12-28L,2.00,,2113041729675
VKH,VKH-MAIN,,D12-W001,9.00,,2113041729972
VKH,VKH-MAIN,,D20-W002,2.00,,2113041729989
VKH,VKH-MAIN,,D25-W002,3.00,,2113041730084
VKH,VKH-MAIN,,D25-OUT,9.00,,2113041730091
VKH,VKH-MAIN,,D25-IN,9.00,,2113041730107
VKH,VKH-MAIN,,D20-18L,12.00,,2113041730411
VKH,VKH-MAIN,,D25/1P-W001,1.00,,2113041730909
VKH,VKH-MAIN,,D12/6P-W002-W002-W002-W002,1.00,,2113041731197
VKH,VKH-MAIN,,D12-W002,7.00,,2113041731203
VKH,VKH-MAIN,,D12/3P-W001-W001-W001,7.00,,2113041731227
VKH,VKH-MAIN,,CM11N01-D-21,1.00,,2113041731296
VKH,VKH-MAIN,,D40-IN,11.00,,2113041731463
VKH,VKH-MAIN,,D40-OUT,11.00,,2113041731470
VKH,VKH-MAIN,,DG4V3-0BL-MUH7-60,2.00,HL1L14,2113041731623
VKH,VKH-MAIN,,DG5V-8S-6C-MUD-10,1.00,,2113041732101
VKH,VKH-MAIN,,DG4V3-0C-MUH7-60,2.00,HL1L15,2113041732156
VKH,VKH-MAIN,,D20/1P-W001,2.00,,2113041732309
VKH,VKH-MAIN,,DG4V5-2N-MU**6-20 INC,1.00,HL1L16,2113041732569
VKH,VKH-MAIN,,D40-W001,10.00,,2113041732712
VKH,VKH-MAIN,,D25-W001,9.00,,2113041732743
VKH,VKH-MAIN,,D12/3P-18L-18L-18L-R,1.00,,2113041732941
VKH,VKH-MAIN,,D20-IN,13.00,,2113041733139
VKH,VKH-MAIN,,D20-OUT,14.00,,2113041733146
VKH,VKH-MAIN,,CIT-04-A1,10.00,HL1L09,2113042106079
VKH,VKH-MAIN,,D5-03-3C2-A26,3.00,HL1L02,2113042127357
VKH,VKH-MAIN,,D5-03-3C4-A26,3.00,HL1L02,2113042127364
VKH,VKH-MAIN,,D5-02-3C4-A26,1.00,HL1L02,2113042127395
VKH,VKH-MAIN,,D5-02-3C2-A26,1.00,HL1L02,2113042127425
VKH,VKH-MAIN,,D5-03-2B2-A26,2.00,HL1L03,2113042127739
VKH,VKH-MAIN,,D5-02-2B2-A16,2.00,HL1L02,2113042128170
VKH,VKH-MAIN,,DMT-06-3C2-W,1.00,HL1L08,2113042128972
VKH,VKH-MAIN,,D5-03-3C60-A26,9.00,HL1L03,2113042129214
VKH,VKH-MAIN,,D5-02-3C60-A26,1.00,HL1L02,2113042129894
VKH,VKH-MAIN,,D5-03-3C60-A**,3.00,HL1L03,2113042130111
VKH,VKH-MAIN,,SM5101-24VDC-L,6.00,HL1L28,211304213017
VKH,VKH-MAIN,,SM7202-24VDC-L,1.00,HL1L28,211304213018
VKH,VKH-MAIN,,SN8102-220VAC-K,2.00,HL1L28,211304213019
VKH,VKH-MAIN,,SV5101-24VDC-K,1.00,HL1L28,211304213027
VKH,VKH-MAIN,,SV5201-24VDC-K,3.00,HL1L28,211304213028
VKH,VKH-MAIN,,SV8232-12VDC-K,1.00,HL1L28,211304213035
VKH,VKH-MAIN,,SV9204-220VAC-K,2.00,HL1L28,211304213037
VKH,VKH-MAIN,,HVM-404,3.00,HL1L27,2113042130494
VKH,VKH-MAIN,,SV8102-220VAC-K,7.00,HL1L28,2113042130708
VKH,VKH-MAIN,,MV-2506,2.00,HL1L27,2113042130951
VKH,VKH-MAIN,,D5-02-3C2-A16,11.00,HL1L02,2113042131347
VKH,VKH-MAIN,,D4-02-3C12-D24,1.00,HL1L02,2113042131385
VKH,VKH-MAIN,,HVM-402,2.00,HL1L27,2113042131507
VKH,VKH-MAIN,,SV6101-110VAC-K,6.00,HL1L28,2113042131514
VKH,VKH-MAIN,,FOR D5-03-3C12,1.00,HL1L04,2113042131545
VKH,VKH-MAIN,,SV6231-110VAC-PA,1.00,HL1L28,2113042131699
VKH,VKH-MAIN,,D4-03-3C10-A26,2.00,HL1L02,2113042131743
VKH,VKH-MAIN,,D5-03-3C60-D24,5.00,HL1L03,2113042131811
VKH,VKH-MAIN,,D5-02-3C2-D**,4.00,HL1L03,2113042132160
VKH,VKH-MAIN,,D5-03-3C60-A16,2.00,HL1L03,2113042132276
VKH,VKH-MAIN,,SV6231-220VAC-K,1.00,HL1L28,2113042132290
VKH,VKH-MAIN,,SUW15-220VAC,8.00,HL1L28,2113042132399
VKH,VKH-MAIN,,DMG-03-3C2-W,2.00,HL1L08,2113042132672
VKH,VKH-MAIN,,D5-03-3C3-D24,1.00,HL1L03,2113042133075
VKH,VKH-MAIN,,D4-10-3C60-A26,1.00,,2113042133198
VKH,VKH-MAIN,,D5-03-3C3-A26,3.00,HL1L03,2113042133365
VKH,VKH-MAIN,,100MM-DIA,4.00,,2113050700399
VKH,VKH-MAIN,,125MM-DIA,3.00,,2113050700405
VKH,VKH-MAIN,,160MM-DIA,1.00,,2113050700412
VKH,VKH-MAIN,,80MM-DIA,4.00,,2113050700429
VKH,VKH-MAIN,,125MMDIA-H,3.00,,2113050700443
VKH,VKH-MAIN,,FOR 100MM CYL-PISTON,1.00,,2113050700580
VKH,VKH-MAIN,,FOR M080ID CKD KIT,1.00,,2113050701495
VKH,VKH-MAIN,,FOR 100MM DIA,1.00,,2113050701501
VKH,VKH-MAIN,,SP070-L,6.00,,2113051624960
VKH,VKH-MAIN,,SP063-WL,8.00,,2113051624977
VKH,VKH-MAIN,,SP070-WL,6.00,,2113051624984
VKH,VKH-MAIN,,ST070-L,6.00,,2113051625004
VKH,VKH-MAIN,,SR025-L,1.00,,2113051625011
VKH,VKH-MAIN,,SR030-L,5.00,,2113051625028
VKH,VKH-MAIN,,SR025-WL,4.00,,2113051625035
VKH,VKH-MAIN,,SR030-WL,5.00,,2113051625059
VKH,VKH-MAIN,,SW025-L,2.00,,2113051625066
VKH,VKH-MAIN,,SW030-L,5.00,,2113051625073
VKH,VKH-MAIN,,SBG058-L,9.00,,2113051625080
VKH,VKH-MAIN,,SOG058-L,10.00,,2113051625103
VKH,VKH-MAIN,,SP080-L,18.00,,2113051625134
VKH,VKH-MAIN,,SP080-WL,18.00,,2113051625141
VKH,VKH-MAIN,,ST080-L,18.00,,2113051625158
VKH,VKH-MAIN,,SOG075-L,4.00,,2113051625165
VKH,VKH-MAIN,,SBG075-L,2.00,,2113051625172
VKH,VKH-MAIN,,SW040-L,4.00,,2113051625189
VKH,VKH-MAIN,,SR040-L,4.00,,2113051625196
VKH,VKH-MAIN,,SR040-WL,4.00,,2113051625202
VKH,VKH-MAIN,,SP100-L,4.00,,2113051625219
VKH,VKH-MAIN,,SP100-WL,4.00,,2113051625226
VKH,VKH-MAIN,,ST100-L,4.00,,2113051625233
VKH,VKH-MAIN,,SOG095-L,2.00,,2113051625240
VKH,VKH-MAIN,,SBG095-L,2.00,,2113051625257
VKH,VKH-MAIN,,SW050-L,2.00,,2113051625264
VKH,VKH-MAIN,,SR050-WL,2.00,,2113051625288
VKH,VKH-MAIN,,SP050-WL,4.00,,2113051625318
VKH,VKH-MAIN,,SOG045-L,7.00,,2113051625332
VKH,VKH-MAIN,,SBG045-L,8.00,,2113051625387
VKH,VKH-MAIN,,SP040-WL,2.00,,2113051625424
VKH,VKH-MAIN,,ST040-L,1.00,,2113051625431
VKH,VKH-MAIN,,SW035-L,1.00,,2113051625455
VKH,VKH-MAIN,,SR035-L,4.00,,2113051625462
VKH,VKH-MAIN,,SR035-WL,7.00,,2113051625479
VKH,VKH-MAIN,,SR045-L,4.00,,2113051625493
VKH,VKH-MAIN,,SR045-WL,4.00,,2113051625509
VKH,VKH-MAIN,,SW045-L,4.00,,2113051625516
VKH,VKH-MAIN,,ST150-L,2.00,,2113051625578
VKH,VKH-MAIN,,SW100-L,2.00,,2113051625608
VKH,VKH-MAIN,,SOG145-L,2.00,,2113051625615
VKH,VKH-MAIN,,SP125-L,1.00,,2113051625639
VKH,VKH-MAIN,,SP125-WL,1.00,,2113051625646
VKH,VKH-MAIN,,ST125-L,3.00,,2113051625653
VKH,VKH-MAIN,,SBG120-L,4.00,,2113051625660
VKH,VKH-MAIN,,SOG120-L,2.00,,2113051625677
VKH,VKH-MAIN,,90MM DIA,1.48,,2113051625714
VKH,VKH-MAIN,,SR070-L,3.00,,2113051625752
VKH,VKH-MAIN,,SR070-WL,2.00,,2113051625769
VKH,VKH-MAIN,,SW070-L,3.00,,2113051625776
VKH,VKH-MAIN,,SBG145-L,2.00,HL4L29,2113051625950
VKH,VKH-MAIN,,SOG120(70)-L,3.00,,2113051625967
VKH,VKH-MAIN,,SBG120(70)-L,3.00,,2113051625981
VKH,VKH-MAIN,,SR090-L,1.00,,2113051626001
VKH,VKH-MAIN,,SR090-WL,2.00,,2113051626018
VKH,VKH-MAIN,,SW090-L,1.00,,2113051626025
VKH,VKH-MAIN,,ST200-L,6.00,HL1L30,2113051626049
VKH,VKH-MAIN,,SP140-L,2.00,,2113051626223
VKH,VKH-MAIN,,SP140-WL,2.00,,2113051626230
VKH,VKH-MAIN,,ST140-L,2.00,,2113051626247
VKH,VKH-MAIN,,SOG095(60)-L,3.00,HL4L29,2113051626322
VKH,VKH-MAIN,,SBG095(60)-L,3.00,HL4L29,2113051626339
VKH,VKH-MAIN,,FOR 63MM BORE,1.00,,2113051725537
VKH,VKH-MAIN,,150MM DIA,5.74,,2113051725544
VKH,VKH-MAIN,,125MM DIA,7.16,,2113051725629
VKH,VKH-MAIN,,100MM DIA,4.28,,2113051726503
VKH,VKH-MAIN,,80MM DIA,16.24,,2113051726510
VKH,VKH-MAIN,,63MM DIA,7.61,,2113051726527
VKH,VKH-MAIN,,DU50,1.00,HL1L25,2113052125794
VKH,VKH-MAIN,,DMB50K,1.00,HL1L26,2113052125855
VKH,VKH-MAIN,,DMB63K,2.00,HL1L26,2113052125862
VKH,VKH-MAIN,,N1-512-100,2.00,,2113052426440
VKH,VKH-MAIN,,N1-121-100-P1,3.00,,2113052426457
VKH,VKH-MAIN,,N2-111-100-P1,4.00,,2113052426464
VKH,VKH-MAIN,,N-650-100,2.00,,2113052426471
VKH,VKH-MAIN,,N-811F-100,3.00,,2113052426488
VKH,VKH-MAIN,,SF-1794,28.00,,2113080700192
VKH,VKH-MAIN,,HYPLUS AW-68,3.00,,2113191600053
VKH,VKH-MAIN,,HYPLUS AW-68-P,9.00,,2113191600091
VKH,VKH-MAIN,,ETPP-M-GHD-10,2.00,HL1L40,2113201420909
VKH,VKH-MAIN,,VA29405,3.00,,2113201422576
VKH,VKH-MAIN,,BH40018180,2.00,,2113201422606
VKH,VKH-MAIN,,40013645,1.00,,2113201423542
VKH,VKH-MAIN,,VP239751,1.00,,2113201423894
VKH,VKH-MAIN,,A210-10D-BLADDER,4.00,,2113201426598
VKH,VKH-MAIN,,VP142843,1.00,,2113201426833
VKH,VKH-MAIN,,CIT-06-A1,9.00,HL1L09,2113201620224
VKH,VKH-MAIN,,FOR CG-10,2.00,HL1L30,2113201620392
VKH,VKH-MAIN,,FOR CG-06,1.00,HL1L30,2113201621009
VKH,VKH-MAIN,,FOR 2UNT VALVES,1.00,HL1L30,2113201621658
VKH,VKH-MAIN,,PC6-02,20.00,,2113201621993
VKH,VKH-MAIN,,15 GAL CAP,4.00,,2113201622723
VKH,VKH-MAIN,,PUMP & ELECT MOTOR,1.00,,2113201624208
VKH,VKH-MAIN,,FL-20L,1.00,,2113201624284
VKH,VKH-MAIN,,SG-12,25.00,,2113201626257
VKH,VKH-MAIN,,923953,1.00,HL1L12,2113201700339
VKH,VKH-MAIN,,6205,7.00,,2113201700780
VKH,VKH-MAIN,,02-136816,18.00,HL1L19,2113201720061
VKH,VKH-MAIN,,926364,1.00,,2113201720498
VKH,VKH-MAIN,,184458,2.00,,2113201720597
VKH,VKH-MAIN,,284154,2.00,,2113201720658
VKH,VKH-MAIN,,627371,3.00,HL1L13,2113201720702
VKH,VKH-MAIN,,877040,1.00,,2113201720726
VKH,VKH-MAIN,,FOR CM11 VLV,3.00,,2113201721112
VKH,VKH-MAIN,,FOR CM2 VLV,3.00,,2113201721129
VKH,VKH-MAIN,,FOR CM3-1 VLV,1.00,,2113201721143
VKH,VKH-MAIN,,FOR CM2-1 VLV,9.00,,2113201721150
VKH,VKH-MAIN,,CM11N02-L-21,1.00,,2113201721228
VKH,VKH-MAIN,,354858,2.00,,2113201721242
VKH,VKH-MAIN,,7537-000,5.00,,2113201721259
VKH,VKH-MAIN,,527164,1.00,HL1L13,2113201721617
VKO,VKO-MAIN,,LWH 100,1.00,HL4L41,2113201721884
VKH,VKH-MAIN,,687524,6.00,,2113201722409
VKH,VKH-MAIN,,V5-4LB-2100,1.00,,2113201722997
VKH,VKH-MAIN,,FDC1-16-12T-44,2.00,HL1L23,2113201723260
VKH,VKH-MAIN,,857675,5.00,,2113201723284
VKH,VKH-MAIN,,857681,7.00,,2113201723444
VKH,VKH-MAIN,,6206,3.00,,2113201724113
VKH,VKH-MAIN,,RCM/1-01-AO2-MA-M-WE95-RA-G02,3.00,,2113201725103
VKH,VKH-MAIN,,CM3-H2-30,7.00,,2113201725110
VKH,VKH-MAIN,,FOR HCD12-18L,1.00,,2113201725202
VKH,VKH-MAIN,,877422,14.00,,2113201725332
VKH,VKH-MAIN,,MCD BALER,1.00,,2113201725394
VKH,VKH-MAIN,,D12-8 SPRING CNTRD,7.00,,2113201725462
VKH,VKH-MAIN,,D20-7 DETENT,4.00,,2113201725851
VKH,VKH-MAIN,,D25-7 DETENT,1.00,,2113201725868
VKH,VKH-MAIN,,PMH-25,1.00,HL4L29,2113201726421
VKH,VKH-MAIN,,FOR DE-50,2.00,HL4L29,2113201726490
VKO,VKO-MAIN,,LWH 130,4.00,HL4L41,2113201726643
VKH,VKH-MAIN,,D6-7 DETENT,34.00,,2113201726698
VKH,VKH-MAIN,,2500A-00AC,1.00,,2113201727275
VKH,VKH-MAIN,,PA-600-009,1.00,,2113201727299
VKH,VKH-MAIN,,ZA-M14-350,18.00,,2113201727336
VKH,VKH-MAIN,,02-136813,8.00,,2113201727343
VKH,VKH-MAIN,,TVC-04,1.00,HL1L05,2113202121362
VKH,VKH-MAIN,,NM-128,1.00,HL1L07,2113202122659
VKH,VKH-MAIN,,43-650A IND LIGHT,35.00,HL1L04,2113202122826
VKH,VKH-MAIN,,F5-06-A,17.00,HL1L04,2113202122833
VKH,VKH-MAIN,,F5-08-A,15.00,HL1L04,2113202122840
VKH,VKH-MAIN,,F5-12-A,3.00,HL1L04,2113202122864
VKH,VKH-MAIN,,F5-16-A,9.00,HL1L04,2113202122871
VKH,VKH-MAIN,,MJCS-02-P-L-L,2.00,HL1L01,2113202123212
VKH,VKH-MAIN,,NM-112,2.00,HL1L07,2113202123434
VKH,VKH-MAIN,,NM-82,5.00,HL1L07,2113202123700
VKH,VKH-MAIN,,OK-5018,1.00,HL1L07,2113202123946
VKH,VKH-MAIN,,GCLT-02,1.00,HL1L04,2113202124004
VKH,VKH-MAIN,,MPK-02,10.00,HL1L01,2113202124158
VKH,VKH-MAIN,,MMC-02-A1,7.00,HL1L04,2113202124257
VKH,VKH-MAIN,,MMC-04-A2,1.00,,2113202124530
VKH,VKH-MAIN,,MMC-02-A3,1.00,HL1L04,2113202124547
VKH,VKH-MAIN,,ZI-97,10.00,HL1L07,2113202124769
VKH,VKH-MAIN,,F5-20-A,1.00,HL1L04,2113202125070
VKH,VKH-MAIN,,DSGM-10-10-B4-PT,2.00,,2113202125582
VKH,VKH-MAIN,,6VM5F,1.00,HL1L26,211320212563
VKH,VKH-MAIN,,8VM5F,1.00,HL1L26,211320212564
VKH,VKH-MAIN,,EV-15,2.00,HL1L26,211320212565
VKH,VKH-MAIN,,SAC-2020,2.00,HL1L27,211320212567
VKH,VKH-MAIN,,SAD-1410,2.00,HL1L27,211320212568
VKH,VKH-MAIN,,SL-01,52.00,HL1L25,211320212569
VKH,VKH-MAIN,,SL-02,31.00,HL1L25,211320212570
VKH,VKH-MAIN,,SLP-01,13.00,HL1L25,211320212571
VKH,VKH-MAIN,,SLP-02,5.00,HL1L25,211320212572
VKH,VKH-MAIN,,VMT-0504,10.00,HL1L25,211320212573
VKH,VKH-MAIN,,VMT-0506,10.00,HL1L25,211320212574
VKH,VKH-MAIN,,OK-8022,1.00,HL1L07,2113202125773
VKH,VKH-MAIN,,SL-04,53.00,HL1L25,2113202125803
VKH,VKH-MAIN,,SLR-02,1.00,HL1L25,2113202125810
VKH,VKH-MAIN,,SLR-03,16.00,HL1L25,2113202125827
VKH,VKH-MAIN,,SLB-02,2.00,HL1L25,2113202125889
VKH,VKH-MAIN,,N-40D,2.00,HL1L27,2113202125902
VKH,VKH-MAIN,,SPM-02,1.00,HL1L25,2113202126022
VKH,VKH-MAIN,,SLP-04,3.00,HL1L25,2113202126084
VKH,VKH-MAIN,,F5-28-A,1.00,HL1L04,2113202126220
VKH,VKH-MAIN,,F5-24-A,4.00,HL1L04,2113202126268
VKH,VKH-MAIN,,JCS-02-N,1.00,HL1L05,2113202126275
VKH,VKH-MAIN,,FOR D5-02-3C2-A26,1.00,HL1L04,2113202126442
VKH,VKH-MAIN,,PG-20A,5.00,HL1L27,2113202126473
VKH,VKH-MAIN,,QE-803,1.00,HL1L25,2113202126626
VKH,VKH-MAIN,,PN8060,30.00,,2113202126824
VKH,VKH-MAIN,,M2P4H624+20L,2.00,,2113202127357
VKH,VKH-MAIN,,60539-000,30.00,,2113202400993
VKH,VKH-MAIN,,61234-000,4.00,,2113202401006
VKH,VKH-MAIN,,6405-000,1.00,SR-KB2,2113202401037
VKH,VKH-MAIN,,FOR HCD40,12.00,HL1L30,2113202425521
VKH,VKH-MAIN,,209-1007-001,5.00,,2113202426849
VKH,VKH-MAIN,,14193-000,4.00,,2113202427075
VKH,VKH-MAIN,,GE2NNT35011A000,9.00,HL4L13,2113211314526
VKH,VKH-MAIN,,GE2NNT25011A000,2.00,HL4L13,2113211314540
VKH,VKH-MAIN,,GE2NNT53011A000,40.00,HL4L13,2113211314656
VKH,VKH-MAIN,,GE2NNT15011A000,17.00,HL4L13,2113211314762
VKH,VKH-MAIN,,GB2NNR83021A000,2.00,HL4L11,2113211315059
VKH,VKH-MAIN,,EPCG2-03-140-Y-13-S21C,1.00,,2113211414875
VKH,VKH-MAIN,,322-G-79,1.00,,2113211600858
VKH,VKH-MAIN,,341-B-11,1.00,,2113211600971
VKH,VKH-MAIN,,321-H-25,1.00,,2113211601626
VKH,VKH-MAIN,,BKH 3/4NPT,1.00,,2113211613261
VKH,VKH-MAIN,,GCT-02,2.00,,2113211619874
VKH,VKH-MAIN,,DGMFN-3Y-A2W-41,2.00,HL1L23,2113211713411
VKH,VKH-MAIN,,SV4-10-0-0-00,2.00,,2113211713633
VKH,VKH-MAIN,,677096,1.00,,2113211713909
VKH,VKH-MAIN,,F400,4.00,HL4L19,2113211714708
VKH,VKH-MAIN,,VOSL/SC34/TR.S.P7,1.00,HL4L28,2113211714982
VKH,VKH-MAIN,,F2000S,2.00,HL4L19,2113211714999
VKH,VKH-MAIN,,LF-B-20-A220,2.00,HL1L04,2113212113524
VKH,VKH-MAIN,,TVC-06,1.00,HL1L05,2113212114149
VKH,VKH-MAIN,,"GE2-G 3/4""BSP",1.00,HL1L04,2113212114408
VKH,VKH-MAIN,,1FP-FCR51-04-P-N,4.00,HL1L30,2113212415086
VKH,VKH-MAIN,,FC51-3/4,1.00,,2113213415177
VKH,VKH-MAIN,,VA12143A,1.00,,2113221413141
VKH,VKH-MAIN,,BH40038875,3.00,,2113221413318
VKH,VKH-MAIN,,VA8511A,1.00,,2113221413370
VKH,VKH-MAIN,,48-1000 (12VDC),2.00,,2113221600930
VKH,VKH-MAIN,,48-1865 110VDC,1.00,,2113221600992
VKH,VKH-MAIN,,48-5400 (12V),7.00,,2113221601067
VKH,VKH-MAIN,,48-8980 (12V),39.00,,2113221601104
VKH,VKH-MAIN,,48-8980 (230V60HZ),1.00,,2113221601128
VKH,VKH-MAIN,,48-8980 (48VDC),27.00,,2113221601142
VKH,VKH-MAIN,,49-2153R5-013 220/60,1.00,,2113221602897
VKH,VKH-MAIN,,48-1865-A4 (48V50HZ),16.00,,2113221613183
VKH,VKH-MAIN,,48-1585 (115V60HZ),19.00,,2113221613282
VKH,VKH-MAIN,,48-1865-3D,4.00,HL4L19,2113221713432
VKH,VKH-MAIN,,02-178065,1.00,HL1L13,2113221713500
VKH,VKH-MAIN,,D5-CL-03-A16,2.00,HL1L04,2113222113514
VKH,VKH-MAIN,,D5-CL-02-A16,8.00,HL1L04,2113222113521
VKH,VKH-MAIN,,D4-CL-02-D24,6.00,HL1L04,2113222113606
VKH,VKH-MAIN,,D5-CL-02-A26,5.00,HL1L04,2113222113613
VKH,VKH-MAIN,,482993 SMALL,1.00,,2113231600258
VKH,VKH-MAIN,,484017,1.00,,2113231600265
VKH,VKH-MAIN,,LNUT,38.00,,2113231600272
VKH,VKH-MAIN,,6586B W/ LIGHT IND /,7.00,,2113231602443
VKH,VKH-MAIN,,48-4270-50 SPACER,4.00,,2113231602733
VKH,VKH-MAIN,,708-N72,1.00,,2113431700369
VKH,VKH-MAIN,,V5-2HDB-11252-120/60,1.00,,2113431700529
VKH,VKH-MAIN,,V5-3ALB-2100,1.00,,2113431700642
VKH,VKH-MAIN,,211-1010-002,1.00,,2113431717381
VKH,VKH-MAIN,,V5-2HDB-11252,1.00,,2113431724846
VKH,VKH-MAIN,,V5-2LB-2100-120/60,2.00,,2113431724853
VKH,VKH-MAIN,,VA12088A,2.00,HL1L31,2113531410502
VKH,VKH-MAIN,48324971,VA12104A,2.00,HL1L33,2113531410571
VKH,VKH-MAIN,,VA10248A,4.00,HL1L32,2113531413701
VKH,VKH-MAIN,,VA10245A,2.00,HL1L32,2113531413787
VKH,VKH-MAIN,,40028626,2.00,HL1L31,2113531413947
VKH,VKH-MAIN,,VA12120A,1.00,HL1L31,2113531413954
VKH,VKH-MAIN,,VA11411A,9.00,HL1L31,2113531414395
VKH,VKH-MAIN,,VA9269A,3.00,HL1L32,2113531414470
VKH,VKH-MAIN,,02-152006,2.00,HL1L19,2113531713467
VKH,VKH-MAIN,,923165,2.00,HL1L12,2113531713535
VKH,VKH-MAIN,,02-152012,3.00,HL1L17,2113531713801
VKH,VKH-MAIN,,923159,3.00,HL1L12,2113531713863
VKH,VKH-MAIN,,877421,1.00,HL1L12,2113531713962
VKH,VKH-MAIN,,923100,4.00,HL1L11,2113531714136
VKH,VKH-MAIN,,02-152010,3.00,HL1L19,2113531714150
VKH,VKH-MAIN,,02-102508 INC,2.00,HL1L21,2113531714310
VKH,VKH-MAIN,,4535VQ60A38-11CC-20J,7.00,,2113541403907
VKH,VKH-MAIN,,35VQ38A-1C-20-JA,1.00,,2113541405154
VKH,VKH-MAIN,,2520VQ21A14-1CC-20-J,2.00,,2113541405352
VKH,VKH-MAIN,,02-123834,1.00,,2113541426241
VKH,VKH-MAIN,5992545,02-102575 INC,4.00,,2113541725658
VKH,VKH-MAIN,,PVH74C-LAF-2S-10-C25V31-036,1.00,,2113541726501
VKH,VKH-MAIN,,PVB29-RS-20-CC-11,1.00,,2113541726648
VKH,VKH-MAIN,,PVH131C-LAF-16S-11-C25V-31,2.00,,2113541726914
VKH,VKH-MAIN,,V2010-1F11S3S-1CC-12,1.00,,2113541726938
VKH,VKH-MAIN,,V20P-1S6T-1C-2F-12,1.00,,2113541727096
VKH,VKH-MAIN,,PVB20-RS-20-CC-11,1.00,,2113541727232
VKH,VKH-MAIN,,V20-1P8S-1C-11,1.00,,2113541727492
VKH,VKH-MAIN,,V20P-1S*T-1C-2F-12,1.00,,2113541727522
VKH,VKH-MAIN,,PVQ20-B2R-SE1S-21-C21-12,4.00,,2113541727850
VKH,VKH-MAIN,,PHB31-LA-12,4.00,HL1L24,2113541727881
VKH,VKH-MAIN,,PHB36-RA12,1.00,HL1L24,2113541727928
VKH,VKH-MAIN,,PVH57QIC-RAF-1S-10-IC-31,1.00,,2113541728000
VKH,VKH-MAIN,,PVQ20-B2L-SS1S-21-C21D-12,1.00,,2113541728048
VKH,VKH-MAIN,02-341577,PVQ10-A2R-SEIS-20-C21D-12,5.00,,2113541728444
VKH,VKH-MAIN,,PA8-RD66,1.00,HL1L24,2113541728499
VKH,VKH-MAIN,,PB4-RK66,3.00,HL1L24,2113541728505
VKH,VKH-MAIN,,PHB31-RA12,2.00,HL1L24,2113541728598
VKH,VKH-MAIN,,PVH98C-RAF-2S-11-C25VT4-31,1.00,,2113541729366
VKH,VKH-MAIN,,PVQ20-B2R-SE1S-21-C21D-12,1.00,,2113541729397
VKH,VKH-MAIN,,P330B542(SPL)AB10-30PHAB07-1,1.00,,2113541730737
VKH,VKH-MAIN,,V23-A1-RA,1.00,,2113542130635
VKH,VKH-MAIN,,VA12092A,11.00,HL1L34,2113551400224
VKH,VKH-MAIN,,VA11214A,1.00,HL1L37,2113551400255
VKH,VKH-MAIN,,VA11215A,9.00,HL1L36,2113551400262
VKH,VKH-MAIN,,VP416442,10.00,HL1L32,2113551402518
VKH,VKH-MAIN,,VP417053,6.00,HL1L32,2113551402525
VKH,VKH-MAIN,,VP417054,8.00,HL1L33,2113551402532
VKH,VKH-MAIN,,VP416427,6.00,HL1L32,2113551402549
VKH,VKH-MAIN,,VP413421,6.00,HL1L37,2113551402563
VKH,VKH-MAIN,,VP416441,7.00,HL1L34,2113551402570
VKH,VKH-MAIN,,VP416429,10.00,HL1L32,2113551402778
VKH,VKH-MAIN,,VP416440,6.00,HL1L32,2113551402785
VKH,VKH-MAIN,,VP413422,10.00,HL1L36,2113551402792
VKH,VKH-MAIN,,VA11213A,1.00,HL1L37,2113551403119
VKH,VKH-MAIN,,VA12058A,2.00,HL1L33,2113551408022
VKH,VKH-MAIN,,VA12561A,1.00,HL1L32,2113551413101
VKH,VKH-MAIN,,VA11211A,1.00,HL1L32,2113551413217
VKH,VKH-MAIN,48324261,VA12098A,1.00,HL1L33,2113551413224
VKH,VKH-MAIN,,VA10246A,14.00,HL1L32,2113551413231
VKH,VKH-MAIN,,VA12105A,3.00,HL1L31,2113551413248
VKH,VKH-MAIN,48309041,VA10247A,1.00,HL1L32,2113551413262
VKH,VKH-MAIN,,VA12848A,1.00,,2113561413504
VKH,VKH-MAIN,,VA12118A,4.00,HL1L37,2113561424395
VKH,VKH-MAIN,,C5G-815-JA,1.00,HL1L32,2113571400402
VKH,VKH-MAIN,,CG-03-F-15-JA,3.00,HL1L40,2113571400563
VKH,VKH-MAIN,,RCT-06-F4-22-JA-S100,8.00,HL1L40,2113571400822
VKH,VKH-MAIN,,CT-06-C-40-JA-J,4.00,,2113571401003
VKH,VKH-MAIN,,XG-10-F-20-JA-J,3.00,,2113571401027
VKH,VKH-MAIN,,RT-03-B2-22-JA-S100J,2.00,HL1L40,2113571401508
VKH,VKH-MAIN,,CT-03-F-JA-10-J,2.00,HL1L40,2113571401737
VKH,VKH-MAIN,,CG-03-C-15-S81-JA,1.00,HL1L40,2113571401829
VKH,VKH-MAIN,,401700,2.00,,2113571401935
VKH,VKH-MAIN,,URG2-06-C-13-JA,1.00,HL1L33,2113571402192
VKH,VKH-MAIN,,XCT-06-F-20-JA-J,1.00,,2113571402369
VKH,VKH-MAIN,,RCT-10-F4-22-JA,4.00,SR-KB5,2113571408873
VKH,VKH-MAIN,,VP333625,1.00,HL1L32,2113581401796
VKH,VKH-MAIN,,VA26081,3.00,HL1L32,2113581402151
VKH,VKH-MAIN,,VA29214,2.00,HL1L32,2113581409266
VKH,VKH-MAIN,,VA29215,1.00,HL1L32,2113581409273
VKH,VKH-MAIN,,VA29217,2.00,HL1L42,2113581409327
VKH,VKH-MAIN,,VA29219,2.00,HL1L32,2113581409433
VKH,VKH-MAIN,,VA18762,2.00,HL1L32,2113581409587
VKH,VKH-MAIN,,319399,3.00,HL1L13,2113581709311
VKH,VKH-MAIN,,319396,1.00,HL1L13,2113581709342
VKH,VKH-MAIN,,584610,3.00,HL1L13,2113581709366
VKH,VKH-MAIN,,317674,2.00,HL1L13,2113581709373
VKH,VKH-MAIN,,308816,3.00,HL1L13,2113581709397
VKH,VKH-MAIN,,576212,2.00,HL1L13,2113581709502
VKH,VKH-MAIN,,584614,2.00,HL1L13,2113581709564
VKH,VKH-MAIN,,70600,1.00,,2113601307794
VKH,VKH-MAIN,,VP289083,5.00,HL1L41,2113601400549
VKH,VKH-MAIN,,VP233524,3.00,HL1L41,2113601400624
VKH,VKH-MAIN,,VP233624,6.00,HL1L41,2113601400631
VKH,VKH-MAIN,,VP243448,6.00,HL1L41,2113601400655
VKH,VKH-MAIN,,VP258249,1.00,HL1L41,2113601400693
VKH,VKH-MAIN,,VP309405,5.00,HL1L41,2113601400723
VKH,VKH-MAIN,,VP312153,8.00,HL1L41,2113601400747
VKH,VKH-MAIN,,VP243449,1.00,,2113601400778
VKH,VKH-MAIN,,VP238929,4.00,HL1L41,2113601400792
VKH,VKH-MAIN,,VP242885,5.00,HL1L41,2113601400860
VKH,VKH-MAIN,,VP308686,1.00,HL1L41,2113601400877
VKH,VKH-MAIN,,VP361763,2.00,HL1L41,2113601400921
VKH,VKH-MAIN,,VP308926,2.00,HL1L41,2113601401034
VKH,VKH-MAIN,,VP254848,6.00,HL1L41,2113601401157
VKH,VKH-MAIN,,BH40015283,2.00,HL1L41,2113601407487
VKH,VKH-MAIN,,VA25397,1.00,HL1L41,2113601407517
VKH,VKH-MAIN,,VA26865,1.00,HL1L41,2113601407548
VKH,VKH-MAIN,,VA17659,2.00,HL1L41,2113601407661
VKH,VKH-MAIN,,VA27541,7.00,HL1L41,2113601407692
VKH,VKH-MAIN,,VA17835,1.00,HL1L41,2113601407890
VKH,VKH-MAIN,,361763,3.00,HL1L10,2113601702957
VKH,VKH-MAIN,,312154,4.00,HL1L10,2113601702971
VKH,VKH-MAIN,,513627,3.00,HL1L10,2113601707617
VKH,VKH-MAIN,,433559,1.00,HL1L10,2113601707624
VKH,VKH-MAIN,,PE-011200,1.00,HL4L28,2113601707921
VKH,VKH-MAIN,,7360-001,3.00,,2113602407356
VKH,VKH-MAIN,,201837-001,2.00,,2113602407721
VKH,VKH-MAIN,,VP922850A,21.00,,2113611401536
VKH,VKH-MAIN,,VP923106A,6.00,,2113611401543
VKH,VKH-MAIN,,VP923157A,2.00,,2113611401642
VKH,VKH-MAIN,,VP191668,24.00,,2113611401765
VKH,VKH-MAIN,,VP193428,80.00,,2113611401772
VKH,VKH-MAIN,,VP468479A,19.00,,2113621400352
VKH,VKH-MAIN,,VA12134A,2.00,,2113621400376
VKH,VKH-MAIN,,VPA8674A,2.00,,2113621400444
VKH,VKH-MAIN,,VA9232A,14.00,,2113621400468
VKH,VKH-MAIN,,VA12865A,2.00,,2113621400611
VKH,VKH-MAIN,,VA9231A,2.00,,2113621400710
VKH,VKH-MAIN,,VA12852A,2.00,,2113621400802
VKH,VKH-MAIN,,VA14233,17.00,,2113631401189
VKH,VKH-MAIN,,VP125632,6.00,,2113631401745
VKH,VKH-MAIN,,VP191400,23.00,,2113631402544
VKH,VKH-MAIN,,VP193144,8.00,,2113631402551
VKH,VKH-MAIN,,VP158630,1.00,,2113631402568
VKH,VKH-MAIN,,VA14020,1.00,HL1L41,2113641400530
VKH,VKH-MAIN,,VP786349,4.00,HL1L41,2113641406228
VKH,VKH-MAIN,,VA28036,1.00,,2113641407171
VKH,VKH-MAIN,,FOR CM2-T,1.00,,2113641606239
VKH,VKH-MAIN,,617985,1.00,,2113641707240
VKH,VKH-MAIN,,617982,2.00,,2113641707264
VKH,VKH-MAIN,,617498,12.00,,2113641707271
VKH,VKH-MAIN,,617998,1.00,,2113641707288
VKH,VKH-MAIN,,319701,1.00,,2113641707318
VKH,VKH-MAIN,,FOR DMG-03-3C6,2.00,HL1L04,2113642107292
VKH,VKH-MAIN,,FOR D5-02-3C5,3.00,HL1L04,2113642107353
VKH,VKH-MAIN,,FOR D5-03-3C2,1.00,HL1L04,2113642107360
VKH,VKH-MAIN,,FOR D4-10-3C4,1.00,HL1L04,2113642107391
VKH,VKH-MAIN,,FOR D4-03-3C6,1.00,HL1L04,2113642107421
VKH,VKH-MAIN,,UC.AB.1380.40,1.00,,2113670701608
VKH,VKH-MAIN,,UC.AB.682.1001,1.00,,2113670701615
VKH,VKH-MAIN,,TA80-B-10-B-0-0-1-P0E,1.00,HL1L24,2113671704295
VKH,VKH-MAIN,,TA80-G-10-0000-P06,40.00,HL1L24,2113671704332
VKH,VKH-MAIN,,UC.R.63014,1.00,,2113690700520
VKH,VKH-MAIN,,UC.R.63124,2.00,,2113690701107
VKH,VKH-MAIN,,UC.MXR.9560,2.00,,2113690724076
VKH,VKH-MAIN,,UC.R.6122,3.00,,2113690724601
VKH,VKH-MAIN,,MF-06,5.00,,2113691607200
VKH,VKH-MAIN,,MF-08,9.00,,2113691607224
VKH,VKH-MAIN,,V4051B3C03,1.00,HL1L24,2113691707412
VKH,VKH-MAIN,,926170,9.00,HL4L19,2113691707733
VKH,VKH-MAIN,,926169,2.00,HL4L19,2113691707740
VKH,VKH-MAIN,,FSS-16-B-25,1.00,HL1L06,2113692107310
VKH,VKH-MAIN,,MF-12,17.00,HL1L01,2113692107396
VKH,VKH-MAIN,,MF-10,4.00,HL1L01,2113692107600
VKH,VKH-MAIN,,MF-16,11.00,HL1L01,2113692107679
VKH,VKH-MAIN,,TOYO-50-ASW,8.00,HL1L01,2113692107709
VKH,VKH-MAIN,,UC.2408,1.00,,2113700700274
VKH,VKH-MAIN,,UC.2702,2.00,,2113700700311
VKH,VKH-MAIN,,UC.2702-W/O ELEMENT,1.00,,2113700702117
VKH,VKH-MAIN,,UC.2402-INC,1.00,,2113700702421
VKH,VKH-MAIN,,925023,7.00,HL4L19,2113701709894
VKH,VKH-MAIN,,FSS-32-B-25-G,10.00,,2113702109402
VKH,VKH-MAIN,,FSS-24-25-E,7.00,HL1L06,2113702109433
VKH,VKH-MAIN,,FPC-08-PA-1,2.00,HL1L04,2113702109549
VKH,VKH-MAIN,,ERC-08-S2-1,1.00,HL1L03,2113702109556
VKH,VKH-MAIN,,FPC-10-PA-1,1.00,HL1L04,2113702109648
VKH,VKH-MAIN,,FSS-12-B-25-G,3.00,,2113702109655
VKH,VKH-MAIN,,NBF-200,1.00,HL1L27,2113702109686
VKH,VKH-MAIN,,BF-200A,3.00,HL1L26,2113702109907
VKH,VKH-MAIN,,UC.DC.28.PB,6.00,,2113710701414
VKH,VKH-MAIN,,UC.2201,4.00,,2113720700636
VKH,VKH-MAIN,,UC.P.264302,1.00,,2113720700681
VKH,VKH-MAIN,,UC.A.252.1002,2.00,,2113720700803
VKH,VKH-MAIN,,UC.2202,1.00,,2113720700964
VKH,VKH-MAIN,,UC.2203,1.00,,2113720700971
VKH,VKH-MAIN,,UC.2210,1.00,,2113720701114
VKH,VKH-MAIN,,ELC-M-1HP-3PHSE-TECO,1.00,,2113741600335
VKH,VKH-MAIN,,148423 (V10),1.00,,2113751602442
VKH,VKH-MAIN,,62082,1.00,,2113751602510
VKH,VKH-MAIN,,FL1-6-06P-10,8.00,,2113761600216
VKH,VKH-MAIN,,FL1-8-08P-10,3.00,,2113761600223
VKH,VKH-MAIN,,228,2.00,,2113761600247
VKH,VKH-MAIN,,245,3.00,,2113761600285
VKH,VKH-MAIN,,FOR CG-03,1.00,,2113761600483
VKH,VKH-MAIN,,10 GAL CAP,7.00,,2113761600490
VKH,VKH-MAIN,,20 GAL CAP,3.00,,2113761600506
VKH,VKH-MAIN,,30 GAL CAP,1.00,,2113761600513
VKH,VKH-MAIN,,FB-C4-10,2.00,,2113761600636
VKH,VKH-MAIN,,MOD-BLK-DG4V3/DG4S4,2.00,,2113761601077
VKH,VKH-MAIN,,5 GAL CAP,2.00,,2113761601114
VKH,VKH-MAIN,,FOR DG4M4 TO DG4V3,1.00,,2113761601497
VKH,VKH-MAIN,"1-1/4""NPT X 1""NPT","1-1/4""NPT X 1""NPT",1.00,,2113761602494
VKH,VKH-MAIN,,FOR CM3-D,3.00,,2113761605761
VKH,VKH-MAIN,,FOR CM2-D,1.00,,2113761605778
VKH,VKH-MAIN,,1 NPT,2.00,,2113761606270
VKH,VKH-MAIN,,FOR CM2-B,4.00,,2113761606416
VKH,VKH-MAIN,,FOR CM11-B,3.00,,2113761606423
VKH,VKH-MAIN,,FOR CM11-D,17.00,,2113761606607
VKH,VKH-MAIN,,PVB20-RS-20-C-11,2.00,,2113771701262
VKH,VKH-MAIN,,V10-1P1P-1C-20,9.00,,2113771701453
VKH,VKH-MAIN,,V10-1P2P-1C-20,6.00,,2113771701460
VKH,VKH-MAIN,,V10-1P3P-1C-20,13.00,,2113771701477
VKH,VKH-MAIN,,V10-1P4P-1C-20,6.00,,2113771701484
VKH,VKH-MAIN,,V10-1P5P-1C-20,11.00,,2113771701491
VKH,VKH-MAIN,,V20-1P11P-1C-11,8.00,,2113771701514
VKH,VKH-MAIN,,V20-1P13P-1C-11,8.00,,2113771701521
VKH,VKH-MAIN,,V20-1P8P-1C-11,6.00,,2113771701538
VKH,VKH-MAIN,,2520V21A14-1CC-22R,7.00,,2113771701750
VKH,VKH-MAIN,,4520V60A14-1CC-22R,1.00,,2113771702030
VKH,VKH-MAIN,,4535V60A38-1CC-22R,4.00,,2113771702061
VKH,VKH-MAIN,,45V60A-1C-22R,1.00,,2113771702078
VKH,VKH-MAIN,,35V35A-1C-22R,1.00,,2113771702085
VKH,VKH-MAIN,,4535V60A38-11CC-22R,2.00,,2113771702108
VKH,VKH-MAIN,,3520V38A14-1CC-22R,5.00,,2113771702436
VKH,VKH-MAIN,,V20-1P6P-1C-11,3.00,,2113771702450
VKH,VKH-MAIN,,2520V17A11-11CC-22R,1.00,,2113771702559
VKH,VKH-MAIN,,2520V17A11-1CC-22R,2.00,,2113771703235
VKH,VKH-MAIN,,45VTCS60A-2203CC-22R,11.00,,2113771703532
VKH,VKH-MAIN,,V20-1P9P-1C-11,7.00,,2113771703877
VKH,VKH-MAIN,,V20-1P12P-1C-11,3.00,,2113771704294
VKH,VKH-MAIN,02-137106-3,20V11A-1C-22R,3.00,,2113771704812
VKH,VKH-MAIN,,V20-1P*P-1C-11,2.00,,2113771705505
VKH,VKH-MAIN,,3520V25A14-1CC-22R,1.00,,2113771715634
VKH,VKH-MAIN,,V20-1P7P-1C-11,3.00,,2113771724896
VKH,VKH-MAIN,,416429,7.00,HL1L12,2113781700033
VKH,VKH-MAIN,,02-102506,3.00,HL1L18,2113781700057
VKH,VKH-MAIN,,923160,5.00,HL1L12,2113781700088
VKH,VKH-MAIN,,923162,6.00,HL1L12,2113781700095
VKH,VKH-MAIN,,416442,2.00,HL1L21,2113781700118
VKH,VKH-MAIN,923167,923167,17.00,HL1L19,2113781700132
VKH,VKH-MAIN,,413421,1.00,HL1L32,2113781700149
VKH,VKH-MAIN,02-102555,02-102555,50.00,HL4L03,2113781700156
VKH,VKH-MAIN,,923110,6.00,HL1L22,2113781700163
VKH,VKH-MAIN,,923109,6.00,,2113781700170
VKH,VKH-MAIN,,02-102574,7.00,HL4L02,2113781700200
VKH,VKH-MAIN,,922834,2.00,HL1L12,2113781700217
VKH,VKH-MAIN,,923471,7.00,HL1L13,2113781700279
VKH,VKH-MAIN,,923469,1.00,HL1L13,2113781700323
VKH,VKH-MAIN,,912063,1.00,HL1L12,2113781700408
VKH,VKH-MAIN,02-102575,02-102575,25.00,"HL4L04, HL4L05",2113781701696
VKH,VKH-MAIN,17GPM,02-102534,21.00,HL1L18,2113781701702
VKH,VKH-MAIN,,02-102535,54.00,HL1L35,2113781701726
VKH,VKH-MAIN,,02-102522,1.00,HL1L21,2113781701733
VKH,VKH-MAIN,,02-102554,1.00,HL1L29,2113781701740
VKH,VKH-MAIN,,02-102552,12.00,HL1L19,2113781701757
VKH,VKH-MAIN,,02-102520,1.00,HL1L18,2113781701764
VKH,VKH-MAIN,42GPM,02-102572,13.00,HL1L20,2113781701917
VKH,VKH-MAIN,02-102521,02-102521,3.00,HL1L18,2113781701924
VKH,VKH-MAIN,,02-102532,12.00,HL1L17,2113781702099
VKH,VKH-MAIN,,02-102511,6.00,HL4L02,2113781702211
VKH,VKH-MAIN,,02-102533,24.00,HL1L20,2113781702228
VKH,VKH-MAIN,,02-102553,28.00,HL4L01,2113781702235
VKH,VKH-MAIN,,923111,4.00,HL1L22,2113781702327
VKH,VKH-MAIN,,923101,8.00,,2113781702433
VKH,VKH-MAIN,,923161,3.00,,2113781702471
VKH,VKH-MAIN,,923166,1.00,HL1L12,2113781702679
VKH,VKH-MAIN,8GPM,02-102519,5.00,HL1L18,2113781706721
VKH,VKH-MAIN,,CM11N02-D-21,10.00,,2113791700689
VKH,VKH-MAIN,,DG4V-3S-2C-MUD5-60,1.00,,2113791701013
VKH,VKH-MAIN,,DG4V-3S-2N-MUB5-60,1.00,HL1L14,2113791701112
VKH,VKH-MAIN,,DG17V3-6C-60,3.00,HL1L14,2113791701327
VKH,VKH-MAIN,,DG17V3-2N-60,6.00,HL1L14,2113791701396
VKH,VKH-MAIN,02-127343,DG17V3-2C-60,8.00,HL1L14,2113791701402
VKH,VKH-MAIN,,DG4V5-2A-MUC6-20,1.00,,2113791701495
VKH,VKH-MAIN,,DG17V3-6N-60,12.00,HL1L14,2113791701648
VKH,VKH-MAIN,,DG4V3-8C-VMUH7-61,2.00,HL1L15,2113791701679
VKH,VKH-MAIN,,DG4V3-6C-WB-10,1.00,HL1L15,2113791701686
VKH,VKH-MAIN,,DG4V3-2A-MUH7-60,7.00,HL1L15,2113791701778
VKH,VKH-MAIN,,DG4V-3S-2C-MUB5-60,1.00,,2113791702232
VKH,VKH-MAIN,,DG4S4LW-018CBB60S491,1.00,HL1L14,2113791702263
VKH,VKH-MAIN,,DG4V3-6C-MUH7-60,4.00,HL1L15,2113791702317
VKH,VKH-MAIN,,DG4V3-6C-MUB6-60,2.00,HL1L15,2113791702508
VKH,VKH-MAIN,,DG4V5-0C-MUEK6-20,5.00,HL1L16,2113791702690
VKH,VKH-MAIN,,DG4V5-2A-MUEH6-20,1.00,HL1L15,2113791702911
VKH,VKH-MAIN,,CM11ND2-R25D-21,1.00,,2113791723985
VKH,VKH-MAIN,,DG4V5-2N-MUEK6-20,2.00,HL1L16,2113791724111
VKH,VKH-MAIN,,DG4V5-6C-MUEH6-20,4.00,HL1L16,2113791724128
VKH,VKH-MAIN,,DG4V5-6C-MUEK6-20,13.00,HL1L16,2113791724210
VKH,VKH-MAIN,,DG4V5-2A-MUEK6-20,10.00,HL1L16,2113791724227
VKH,VKH-MAIN,,DG4V5-2C-MUEK6-20,6.00,HL1L16,2113791724265
VKH,VKH-MAIN,,DG4V5-2C-MUEH6-20,2.00,HL1L42,2113791724333
VKH,VKH-MAIN,639983,DG4V5-8C-JVMUEH6-20,7.00,HL1L16,2113791724456
VKH,VKH-MAIN,387115,FN-06-21,21.00,HL1L23,2113801700494
VKH,VKH-MAIN,,FN-10-11,8.00,HL1L23,2113801700500
VKH,VKH-MAIN,,MCD-2719,1.00,HL1L23,2113801700517
VKH,VKH-MAIN,,DTNS4-02-20,2.00,,2113801700524
VKH,VKH-MAIN,,CT-06-F-50,1.00,HL1L24,2113801700685
VKH,VKH-MAIN,,FCG-02-1500-50,3.00,HL1L11,2113801700777
VKH,VKH-MAIN,,KTG4-V3-33B-20N-Z-M-,1.00,HL1L23,2113801700807
VKH,VKH-MAIN,,DGMRC-5Y-BB-GH-11,4.00,HL1L23,2113801701200
VKH,VKH-MAIN,,DGMRC-5X-AA-BH,1.00,HL1L23,2113801701286
VKH,VKH-MAIN,,CT-10-F-30,8.00,HL1L17,2113801701446
VKH,VKH-MAIN,,DGMFN-3Y-A2W-B2W-41,8.00,HL1L23,2113801701637
VKH,VKH-MAIN,,CG-06-F-50,4.00,HL1L24,2113801701682
VKH,VKH-MAIN,,CG-10-F-20-JA,1.00,HL1L40,2113801701743
VKH,VKH-MAIN,,DGMDC-5Y-PK-30,2.00,HL1L23,2113801701804
VKH,VKH-MAIN,,ABT-03-10,4.00,HL1L24,2113801708100
VKH,VKH-MAIN,,12220,1.00,,2113811701443
VKH,VKH-MAIN,,326985,3.00,HL1L13,2113811701474
VKH,VKH-MAIN,,353902,5.00,HL1L13,2113811701498
VKH,VKH-MAIN,,326984,7.00,HL1L13,2113811701528
VKH,VKH-MAIN,,297503,1.00,,2113811701573
VKH,VKH-MAIN,,326986,3.00,HL1L13,2113811701887
VKH,VKH-MAIN,,575476,4.00,HL1L13,2113811702105
VKH,VKH-MAIN,,310870,13.00,HL1L13,2113811702112
VKH,VKH-MAIN,,326988,1.00,HL1L13,2113811702136
VKH,VKH-MAIN,,576210,2.00,HL1L13,2113811702167
VKH,VKH-MAIN,,319397,1.00,HL1L13,2113811702228
VKH,VKH-MAIN,,313426,3.00,HL1L13,2113811702273
VKH,VKH-MAIN,,116141,1.00,HL1L13,2113811702358
VKH,VKH-MAIN,,25M65A-1C-20,4.00,,2113821700252
VKH,VKH-MAIN,,35M115A-11C-20,14.00,,2113821700269
VKH,VKH-MAIN,312065-3,35M115A-1C-20,10.00,,2113821700276
VKH,VKH-MAIN,,45M185A-11C-20,4.00,,2113821700306
VKH,VKH-MAIN,373152-3,26M42A-1C-20,5.00,,2113821700924
VKH,VKH-MAIN,,25M42A-1C-20,7.00,,2113821701198
VKH,VKH-MAIN,355161-3,25M65A-11C-20,1.00,,2113821701372
VKH,VKH-MAIN,,233369,4.00,HL1L10,2113831700402
VKH,VKH-MAIN,,182856,1.00,HL1L10,2113831700419
VKH,VKH-MAIN,,242287,5.00,HL1L10,2113831700426
VKH,VKH-MAIN,,309405,9.00,HL1L10,2113831700464
VKH,VKH-MAIN,,312153,5.00,HL1L10,2113831700488
VKH,VKH-MAIN,,310873,4.00,HL1L10,2113831700501
VKH,VKH-MAIN,,289083,13.00,HL1L10,2113831700532
VKH,VKH-MAIN,,289084,2.00,HL1L10,2113831700556
VKH,VKH-MAIN,,242885,3.00,HL1L10,2113831700563
VKH,VKH-MAIN,,254964,5.00,HL1L10,2113831700754
VKH,VKH-MAIN,,307224,16.00,HL1L10,2113831700761
VKH,VKH-MAIN,309404,309404,4.00,HL1L10,2113831700808
VKH,VKH-MAIN,,233624,6.00,HL1L10,2113831700853
VKH,VKH-MAIN,,310872,2.00,HL1L10,2113831700884
VKH,VKH-MAIN,,527167,1.00,HL1L10,2113831700907
VKH,VKH-MAIN,,245979,4.00,HL1L10,2113831700945
VKH,VKH-MAIN,,233527,5.00,HL1L10,2113831700969
VKH,VKH-MAIN,,233524,2.00,,2113831701003
VKH,VKH-MAIN,,883274,9.00,,2113831701041
VKH,VKH-MAIN,,258249,5.00,HL1L30,2113831701058
VKH,VKH-MAIN,,254848,8.00,HL1L10,2113831701171
VKH,VKH-MAIN,,364041,2.00,,2113831702154
VKH,VKH-MAIN,,502467,1.00,HL1L10,2113831702505
VKH,VKH-MAIN,,497109,3.00,HL1L10,2113831702925
VKH,VKH-MAIN,,238929,11.00,HL1L10,2113831702949
VKH,VKH-MAIN,,280372,10.00,HL1L10,2113831702956
VKH,VKH-MAIN,,920249,2.00,,2113841700584
VKH,VKH-MAIN,,922853,1.00,,2113841700614
VKH,VKH-MAIN,,923157,11.00,,2113841700645
VKH,VKH-MAIN,,922856,27.00,,2113841700669
VKH,VKH-MAIN,,920021,2.00,,2113841700676
VKH,VKH-MAIN,,922865,5.00,,2113841700690
VKH,VKH-MAIN,,922866,4.00,,2113841700706
VKH,VKH-MAIN,,923106,22.00,,2113841700720
VKH,VKH-MAIN,,197412,20.00,,2113841700737
VKH,VKH-MAIN,,923096,28.00,,2113841700744
VKH,VKH-MAIN,,919444,3.00,,2113841700751
VKH,VKH-MAIN,,919191,5.00,,2113841700836
VKH,VKH-MAIN,,21197,7.00,,2113841700867
VKH,VKH-MAIN,,922850,50.00,,2113841700942
VKH,VKH-MAIN,,923163,28.00,,2113841700966
VKH,VKH-MAIN,,919850  (922852),12.00,,2113841700997
VKH,VKH-MAIN,,922859,14.00,,2113841701000
VKH,VKH-MAIN,,920179,2.00,,2113841701048
VKH,VKH-MAIN,,919729,2.00,,2113841701062
VKH,VKH-MAIN,,920278,35.00,,2113841701208
VKH,VKH-MAIN,,922862,9.00,,2113841701239
VKH,VKH-MAIN,,919682,1.00,,2113841701246
VKH,VKH-MAIN,,923548,10.00,,2113841701666
VKH,VKH-MAIN,,508169,1.00,HL1L13,2113841703165
VKH,VKH-MAIN,,922733,1.00,,2113841707088
VKH,VKH-MAIN,,922863,30.00,,2113841707095
VKH,VKH-MAIN,,502257,1.00,HL1L13,2113841707460
VKH,VKH-MAIN,,920205,4.00,,2113841707675
VKH,VKH-MAIN,,989656,2.00,,2113851700390
VKH,VKH-MAIN,,02-101728,25.00,HL1L13,2113851700406
VKH,VKH-MAIN,,414521 SB 942366,1.00,,2113851700413
VKH,VKH-MAIN,,507848,19.00,HL1L13,2113851700482
VKH,VKH-MAIN,,617499,14.00,HL1L42,2113851700505
VKH,VKH-MAIN,,02-101726,7.00,HL1L13,2113851700529
VKH,VKH-MAIN,,02-102508,15.00,HL1L18,2113851700598
VKH,VKH-MAIN,,02-102509,38.00,HL1L18,2113851700604
VKH,VKH-MAIN,,751913,1.00,,2113851700628
VKH,VKH-MAIN,617476,617476,11.00,HL1L13,2113851700642
VKH,VKH-MAIN,,507833 (110V50),20.00,HL1L13,2113851700659
VKH,VKH-MAIN,,400827,3.00,,2113851700697
VKH,VKH-MAIN,,02-101731,4.00,HL1L13,2113851700734
VKH,VKH-MAIN,,02-178114,1.00,HL1L13,2113851700796
VKH,VKH-MAIN,,400823,1.00,,2113851700833
VKH,VKH-MAIN,617500,617500,105.00,HL1L19,2113851703117
VKH,VKH-MAIN,,412890,2.00,,2113861700052
VKH,VKH-MAIN,,313657,5.00,,2113861700120
VKH,VKH-MAIN,,280690,1.00,,2113861700137
VKH,VKH-MAIN,,26170,1.00,,2113861700168
VKH,VKH-MAIN,,923069,1.00,,2113861700175
VKH,VKH-MAIN,,CM11-HI-20,6.00,,2113861700274
VKH,VKH-MAIN,,CM2-H1-30,3.00,,2113861700281
VKH,VKH-MAIN,,CM3-HI-30,1.00,,2113861700298
VKH,VKH-MAIN,,FB-A-10,6.00,,2113861700304
VKH,VKH-MAIN,,FB-B-10,5.00,,2113861700311
VKH,VKH-MAIN,,FB-C-10,3.00,,2113861700328
VKH,VKH-MAIN,,220234,20.00,,2113861700533
VKH,VKH-MAIN,,290264,40.00,,2113861700557
VKH,VKH-MAIN,,290267,2.00,,2113861700564
VKH,VKH-MAIN,,923955,1.00,HL1L12,2113861700618
VKH,VKH-MAIN,,942171,2.00,,2113861700625
VKH,VKH-MAIN,,119982,2.00,HL1L23,2113861700663
VKH,VKH-MAIN,,938276,14.00,,2113861700694
VKH,VKH-MAIN,,938275,5.00,HL1L12,2113861700700
VKH,VKH-MAIN,,152610,12.00,,2113861700717
VKH,VKH-MAIN,,175072,1.00,,2113861700724
VKH,VKH-MAIN,,2280,4.00,,2113861700748
VKH,VKH-MAIN,,2281,48.00,,2113861700755
VKH,VKH-MAIN,,2282 (583937),5.00,,2113861700762
VKH,VKH-MAIN,,265693,2.00,,2113861700823
VKH,VKH-MAIN,,28422,4.00,,2113861700847
VKH,VKH-MAIN,,343747,1.00,,2113861700878
VKH,VKH-MAIN,,922701,1.00,,2113861700977
VKH,VKH-MAIN,,923478,1.00,HL1L13,2113861700984
VKH,VKH-MAIN,,27432,2.00,,2113861701080
VKH,VKH-MAIN,,235146,2.00,,2113861701226
VKH,VKH-MAIN,,135007,2.00,,2113861701233
VKH,VKH-MAIN,,923583,1.00,,2113861701264
VKH,VKH-MAIN,,694323,5.00,,2113861701301
VKH,VKH-MAIN,,942158,1.00,HL1L23,2113861701325
VKH,VKH-MAIN,,942407,2.00,,2113861701332
VKH,VKH-MAIN,,257196,4.00,,2113861701455
VKH,VKH-MAIN,,422207,2.00,,2113861701646
VKH,VKH-MAIN,,696891,5.00,,2113861701660
VKH,VKH-MAIN,875775,875775,11.00,HL1L12,2113861701677
VKH,VKH-MAIN,,175073,1.00,,2113861701738
VKH,VKH-MAIN,,125631,2.00,,2113861701752
VKH,VKH-MAIN,,02-136717,2.00,,2113861701769
VKH,VKH-MAIN,,920307,1.00,,2113861701820
VKH,VKH-MAIN,,239371,2.00,,2113861701837
VKH,VKH-MAIN,,938273,4.00,HL1L12,2113861701844
VKH,VKH-MAIN,,311145,4.00,,2113861701851
VKH,VKH-MAIN,,938274,2.00,HL1L12,2113861701905
VKH,VKH-MAIN,,N210-5D,1.00,,2113861702063
VKH,VKH-MAIN,,941412,1.00,,2113861702223
VKH,VKH-MAIN,,280689,2.00,,2113861702285
VKH,VKH-MAIN,,233019,2.00,,2113861702414
VKH,VKH-MAIN,,283233,3.00,,2113861704807
VKH,VKH-MAIN,,98574,2.00,,2113861704852
VKH,VKH-MAIN,,357286,2.00,HL1L13,2113861705330
VKH,VKH-MAIN,,284155,2.00,,2113861705439
VKH,VKH-MAIN,,684782,2.00,,2113861706238
VKH,VKH-MAIN,,242079,4.00,,2113861706245
VKH,VKH-MAIN,,120128,1.00,HL1L23,2113861706306
VKH,VKH-MAIN,,206772,4.00,,2113861706375
VKH,VKH-MAIN,,237189,4.00,,2113861706481
VKH,VKH-MAIN,,923948,1.00,HL1L12,2113861706528
VKH,VKH-MAIN,,237151,6.00,,2113861706580
VKH,VKH-MAIN,,237150,2.00,,2113861706597
VKH,VKH-MAIN,,237149,3.00,,2113861706610
VKH,VKH-MAIN,,209555,3.00,,2113861706634
VKH,VKH-MAIN,,875773,5.00,HL1L12,2113861706979
VKH,VKH-MAIN,,942189,6.00,HL1L12,2113861707174
VKH,VKH-MAIN,,123760,5.00,,2113861707266
VKH,VKH-MAIN,,CM3N01-D-30,7.00,,2113861707372
VKH,VKH-MAIN,,2758048,1.00,,2113871700318
VKH,VKH-MAIN,,2758068,1.00,,2113871700325
VKH,VKH-MAIN,,276624,9.00,,2113871700356
VKH,VKH-MAIN,,276628,6.00,,2113871700578
VKH,VKH-MAIN,,319699,6.00,,2113871700585
VKH,VKH-MAIN,,617121,1.00,,2113871700684
VKH,VKH-MAIN,,617118,1.00,,2113871700721
VKH,VKH-MAIN,,363496,10.00,,2113871700752
VKH,VKH-MAIN,,458950 SB 02-111834,2.00,,2113871700790
VKH,VKH-MAIN,,617119,3.00,,2113871700806
VKH,VKH-MAIN,,617123,7.00,,2113871701155
VKH,VKH-MAIN,,363499,10.00,,2113871701438
VKH,VKH-MAIN,,102949,1.00,HL1L23,2113871702213
VKH,VKH-MAIN,,363498,2.00,,2113871705108
VKH,VKH-MAIN,,617120,26.00,,2113871705634
VKH,VKH-MAIN,P-WV-12L,P-WV-12L,16.00,,2113890900492
VKH,VKH-MAIN,P-WV-16S,P-WV-16S,2.00,,2113890900508
VKH,VKH-MAIN,P-GEV-20S-3/4NPT,P-GEV-20S-3/4NPT,2.00,,2113890900751
VKH,VKH-MAIN,P-GEV-38S-1-1/2NPT,P-GEV-38S-1-1/2NPT,1.00,,2113890900782
VKH,VKH-MAIN,P-R-38S,P-R-38S,1.00,,2113920900577
VKH,VKH-MAIN,,12MM,2.00,,2113930900185
VKH,VKH-MAIN,,MK-70-W/303SS TRIM,1.00,,2114212401932
VKH,VKH-MAIN,,02-102507,36.00,HL1L21,2114801700057
VKH,VKH-MAIN,,942165,1.00,,2114801700576
VKH,VKH-MAIN,,6406-000,8.00,SR-KB2,2115181107337
VKH,VKH-MAIN,,DT8P1-10-30-11,2.00,HL1L24,2115291709711
VKH,VKH-MAIN,,CIT-08-A1,9.00,HL1L09,2115292109084
VKH,VKH-MAIN,,CIT-10-A1,25.00,HL1L09,2115292109145
VKH,VKH-MAIN,,MSW-02-X,3.00,HL1L01,2115292109183
VKH,VKH-MAIN,,CIT-03-A1,6.00,HL1L09,2115292109190
VKH,VKH-MAIN,,CPDT-10-A2,1.00,HL1L08,2115292109220
VKH,VKH-MAIN,,MPW-02-A,3.00,HL1L01,2115292109275
VKH,VKH-MAIN,,MPW-03-A,3.00,HL1L01,2115292109282
VKH,VKH-MAIN,,MSP-03,1.00,HL1L01,2115292109305
VKH,VKH-MAIN,,MPA-06-A,2.00,HL1L08,2115292109411
VKH,VKH-MAIN,,MSP-02,2.00,HL1L01,2115292109435
VKH,VKH-MAIN,,CRG-03-A1,2.00,HL1L08,2115292109626
VKH,VKH-MAIN,,MPA-03-A,2.00,HL1L01,2115292109688
VKH,VKH-MAIN,,MSB-03-X,3.00,HL1L01,2115292109701
VKH,VKH-MAIN,,URG1-06-F-13-JA-J,1.00,HL1L40,2115301412174
VKH,VKH-MAIN,,RCT-03-F4-22-JA-S100J,1.00,HL1L40,2115301412440
VKH,VKH-MAIN,,TCG20-03-C-12,1.00,HL1L40,2115301413539
VKH,VKH-MAIN,,CT-10-FV-20-JA-J,1.00,HL1L40,2115301413560
VKH,VKH-MAIN,,CG3V-6FW-10,2.00,HL1L24,2115301712304
VKH,VKH-MAIN,,XCG2V-6AW-10,2.00,HL1L24,2115301712908
VKH,VKH-MAIN,,DGMC-5-PT-BH-B-30,1.00,HL1L23,2115301713172
VKH,VKH-MAIN,,RV3-16-S6G-50,1.00,HL1L23,2115301713684
VKH,VKH-MAIN,,RCG-03-B,1.00,HL1L07,2115302112585
VKH,VKH-MAIN,,BG-03-H,2.00,HL1L08,2115302112646
VKH,VKH-MAIN,,MBA-02-B-B-H,1.00,HL1L01,2115302113032
VKH,VKH-MAIN,,DT-01-C,3.00,HL1L05,2115302113599
VKH,VKH-MAIN,,RT-03-C,3.00,HL1L07,2115302113650
VKH,VKH-MAIN,,BSG-06-H-2B2-A256,1.00,HL1L03,2115302113698
VKM,VKM-MAIN,,72 12302 0801 00,1.00,HL4L39,2117591400046
VKM,VKM-MAIN,,71 10404 3801 00,1.00,HL4L39,2117591400060
VKM,VKM-MAIN,,71 10000 1021 00,1.00,HL4L30,2117591400114
VKM,VKM-MAIN,3100183,01 402 005500 90,4.00,HL4L30,2117591400152
VKM,VKM-MAIN,,71 10333 1025 00,1.00,HL4L30,2117591400213
VKM,VKM-MAIN,,71 10000 1014 00,4.00,HL4L30,2117591400244
VKM,VKM-MAIN,,01 401 004400 90,2.00,HL4L30,2117591400251
VKM,VKM-MAIN,,01 401 004200 90,2.00,HL4L30,2117591400268
VKM,VKM-MAIN,,72 10248 0190 11,3.00,HL4L30,2117591400329
VKM,VKM-MAIN,,71 10333 3052 00,2.00,HL4L30,2117591400435
VKM,VKM-MAIN,,71 10333 1239 00,1.00,,2117591400459
VKM,VKM-MAIN,,71 35600 3961 00,2.00,HL4L30,2117591400725
VKM,VKM-MAIN,,01 402 003500 90,3.00,HL4L30,2117591400831
VKM,VKM-MAIN,,01 401 002600 90,2.00,HL4L30,2117591400978
VKM,VKM-MAIN,,71 35604 5005 10,1.00,,2117591401043
VKM,VKM-MAIN,,FD-10-A,3.00,HL4L37,2117851400014
VKH,VKH-MAIN,,20040,1.00,HL4L29,2118431300038
VKH,VKH-MAIN,,1SN-04T,164.00,,2119090500289
VKH,VKH-MAIN,,1SN-06T,"4,264.00",,2119090500296
VKH,VKH-MAIN,,1SN-08T,"4,100.00",,2119090500302
VKH,VKH-MAIN,,1SN-12T,75.20,,2119090500319
VKH,VKH-MAIN,,1SN-10T,386.20,,2119090500326
VKH,VKH-MAIN,,2SN-04T,"10,988.00",,2119090500333
VKH,VKH-MAIN,,2SN-06T,"1,289.75",,2119090500340
VKH,VKH-MAIN,,2SN-12T,492.00,,2119090500364
VKH,VKH-MAIN,,2SN-16T,"3,444.00",,2119090500388
VKH,VKH-MAIN,,4SH-12T,9.10,,2119090500418
VKH,VKH-MAIN,,"1-1/2""DIA 4-WIRE",1.50,,2119091600230
VKH,VKH-MAIN,,BC-300-A,1.00,HL1L26,2119102100032
VKH,VKH-MAIN,,AC-200A,1.00,HL1L26,211910210006
VKH,VKH-MAIN,,BC-200S,1.00,HL1L27,211910210009
VKH,VKH-MAIN,,CFC-600A,1.00,HL1L26,211910210018
VKH,VKH-MAIN,,NAC-150A,1.00,HL1L27,211910210020
VKH,VKH-MAIN,,NAC-200A,1.00,HL1L27,211910210021
VKH,VKH-MAIN,,NFR-500-06A,1.00,HL1L27,2119102100513
VKH,VKH-MAIN,,NBR-400H,1.00,HL1L27,2119112100015
VKH,VKH-MAIN,,NBR-300,1.00,HL1L27,211911210006
VKH,VKH-MAIN,,NBL-400,2.00,HL1L27,2119122100012
VKH,VKH-MAIN,,BL-300,5.00,HL1L26,2119122100029
VKH,VKH-MAIN,,CL-600,2.00,HL1L26,2119122100036
VKH,VKH-MAIN,,NBL-200,7.00,HL1L27,2119122100074
VKH,VKH-MAIN,,NBL-300,2.00,HL1L27,2119122100081
VKH,VKH-MAIN,,NL-500-06A,1.00,HL1L27,2119122100098
VKH,VKH-MAIN,,BDV-400-A,7.00,HL1L26,2119142100023
VKH,VKH-MAIN,,CDV-600-A,1.00,HL1L26,2119142100054
VKH,VKH-MAIN,,DN-32-25-FA-CS32B*2,1.00,HL1L26,211915210005
VKH,VKH-MAIN,,DN-40-50-LB-CS32B*2,1.00,HL1L26,211915210006
VKH,VKH-MAIN,,DN-50-75,1.00,HL1L26,211915210007
VKH,VKH-MAIN,,FDA-30-75-LB,1.00,HL1L26,211915210013
VKH,VKH-MAIN,,JD-25-50-BS-SD2,1.00,HL1L27,211915210015
VKH,VKH-MAIN,,JD-40-75-S-SD2,1.00,HL1L27,211915210016
VKH,VKH-MAIN,,NA-12-5-B,1.00,HL1L25,211915210017
VKH,VKH-MAIN,,NA-16-10-B,1.00,HL1L27,211915210018
VKH,VKH-MAIN,,ND-16-25-ST2,1.00,HL1L27,211915210019
VKH,VKH-MAIN,,RTM-30-180-C-SD2,1.00,HL1L27,211915210020
VKH,VKH-MAIN,,RTM-30-90-C-SD2,1.00,HL1L27,211915210021
VKH,VKH-MAIN,,SBA-10-60-SB2,1.00,HL1L27,211915210022
VKH,VKH-MAIN,,SBR-06-30-SA2,1.00,HL1L27,211915210025
VKH,VKH-MAIN,,SDA-12-50-SA2,1.00,HL1L26,211915210026
VKH,VKH-MAIN,,TD-25-200-SE2,1.00,HL1L27,211915210028
VKH,VKH-MAIN,,RTP-10-180,1.00,HL1L27,2119152100549
VKH,VKH-MAIN,,CJ-M10 X 1.25,6.00,HL1L26,2119152100587
VKH,VKH-MAIN,PU TUBE 8X12MM,PU1280-BLUE,195.00,SR-KD2,2119162100034
VKH,VKH-MAIN,,PU0425-BLACK,255.00,,211916210004
VKH,VKH-MAIN,,PU0425-BLUE,205.00,,211916210005
VKH,VKH-MAIN,,PU0640-BLACK,178.00,,211916210006
VKH,VKH-MAIN,,PU0640-BLUE,193.00,,211916210007
VKH,VKH-MAIN,,PU0640-TRANSPARENT,313.00,,211916210008
VKH,VKH-MAIN,,PU0850-BLACK,70.00,SR-KD2,211916210009
VKH,VKH-MAIN,,PU0850-BLUE,20.50,,211916210010
VKH,VKH-MAIN,,PU1065-BLACK,227.06,SR-KD2,211916210011
VKH,VKH-MAIN,,PU1065-BLUE,160.00,,211916210012
VKH,VKH-MAIN,,PU1280-BLACK,112.00,SR-KD2,211916210013
VKH,VKH-MAIN,,PU1280-TRANSPARENT,480.00,,2119162100140
VKH,VKH-MAIN,,PU1065-TRANSPARENT,26.50,,2119162100157
VKH,VKH-MAIN,,PU0850-TRANSPARENT,132.00,SR-KD1,2119162100164
VKO,VKO-MAIN,,700551118,10.00,HL4L31,2119171700027
VKO,VKO-MAIN,,700551134,20.00,HL4L31,2119171700034
VKO,VKO-MAIN,,700551257,2.00,HL4L31,2119171700065
VKO,VKO-MAIN,,700520249,1.00,HL4L31,2119171700119
VKO,VKO-MAIN,,700520248,2.00,HL4L31,2119171700126
VKO,VKO-MAIN,,BC-505-S,2.00,HL4L31,2119171700140
VKO,VKO-MAIN,,700550057,1.00,,2119171700164
VKO,VKO-MAIN,,700550766,26.00,HL4L31,2119171700249
VKO,VKO-MAIN,,700550681,4.00,HL4L31,2119171700256
VKO,VKO-MAIN,,700550680,4.00,HL4L31,2119171700263
VKO,VKO-MAIN,,700550746,12.00,HL4L31,2119171700287
VKO,VKO-MAIN,,700550748,6.00,HL4L31,2119171700294
VKO,VKO-MAIN,,700551104,8.00,HL4L31,2119171700355
VKO,VKO-MAIN,,700551036,3.00,HL4L31,2119171700409
VKO,VKO-MAIN,,700550003,1.00,HL4L31,2119171700423
VKO,VKO-MAIN,,700550631,2.00,HL4L31,2119171700492
VKO,VKO-MAIN,,700520205,9.00,HL4L31,2119171700508
VKO,VKO-MAIN,,700680032,3.00,HL4L31,2119171700546
VKO,VKO-MAIN,,700680049,5.00,HL4L31,2119171700553
VKO,VKO-MAIN,,700680013,5.00,HL4L31,2119171700560
VKO,VKO-MAIN,,700680060,1.00,HL4L31,2119171700577
VKO,VKO-MAIN,,700540120,1.00,HL4L31,2119171700584
VKO,VKO-MAIN,,700550756,1.00,HL4L31,2119171700591
VKO,VKO-MAIN,,700550755,1.00,HL4L31,2119171700607
VKO,VKO-MAIN,,700650055,1.00,HL4L31,2119171700614
VKO,VKO-MAIN,,700680113,9.00,HL4L31,2119171700645
VKO,VKO-MAIN,,700551159,2.00,HL4L31,2119171700652
VKO,VKO-MAIN,,700060107,1.00,HL4L31,2119171700690
VKO,VKO-MAIN,,700650264,3.00,HL4L31,2119171700744
VKO,VKO-MAIN,,700551035,1.00,HL4L31,2119171700799
VKO,VKO-MAIN,,700551151,1.00,HL4L31,2119171700843
VKO,VKO-MAIN,,BJ 072,1.00,HL4L31,2119171700867
VKO,VKO-MAIN,,700551312,1.00,HL4L31,2119171700881
VKO,VKO-MAIN,,700540353,2.00,HL4L31,2119171700935
VKO,VKO-MAIN,,700540382,1.00,HL4L31,2119171700942
VKO,VKO-MAIN,,700550906,1.00,,2119171700966
VKO,VKO-MAIN,,700551338,4.00,HL4L31,2119171700997
VKO,VKO-MAIN,,700540387,2.00,HL4L31,2119171701024
VKO,VKO-MAIN,,700540477,2.00,HL4L31,2119171701239
VKO,VKO-MAIN,,700551332,1.00,HL4L31,2119171701246
VKO,VKO-MAIN,,700551453,1.00,HL4L31,2119171701277
VKO,VKO-MAIN,,BC-524,1.00,HL4L31,2119171701376
VKO,VKO-MAIN,,BC 506,2.00,HL4L31,2119171701383
VKO,VKO-MAIN,,BC 520,2.00,HL4L31,2119171701420
VKO,VKO-MAIN,,700550097,2.00,,2119171701437
VKO,VKO-MAIN,,700540306,2.00,HL4L31,2119171701451
VKO,VKO-MAIN,,700530164,1.00,HL4L31,2119171701574
VKO,VKO-MAIN,,700530475,1.00,HL4L31,2119171701598
VKH,VKH-MAIN,,M7.5P4H624,1.00,,2119742100010
VKH,VKH-MAIN,,236088,1.00,,2119751700010
CT,CT-MAIN,,BOLINE HP - 0.25MM,1.00,,2120000503405
CT,CT-MAIN,,BOLINE FG - 0.25MM,1.00,,2120000503412
CT,CT-MAIN,,EM45RL4S010,7.00,,2120000508950
CT,CT-MAIN,,EM45RL4S040,1.00,,2120000508981
CT,CT-MAIN,,EM45RL4S050,4.00,,2120000508998
CT,CT-MAIN,,EM45RL4S060,5.00,,2120000509001
CT,CT-MAIN,,EM45RL4S100,4.00,,2120000509025
CT,CT-MAIN,,EM45RL4S120,2.00,,2120000509032
CT,CT-MAIN,,285 X 1.5 X 1.25 X 40 X 60Z,1.00,,2120000519758
CT,CT-MAIN,,PCD REAMER D10-L105,7.00,,2120000583605
CT,CT-MAIN,,RTC-100P,5.00,,2120000584916
CT,CT-MAIN,,20-206-10-002,1.00,,2120000715006
CT,CT-MAIN,,20-204-10-000,2.00,,2120000715037
CT,CT-MAIN,,20-213-30-108,1.00,,2120000715044
CT,CT-MAIN,,20-213-30-051,1.00,,2120000715068
CT,CT-MAIN,,20-213-30-047,5.00,,2120000715075
CT,CT-MAIN,,20-201-30-003 (DISPLAY UNIT),1.00,,2120000715228
CT,CT-MAIN,,20-211-30-021,2.00,,2120000715235
CT,CT-MAIN,,20-213-30-090,1.00,,2120000715242
CT,CT-MAIN,,20-211-10-014,1.00,,2120000715280
CT,CT-MAIN,,20-213-30-056,2.00,,2120000716287
CT,CT-MAIN,,20-213-30-005,3.00,,2120000719530
CT,CT-MAIN,,LL81201,4.00,,2120000794247
CT,CT-MAIN,,DUSTTRAK,1.00,,2120000796111
CT,CT-MAIN,701119743,ZH19.05-83 19.05 X 70,3.00,,2120000923531
CT,CT-MAIN,,7307-005,5.00,,2120000977404
CT,CT-MAIN,,1041519102 990,50.00,,2120000992957
CT,CT-MAIN,,1041532102 990,42.00,,2120000992971
CT,CT-MAIN,,1041542102 990,34.00,,2120000992988
CT,CT-MAIN,,80.148.00.01,9.00,,2120001105950
CT,CT-MAIN,,40.840.1/2Z.4,1.00,,2120001106339
CT,CT-MAIN,,E25.180.03,1.00,,2120001107664
CT,CT-MAIN,,80.152.14.2,1.00,,2120001109125
CT,CT-MAIN,,80.152.25.2,1.00,,2120001109132
CT,CT-MAIN,,80.152.06.2,1.00,,2120001175526
CT,CT-MAIN,,86.200.07,1.00,,2120001185686
CT,CT-MAIN,,86.200.08,1.00,,2120001185693
CT,CT-MAIN,,80.143.00,1.00,,2120001190475
CT,CT-MAIN,5560538,WNMG 432 M3M IC6015,10.00,,2120001200020
CT,CT-MAIN,3103853,MM S-A-L3.00-W1.00-T12,1.00,,2120001200075
CT,CT-MAIN,3104223,HCM D20/.75-MMT12,1.00,,2120001200082
CT,CT-MAIN,1792146,MM TS1.0-H.281A-06T10 *928,67.00,,2120001200204
CT,CT-MAIN,1792511,MM TS.439-50D-4T06 *908,21.00,,2120001200211
CT,CT-MAIN,6154607,SCD 039-029-060 ACP5N IC908,2.00,,2120001200525
CT,CT-MAIN,2302400,TGTR 19-2JHP,1.00,,2120001200549
CT,CT-MAIN,1792188,MM TS.650-H.157G-6T05 *IC928,18.00,,2120001200624
CT,CT-MAIN,5700454,DCMT 3-1D ID5,1.00,,2120001200730
CT,CT-MAIN,5569381,SNMG 432-M3M IC807,5.00,,2120001200990
CT,CT-MAIN,5550498,VCMT 331 SM IC807,2.00,,2120001201867
CT,CT-MAIN,5508139,TPMR 322 PF IC8250,10.00,,2120001202420
CT,CT-MAIN,5506134,LNMX 150612R-HT IC3028,5.00,,2120001202444
CT,CT-MAIN,5567335,HCP 100-IQ IC908,1.00,,2120001203830
CT,CT-MAIN,5507836,CNMG 432 NF IC8150,8.00,,2120001205148
CT,CT-MAIN,4305312,SR 14-591-M,35.00,,2120001205346
CT,CT-MAIN,7002718,DK 17-307,5.00,,2120001205612
CT,CT-MAIN,7002122,SR M4X14 DIN912,5.00,,2120001205872
CT,CT-MAIN,5509501,WBMT 520L IC830,10.00,,2120001206206
CT,CT-MAIN,2301321,DGTL 2012-2,1.00,,2120001206299
CT,CT-MAIN,3487864,WNGP 221L-F2M IC908,160.00,,2120001210685
CT,CT-MAIN,3333363,SCIR 22-BRA00-05K8 IC07,10.00,,2120001220837
CT,CT-MAIN,5510185,DNMG 432 M3M IC6025,7.00,,2120001272614
CT,CT-MAIN,"2302303
",PCHBL 32-34R,1.00,,2120001272669
CT,CT-MAIN,"5508504
",WNMX 080712-HTW IC8150,5.00,,2120001272768
CT,CT-MAIN,"5507915
",CNMX 452-M4PW IC8150,2.00,,2120001275004
CT,CT-MAIN,"5507914
",CNMX 452-M4PW IC8250,8.00,,2120001275011
CT,CT-MAIN,"5507995
",WNMX 080708-M4PW IC8150,1.00,,2120001275288
CT,CT-MAIN,"6405410
",TIGER 1615Y-IQ IC808,8.00,,2120001276636
CT,CT-MAIN,"6405194
",MIGR 8-2.00-0.10 IC908,2.00,,2120001278258
CT,CT-MAIN,"5607795
",P290 ACKT 1806PDR-FW IC808,4.00,,2120001278265
CT,CT-MAIN,"7002207
",SR M5X6-PF,3.00,,2120001280053
CT,CT-MAIN,5567466,CNMG 160616-M3P IC8250,7.00,,2120001280312
CT,CT-MAIN,"5506383
",IVSN 323,1.00,,2120001281395
CT,CT-MAIN,"5507723
",CNMA 433 IC5005,20.00,,2120001281784
CT,CT-MAIN,"2802008
",SCHR 10-22BF,1.00,,2120001282101
CT,CT-MAIN,"3602129
",E12 SDUCL-07 HEAD,2.00,,2120001282279
CT,CT-MAIN,"5566838
",TNMG 332-F3P IC8250,20.00,,2120001285270
CT,CT-MAIN,"4505969
",ADJ BT40 D70 ER32,1.00,,2120001286109
CT,CT-MAIN,"7005583

",SR 40085I,2.00,,2120001286291
CT,CT-MAIN,"5509055

",WNMX 080708-M4MW IC8250,5.00,,2120001287915
CT,CT-MAIN,6405114,GIPI 1.57-0.15 IC808,3.00,,2120001288295
CT,CT-MAIN,"6403077
",MM GRIT 22K-5.25-0.20 IC528,2.00,,2120001288301
CT,CT-MAIN,"6200300
",HFPR 3003 IC808,3.00,,2120001289124
CT,CT-MAIN,"5591719
",VCGT 130302-PF IC3028,7.00,,2120001289148
CT,CT-MAIN,"4517011
",PS SK40 15 M16 DINB,1.00,,2120001289292
CT,CT-MAIN,"5508546
",SNMG 432 GN IC8350,5.00,,2120001289377
CT,CT-MAIN,"6402706
",GPV 4-3.56-1 IC9054,5.00,,2120001289704
CT,CT-MAIN,"5550459
",TNMG 331 GN IC5005,8.00,,2120001289858
CT,CT-MAIN,7065045,AE 16M,1.00,,2120001290199
CT,CT-MAIN,"4304810
",SR 14-500-L5.9,2.00,,2120001290793
CT,CT-MAIN,"6410064
",SCIR 22-ER00-07K10 IC1008,20.00,,2120001292018
CT,CT-MAIN,"6003383
",PENTA 24R100P15D IC1008,4.00,,2120001292346
CT,CT-MAIN,"5603241
",MM TS250-H50D-06T08 IC328,1.00,,2120001292698
CT,CT-MAIN,"5506328
",SNMG 432 VL IC907,1.00,,2120001292711
CT,CT-MAIN,6200314,HFPR 6004 IC808,1.00,,2120001293725
CT,CT-MAIN,3106666,H690 E90AX D25-3-W25-10,1.00,,2120001294166
CT,CT-MAIN,6405195,MIGR 8-2.00-1.00 IC908,5.00,,2120001295217
CT,CT-MAIN,5668952,IQ845 SYHU 070400ADTN5100,5.00,,2120001295873
CT,CT-MAIN,5506640,ICP 180 IC908,4.00,,2120001296153
CT,CT-MAIN,6154713,SCD 036-014-060 AP3N IC908,2.00,,2120001296207
CT,CT-MAIN,5603153,SOMT 060204-HQ IC908,15.00,,2120001296269
CT,CT-MAIN,6405403,SCIR 22-100N-00 IC1008,1.00,,2120001296412
CT,CT-MAIN,5650724,EC-A4 04-30C04E75 IC08,5.00,,2120001296801
CT,CT-MAIN,5604413,HBR D.38-QF IC908,16.00,,2120001296924
CT,CT-MAIN,5604287,HBR D.75-QF IC908,8.00,,2120001296948
CT,CT-MAIN,7005377,SR M3.5-08134,3.00,,2120001297709
CT,CT-MAIN,3311632,FCP 069 IC908,2.00,,2120001297907
CT,CT-MAIN,5567497,SNMG 432 M3P IC8250,5.00,,2120001297945
CT,CT-MAIN,5566803,SNMM 432 R3P IC8250,5.00,,2120001297952
CT,CT-MAIN,5667650,EB-A2 03-30C03E75 IC08,3.00,,2120001298034
CT,CT-MAIN,5669471,MT LNHU 1403 I0.50 ISO 908,2.00,,2120001299093
CT,CT-MAIN,5567367,CCMT 2-1-14 IC830,5.00,,2120001299352
CT,CT-MAIN,5604819,HP ANKW 070204PNTR IC928,20.00,,2120001299369
CT,CT-MAIN,5604342,HP ANCT 070204PN-R IC808,7.00,,2120001299376
CT,CT-MAIN,5592169,VNMG 2.5-1-NF IC530N,6.00,,2120001299390
CT,CT-MAIN,5550482,TPMR 322 IC807,10.00,,2120001299437
CT,CT-MAIN,5508073,DCMT 3-1 PF IC8250,5.00,,2120001299598
CT,CT-MAIN,6154777,SCD 100-035-100 AP3N IC908,2.00,,2120001299833
CT,CT-MAIN,5567495,SNMG 432 M3P IC8150,5.00,,2120001299963
CT,CT-MAIN,,PYN40CMG,2.00,,2120001401601
CT,CT-MAIN,6710243,DNMG110404E-TSF GT9530,10.00,,2120001403025
CT,CT-MAIN,6716249,JSDJ2CL1212F07,4.00,,2120001403261
CT,CT-MAIN,6865027,TPMT090204-PS T9125,60.00,,2120001405111
CT,CT-MAIN,6864751,VNMG160408-33 T9125,8.00,,2120001405463
CT,CT-MAIN,6882746,CNMG120408-DM T9135,7.00,,2120001406279
CT,CT-MAIN,6886352,XPMT08T308R-DG AH725,8.00,,2120001406286
CT,CT-MAIN,6734710,TCP18R200F-010 SH725,4.00,,2120001406583
CT,CT-MAIN,6837559,TPGT070104-JS SH730,8.00,,2120001407108
CT,CT-MAIN,6806727,SNMG120408 TH10,9.00,,2120001407580
CT,CT-MAIN,"6737176
",JTGR3095F SH725,10.00,,2120001407962
CT,CT-MAIN,6800832,8GR200 UX30,8.00,,2120001408112
CT,CT-MAIN,6800835,8GR250 UX30,8.00,,2120001408129
CT,CT-MAIN,6857017,DCGT11T302N-JS AH725,400.00,HR2L16,2120001410023
CT,CT-MAIN,MES2019211,RNGN120700T02025 PT600M,50.00,,2120001410580
CT,CT-MAIN,"6862191
",CCGT03X102L-W08 SH730,5.00,,2120001411877
CT,CT-MAIN,"6802581
",CSTB-4SD,5.00,,2120001412614
CT,CT-MAIN,,250 X 6.5 X 50.8 GC180,1.00,,2120001412805
CT,CT-MAIN,6777847,JXPG20R15F-15 SH725,4.00,,2120001413253
CT,CT-MAIN,,BBT30-HDC6S-90,1.00,,2120001414595
CT,CT-MAIN,,COBALT8 34 X 1.1-2/3T,96.50,,2120001417152
CT,CT-MAIN,6839630,LJ-15.723L220S19.05 G2F,3.00,,2120001418937
CT,CT-MAIN,6839626,LJ-15.723L240S19.05 G2F,3.00,,2120001418944
CT,CT-MAIN,6772174,CNMG090408E-TM T9215,10.00,,2120001419606
CT,CT-MAIN,6998354,TPMT130304-PF GT9530,5.00,,2120001420336
CT,CT-MAIN,6805208,3QP-TPGW110302 BXM20,10.00,,2120001420718
CT,CT-MAIN,,SVG 54 X 1.6 X 10220-2/3T,10.00,,2120001421296
CT,CT-MAIN,"6781046
",DCMT070204-PS T9225,10.00,,2120001422026
CT,CT-MAIN,,V-ADPF30-0120,10.00,,2120001422095
CT,CT-MAIN,,ADRL-0156,2.00,,2120001422941
CT,CT-MAIN,,ADRL-0140,2.00,,2120001422958
CT,CT-MAIN,,ADRL-0272,2.00,,2120001422965
CT,CT-MAIN,,ADRL-0239,2.00,,2120001422972
CT,CT-MAIN,,ADRL-0077,2.00,,2120001422989
CT,CT-MAIN,,V-ADS-0160,2.00,,2120001422996
CT,CT-MAIN,"6802819
",DCGT11T301FL-J10 TH10,10.00,,2120001423054
CT,CT-MAIN,6857018,DCGT11T304N-JS AH725,13.00,,2120001423061
CT,CT-MAIN,6734686,TCP18R050F-005 SH725,10.00,,2120001423092
CT,CT-MAIN,6723946,J10ER005B J9530,5.00,,2120001423115
CT,CT-MAIN,6723563,DGG200-020 KS05F,10.00,,2120001423160
CT,CT-MAIN,6861045,JBFR07110100-D060 SH730,3.00,,2120001423184
CT,CT-MAIN,6859915,16IRA60 TH10,5.00,,2120001423221
CT,CT-MAIN,5651086,TEC010A2-03C04-E50 AH725,5.00,,2120001423252
CT,CT-MAIN,5620753,TECA060B2-16C06-57 KS15F,2.00,,2120001423269
CT,CT-MAIN,5651087,TEC015A2-045C04-E50 AH725,2.00,,2120001423276
CT,CT-MAIN,5651088,TEC020A2-08C02-E32 AH725,2.00,,2120001423283
CT,CT-MAIN,5667675,TEC040A2-12C04-E50 AH725,2.00,,2120001423290
CT,CT-MAIN,6860611,DTIU300-150 AH725,5.00,,2120001472397
CT,CT-MAIN,"6811500
",VBGT110301FR-J10 TH10,5.00,,2120001472564
CT,CT-MAIN,"6804982
",JTGR3075F TH10,5.00,,2120001472571
CT,CT-MAIN,"6805016
",JTTR3005F TH10,5.00,,2120001472588
CT,CT-MAIN,"6811261
",JXBR8010F TH10,5.00,,2120001472595
CT,CT-MAIN,,ST16-BFM10/17.5-25,1.00,,2120001474865
CT,CT-MAIN,6998097,TNMG160404-TSF GT9530,3.00,,2120001475756
CT,CT-MAIN,6998101,TNMG160404-ZF GT9530,3.00,,2120001475763
CT,CT-MAIN,6883389,TCS27-200-6R AH725,2.00,,2120001475794
CT,CT-MAIN,6998372,TPMT110304-PS GT9530,3.00,,2120001475954
CT,CT-MAIN,6998358,TPMT110304-PSF GT9530,3.00,,2120001475961
CT,CT-MAIN,,SVG 19 X .90 X 4090-4/6T-L,2.00,,2120001478078
CT,CT-MAIN,"6802565
",CSTB-2.5S,1.00,,2120001478436
CT,CT-MAIN,"6844062
",DSM0100G10 YH170,5.00,,2120001481696
CT,CT-MAIN,6801331,CCGT09T302L-W20 NS530,6.00,,2120001481986
CT,CT-MAIN,"6802831
",DCGT11T302FR-J10 J740,7.00,,2120001482082
CT,CT-MAIN,"6801330
",CCGT09T302L-W20 GT530,6.00,,2120001482457
CT,CT-MAIN,"6997904
",CCGT09T302L-W20 NS9530,6.00,,2120001482464
CT,CT-MAIN,"6801322
",CCGT09T302FL-J10 J740,3.00,,2120001482471
CT,CT-MAIN,"6865341

",TCMT16T304-PM T9125,5.00,,2120001482808
CT,CT-MAIN,"6865100
",TCMT16T304-24 T9125,5.00,,2120001482815
CT,CT-MAIN,"6712852
",JPWL2XR1010X04,2.00,,2120001483614
CT,CT-MAIN,6862301,E05G-SEXPR04-D055,1.00,,2120001483867
CT,CT-MAIN,6801349,CCGT09T308L-W20 GT530,6.00,,2120001483942
CT,CT-MAIN,6801350,CCGT09T308L-W20 NS530,6.00,,2120001483959
CT,CT-MAIN,6862183,EPGT03X102L-W08 SH730,5.00,,2120001484086
CT,CT-MAIN,6803228,DNGN150708 LX11,10.00,,2120001484130
CT,CT-MAIN,6862128,TPGT070101L-W08 SH730,6.00,,2120001484291
CT,CT-MAIN,6837557,TPGT070101-JS SH730,6.00,,2120001484307
CT,CT-MAIN,,J10ER005BF M10MB,6.00,,2120001484383
CT,CT-MAIN,6819949,SNMG120408-NS T9025,5.00,,2120001485458
CT,CT-MAIN,"6807710
",TCGT16T304L-W15 NS530,5.00,,2120001485465
CT,CT-MAIN,"6807713
",TCGT16T304-SS NS530,5.00,,2120001485472
CT,CT-MAIN,6859298,VTB160W4.00R04-06S06GH130,1.00,,2120001485700
CT,CT-MAIN,6852685,ACS-5W,1.00,,2120001486608
CT,CT-MAIN,6805077,LCS3,30.00,,2120001486646
CT,CT-MAIN,YP93400034,PRSW-3101 G1F,1.00,,2120001486783
CT,CT-MAIN,YP93400498,PRSW-1701A G1F,2.00,,2120001486806
CT,CT-MAIN,6805034,2QP-CCGW060204 BXM20,10.00,,2120001486943
CT,CT-MAIN,,SG12-3,3.00,,2120001487193
CT,CT-MAIN,5902389,16IRA60-B AH725,26.00,,2120001487865
CT,CT-MAIN,"6862137
",TPGT070102L-W08 SH730,6.00,,2120001488404
CT,CT-MAIN,"6997908
",CCGT09T308L-W20 NS9530,6.00,,2120001488619
CT,CT-MAIN,6827553,SNMG120408-SH T6130,10.00,,2120001488954
CT,CT-MAIN,"6811506
",VBGT110302FR-J10 J740,2.00,,2120001488978
CT,CT-MAIN,"6802820
",DCGT11T301FR-J10 J740,7.00,,2120001488985
CT,CT-MAIN,6831014,SNMG120408-TM T9135,5.00,,2120001489357
CT,CT-MAIN,"6985462

",SNMG120408 T9135,5.00,,2120001489364
CT,CT-MAIN,,405 X 3.0 X 2.4 X 25.4 X 120,1.00,,2120001489395
CT,CT-MAIN,6821987,GBR32250 AH710,6.00,,2120001490070
CT,CT-MAIN,6705526,GBR32250 NS9530,6.00,,2120001490087
CT,CT-MAIN,6997864,CCGT09T302L-W20 GT9530,20.00,,2120001490216
CT,CT-MAIN,6804999,JTGR3150F J740,6.00,,2120001490346
CT,CT-MAIN,6723922,JTGR3150F NS9530,6.00,,2120001490353
CT,CT-MAIN,6805011,JTGR3250F J740,6.00,,2120001490360
CT,CT-MAIN,6723924,JTGR3250F NS9530,6.00,,2120001490377
CT,CT-MAIN,"6998034
",EPGT040102R-W08 NS9530,8.00,,2120001490643
CT,CT-MAIN,6745525,JTGR3250F-R0.20 J740,20.00,,2120001491053
CT,CT-MAIN,"6864892
",VCMT080204-PSF AH725,4.00,,2120001491213
CT,CT-MAIN,6805275,MCS625-3,4.00,,2120001491251
CT,CT-MAIN,"6997811
",SNGG090308L-B NS9530,20.00,,2120001491343
CT,CT-MAIN,6801311,CCGT09T301FL-J10 J740,5.00,,2120001491725
CT,CT-MAIN,,NBC 10-6.5 AA,1.00,,2120001491930
CT,CT-MAIN,"6864249
",SNMG120408-DM T9125,5.00,,2120001492487
CT,CT-MAIN,6734022,JTGR3075F-010 SH725,8.00,,2120001493248
CT,CT-MAIN,"6734026
",JTGR3095F-010 SH725,8.00,,2120001493255
CT,CT-MAIN,"6837456
",CCGT04T102-JS SH730,5.00,,2120001494269
CT,CT-MAIN,"6816116
",JVGR050F J740,8.00,,2120001494337
CT,CT-MAIN,"6995264
",DXGU070302L-SS AH725,6.00,,2120001494351
CT,CT-MAIN,"6816157
",JXT2R6000F J740,5.00,,2120001494368
CT,CT-MAIN,6164598,JCTEL1212F2T12,1.00,,2120001494429
CT,CT-MAIN,"6860333
",DGM2-020-8L AH725,8.00,,2120001494788
CT,CT-MAIN,6822281,DCGT11T302-AL KS05F,10.00,,2120001494979
CT,CT-MAIN,6734043,JTGR3250F-010 SH725,10.00,,2120001495938
CT,CT-MAIN,,34-RAC70-85E,1.00,,2120001497130
CT,CT-MAIN,,Q26-DJ3-40A,1.00,,2120001497161
CT,CT-MAIN,,NBT50-C25-135G,1.00,,2120001497208
CT,CT-MAIN,,BT50-VC13-105,1.00,,2120001497222
CT,CT-MAIN,,BT30-VC13-90,1.00,,2120001497239
CT,CT-MAIN,,BT30-VC6-90,1.00,,2120001497246
CT,CT-MAIN,,BT50-SK25-105,1.00,,2120001497314
CT,CT-MAIN,,BT50-MMC8-195,1.00,,2120001497376
CT,CT-MAIN,,BT30-MMC8-75-AT,1.00,,2120001497406
CT,CT-MAIN,,BBT30-HDC6J-90,1.00,,2120001498106
CT,CT-MAIN,,C8-HMC25-85,1.00,,2120001498182
CT,CT-MAIN,,15TR45-MGT3-60,1.00,,2120001498212
CT,CT-MAIN,,MGT6-M6U1/4-200,1.00,,2120001498236
CT,CT-MAIN,,C4-MEGA6S-90T,1.00,,2120001498885
CT,CT-MAIN,,MGT 6-NO. 12-1.25,1.00,,2120001499158
CT,CT-MAIN,,SC40,4.00,,2120001499578
CT,CT-MAIN,,D1102440K,2.00,,2120001504135
CT,CT-MAIN,,D1102340K,4.00,,2120001504142
CT,CT-MAIN,,D1102560K,4.00,,2120001506597
CT,CT-MAIN,,D1102660K,4.00,,2120001506603
CT,CT-MAIN,,EM865020,2.00,,2120001507617
CT,CT-MAIN,,DL504040,5.00,,2120001507624
CT,CT-MAIN,,D1102550K,4.00,,2120001507921
CT,CT-MAIN,,T2809372-C,15.00,,2120001510457
CT,CT-MAIN,,D5315060,1.00,,2120001511270
CT,CT-MAIN,,C1139060,15.00,,2120001512246
CT,CT-MAIN,,C1139070,15.00,,2120001512253
CT,CT-MAIN,,C1139100,20.00,,2120001512260
CT,CT-MAIN,,C1139124,20.00,,2120001512277
CT,CT-MAIN,,T2829202-C,8.00,HR2L15,2120001513120
CT,CT-MAIN,,T2829282-C,7.00,HR2L15,2120001513137
CT,CT-MAIN,"EMB95140KN
",EMC52140,2.00,,2120001586407
CT,CT-MAIN,,E5910120,1.00,,2120001598257
CT,CT-MAIN,,E5E47100,1.00,,2120001598271
CT,CT-MAIN,,E5E48100,1.00,,2120001598288
CT,CT-MAIN,,E5E51080,1.00,,2120001598295
CT,CT-MAIN,,EHE55160,1.00,,2120001598301
CT,CT-MAIN,,G8A28050,1.00,,2120001598318
CT,CT-MAIN,,G8A39913,1.00,,2120001598325
CT,CT-MAIN,,G8A46944,1.00,,2120001598332
CT,CT-MAIN,,G8A60907,1.00,,2120001598349
CT,CT-MAIN,,GAE53140,1.00,,2120001598363
CT,CT-MAIN,,GMG24120,1.00,,2120001598370
CT,CT-MAIN,,GMG28160,1.00,,2120001598387
CT,CT-MAIN,,GMG40914,1.00,,2120001598394
CT,CT-MAIN,,GUF39060,1.00,,2120001598400
CT,CT-MAIN,,GUF39080,1.00,,2120001598417
CT,CT-MAIN,,GUF39100,1.00,,2120001598424
CT,CT-MAIN,,GUF40100,1.00,,2120001598431
CT,CT-MAIN,,GUF40120,1.00,,2120001598448
CT,CT-MAIN,,SEME62030050230E,1.00,,2120001598455
CT,CT-MAIN,,XSEMD98200,1.00,,2120001598462
CT,CT-MAIN,,XSEME01100010,1.00,,2120001598479
CT,CT-MAIN,,XSEME59120,1.00,,2120001598486
CT,CT-MAIN,,XSEME68160050,1.00,,2120001598493
CT,CT-MAIN,,T2829573,1.00,,2120001598516
CT,CT-MAIN,,DGR493090,1.00,,2120001598530
CT,CT-MAIN,,DGR495100,1.00,,2120001598547
CT,CT-MAIN,,DGR495120,1.00,,2120001598554
CT,CT-MAIN,,DPPS93497,1.00,,2120001598561
CT,CT-MAIN,,DPPS93500,1.00,,2120001598578
CT,CT-MAIN,,DPPS93505,1.00,,2120001598585
CT,CT-MAIN,,TKS35506,1.00,,2120001598615
CT,CT-MAIN,,TTS33426,1.00,,2120001598639
CT,CT-MAIN,,TTS37426,1.00,,2120001598646
CT,CT-MAIN,,GYF94120,1.00,,2120001598653
CT,CT-MAIN,,GYF95100,1.00,,2120001598660
CT,CT-MAIN,,GYF97060,1.00,,2120001598677
CT,CT-MAIN,,GYF98060,1.00,,2120001598684
CT,CT-MAIN,,GYF99160,1.00,,2120001598691
CT,CT-MAIN,,GYG52100,1.00,,2120001598707
CT,CT-MAIN,,ZMS2001200,1.00,,2120001598714
CT,CT-MAIN,,EP924180,1.00,,2120001598738
CT,CT-MAIN,,SEM84502018E,1.00,,2120001598745
CT,CT-MAIN,,SEME7110035E,1.00,,2120001598769
CT,CT-MAIN,,SEME75120E,1.00,,2120001598783
CT,CT-MAIN,,GMF66060,1.00,,2120001598790
CT,CT-MAIN,,GMF66080,1.00,,2120001598806
CT,CT-MAIN,,GMF66100,1.00,,2120001598813
CT,CT-MAIN,,GMF66120,1.00,,2120001598820
CT,CT-MAIN,,GMF66160,1.00,,2120001598837
CT,CT-MAIN,,GMF86080,1.00,,2120001598844
CT,CT-MAIN,,GMF87060,1.00,,2120001598851
CT,CT-MAIN,,GMF88060,1.00,,2120001598868
CT,CT-MAIN,,GMG71100,1.00,,2120001598875
CT,CT-MAIN,,BP - MF MADE - STEEL (EROWA),2.00,,2120001603784
CT,CT-MAIN,,BP - MF MADE - AL (EROWA),1.00,,2120001603791
CT,CT-MAIN,,FILTERMIST STAND 02  (300 MM),1.00,,2120001604019
CT,CT-MAIN,,BJ-2019001,3.00,,2120001612281
CT,CT-MAIN,,MFB-DNY,3.00,,2120001614582
CT,CT-MAIN,,PIE CHUCK 100MM,2.00,,2120001617088
CT,CT-MAIN,,NACHI DRILL - 1MM,7.00,,2120001680235
CT,CT-MAIN,,TRANSFORMER 15 KVA,1.00,,2120001683540
CT,CT-MAIN,,D101 0150,1.00,,2120001685384
CT,CT-MAIN,,50 X 30 X 120 DEG,1.00,,2120001695284
CT,CT-MAIN,,72567-IP8-10,5.00,,2120001697110
CT,CT-MAIN,,BP - MF MADE - AL,1.00,,2120001697875
CT,CT-MAIN,,BO124 GB4.76,1.00,,2120001700001
CT,CT-MAIN,,0204056,2.00,,2120001704641
CT,CT-MAIN,,0204441,1.00,,2120001705495
CT,CT-MAIN,,0207933,1.00,,2120001706690
CT,CT-MAIN,,EMC454010RL000,6.00,,2120001709684
CT,CT-MAIN,,EMC454020RL000,11.00,,2120001709691
CT,CT-MAIN,,EMC454030RL000,10.00,,2120001709707
CT,CT-MAIN,,EMC454040RL000,1.00,,2120001709714
CT,CT-MAIN,,EMC454050RL000,9.00,,2120001709721
CT,CT-MAIN,,EMC454120RL000,2.00,,2120001709776
CT,CT-MAIN,,ER-033659,1.00,,2120001709813
CT,CT-MAIN,,K1811-N02,10.00,,2120001711564
CT,CT-MAIN,,A1154TFT-2,4.00,,2120001711588
CT,CT-MAIN,,AN22516-UNC4,5.00,,2120001712592
CT,CT-MAIN,EMC470040KN,EMC55040,42.00,,2120001714923
CT,CT-MAIN,,GMH35080,20.00,,2120001716538
CT,CT-MAIN,,3-OS-C3 #114167,4.00,,2120001716651
CT,CT-MAIN,,8-OS-C1 #114189,6.00,,2120001716668
CT,CT-MAIN,,14-OS-C1 #114190,7.00,,2120001716675
CT,CT-MAIN,,362768,1.00,,2120001717047
CT,CT-MAIN,,GI99940456,4.00,,2120001718884
CT,CT-MAIN,,T2829242-C,110.00,HR2L15,2120001719423
CT,CT-MAIN,,T2829363-C,28.00,HR2L15,2120001719782
CT,CT-MAIN,,11544,30.00,,2120001719973
CT,CT-MAIN,,13035,7.00,,2120001720030
CT,CT-MAIN,,G8A38015,20.00,,2120001721587
CT,CT-MAIN,,G8A38010C,10.00,,2120001721594
CT,CT-MAIN,,3330240,7.00,,2120001722331
CT,CT-MAIN,,3330350,2.00,,2120001722348
CT,CT-MAIN,,3330600,2.00,,2120001722355
CT,CT-MAIN,,1651500508,2.00,,2120001722362
CT,CT-MAIN,EMB95090KN,EMC52090,26.00,,2120001772237
CT,CT-MAIN,EMB96055KN,EMC54055,18.00,,2120001772244
CT,CT-MAIN,,D1GP103025,43.00,,2120001773302
CT,CT-MAIN,,D1GP103026,5.00,,2120001773319
CT,CT-MAIN,,D1GP103034,13.00,,2120001773326
CT,CT-MAIN,,D1GP103042,60.00,HR2L01,2120001773333
CT,CT-MAIN,,D1GP103043,10.00,HR2L01,2120001773340
CT,CT-MAIN,,D1GP103050,10.00,,2120001773357
CT,CT-MAIN,,D1GP103051,8.00,,2120001773364
CT,CT-MAIN,,D1GP103068,25.00,,2120001773371
CT,CT-MAIN,,D1GP103069,30.00,,2120001773388
CT,CT-MAIN,,D1GP103070,7.00,,2120001773395
CT,CT-MAIN,,D1GP103080,29.00,HR2L02,2120001773401
CT,CT-MAIN,,D1GP103090,22.00,,2120001773425
CT,CT-MAIN,,D1GP103100,13.00,,2120001773432
CT,CT-MAIN,,D1GP103110,9.00,,2120001773449
CT,CT-MAIN,,D1GP103120,38.00,,2120001773456
CT,CT-MAIN,,DH510065,1.00,,2120001774545
CT,CT-MAIN,,DH510030,9.00,,2120001774552
CT,CT-MAIN,,TQ371202,2.00,,2120001774576
CT,CT-MAIN,,TQ371243,2.00,,2120001774583
CT,CT-MAIN,,TQ371283,2.00,,2120001774590
CT,CT-MAIN,,TQ371313,2.00,,2120001774606
CT,CT-MAIN,,D1GP103052,52.00,,2120001774859
CT,CT-MAIN,,T2829SET7-C,1.00,,2120001775603
CT,CT-MAIN,,D1GP103085,22.00,,2120001775610
CT,CT-MAIN,,D1GP103103,5.00,,2120001775627
CT,CT-MAIN,EMB96030KN,EMC54030,184.00,HR2L08,2120001776662
CT,CT-MAIN,,EMC52025,4.00,HR2L04,2120001776679
CT,CT-MAIN,,EMC52035,50.00,,2120001776686
CT,CT-MAIN,E5C14010,E5C72010,57.00,,2120001776693
CT,CT-MAIN,E5C14015,E5C72015,65.00,HR2L03,2120001776709
CT,CT-MAIN,E5C14060,E5C72060,21.00,HR2L03,2120001776730
CT,CT-MAIN,,E5C72120,10.00,HR2L03,2120001776761
CT,CT-MAIN,,T2809202-C,170.00,HR2L15,2120001777041
CT,CT-MAIN,,D1GP103125,24.00,,2120001777171
CT,CT-MAIN,,EP941250,1.00,,2120001777270
CT,CT-MAIN,,EQ760060,3.00,,2120001778031
CT,CT-MAIN,,EQ760120,3.00,,2120001778048
CT,CT-MAIN,,D1GP103060,10.00,,2120001778338
CT,CT-MAIN,,D1GP103095,38.00,,2120001778345
CT,CT-MAIN,,D1GP103115,50.00,,2120001778352
CT,CT-MAIN,,D1GP103011,4.00,,2120001778468
CT,CT-MAIN,,D1GP103012,4.00,,2120001778475
CT,CT-MAIN,,D1GP103017,15.00,,2120001778529
CT,CT-MAIN,,D1GP103018,45.00,,2120001778536
CT,CT-MAIN,,D1GP103019,34.00,,2120001778543
CT,CT-MAIN,,D1GP103020,13.00,,2120001778550
CT,CT-MAIN,,D1GP103021,23.00,,2120001778567
CT,CT-MAIN,,D1GP103071,11.00,,2120001778581
CT,CT-MAIN,,D1GP103074,5.00,,2120001778611
CT,CT-MAIN,,D1GP103075,22.00,,2120001778628
CT,CT-MAIN,,D1GP103078,10.00,,2120001778659
CT,CT-MAIN,,D1GP103081,10.00,,2120001778673
CT,CT-MAIN,,D1GP103082,10.00,,2120001778680
CT,CT-MAIN,,D1GP103084,10.00,,2120001778703
CT,CT-MAIN,,D1GP103087,4.00,,2120001778710
CT,CT-MAIN,,D1GP103088,33.00,,2120001778727
CT,CT-MAIN,,D1GP103022,10.00,,2120001778789
CT,CT-MAIN,,D1GP103023,40.00,,2120001778796
CT,CT-MAIN,,D1GP103024,83.00,,2120001778802
CT,CT-MAIN,,D1GP103028,27.00,,2120001778826
CT,CT-MAIN,,D1GP103029,6.00,,2120001778833
CT,CT-MAIN,,D1GP103030,30.00,,2120001778840
CT,CT-MAIN,,D1GP103032,14.00,,2120001778864
CT,CT-MAIN,,D1GP103035,41.00,HR2L01,2120001778888
CT,CT-MAIN,,D1GP103036,10.00,HR2L01,2120001778895
CT,CT-MAIN,,D1GP103037,50.00,HR2L01,2120001778901
CT,CT-MAIN,,D1GP103038,5.00,,2120001778918
CT,CT-MAIN,,D1GP103041,10.00,HR2L01,2120001778932
CT,CT-MAIN,,D1GP103044,8.00,HR2L01,2120001778949
CT,CT-MAIN,,D1GP103045,10.00,,2120001778956
CT,CT-MAIN,,D1GP103046,5.00,HR2L01,2120001778963
CT,CT-MAIN,,D1GP103047,50.00,,2120001778970
CT,CT-MAIN,,D1GP103048,10.00,HR2L01,2120001778987
CT,CT-MAIN,,D1GP103053,88.00,,2120001779007
CT,CT-MAIN,,D1GP103054,39.00,HR2L01,2120001779014
CT,CT-MAIN,,D1GP103055,5.00,,2120001779021
CT,CT-MAIN,,D1GP103056,74.00,,2120001779038
CT,CT-MAIN,,D1GP103057,66.00,,2120001779045
CT,CT-MAIN,,D1GP103058,47.00,,2120001779052
CT,CT-MAIN,,D1GP103059,27.00,,2120001779076
CT,CT-MAIN,,D1GP103061,20.00,,2120001779083
CT,CT-MAIN,,D1GP103062,45.00,,2120001779106
CT,CT-MAIN,,D1GP103063,30.00,,2120001779113
CT,CT-MAIN,,D1GP103064,27.00,HR2L01,2120001779120
CT,CT-MAIN,,D1GP103122,41.00,,2120001779175
CT,CT-MAIN,,D1GP103130,11.00,,2120001779243
CT,CT-MAIN,,D1GP103096,2.00,,2120001779250
CT,CT-MAIN,,D1GP103097,3.00,,2120001779267
CT,CT-MAIN,,D1GP103105,21.00,,2120001779335
CT,CT-MAIN,,D1GP103107,10.00,,2120001779359
CT,CT-MAIN,,D1GP103108,2.00,,2120001779366
CT,CT-MAIN,,D1GP103117,2.00,,2120001779434
CT,CT-MAIN,,E2762100,5.00,,2120001779557
CT,CT-MAIN,EMC47140KN,EMC55140,3.00,,2120001779793
CT,CT-MAIN,E5C14050,E5C72050,74.00,HR2L03,2120001779823
CT,CT-MAIN,EMB96140KN,EMC54140,1.00,,2120001779830
CT,CT-MAIN,"EMB96045KN

",EMC54045,17.00,,2120001780010
CT,CT-MAIN,EMB96090KN,EMC54090,1.00,,2120001780201
CT,CT-MAIN,"E5C14200
",E5C72200,1.00,,2120001781062
CT,CT-MAIN,E5C14180,E5C72180,5.00,,2120001781086
CT,CT-MAIN,"E5C14025
",E5C72025,109.00,,2120001781314
CT,CT-MAIN,,E5401035,25.00,,2120001781321
CT,CT-MAIN,,E7760060,20.00,,2120001781710
CT,CT-MAIN,,E7760080,2.00,,2120001781727
CT,CT-MAIN,,E7760100,18.00,,2120001781734
CT,CT-MAIN,,E7760120,2.00,,2120001781741
CT,CT-MAIN,,SM765190,10.00,,2120001782687
CT,CT-MAIN,,SC-2M,10.00,,2120001785602
CT,CT-MAIN,,T2829132,23.00,HR2L15,2120001785787
CT,CT-MAIN,,T2809131,80.00,,2120001785794
CT,CT-MAIN,,D1101034,10.00,,2120001786111
CT,CT-MAIN,,D1101045,3.00,,2120001786166
CT,CT-MAIN,,D1101064,10.00,,2120001786227
CT,CT-MAIN,"EMC45140KN
",EMC53140,5.00,,2120001786418
CT,CT-MAIN,,T2809242-C,150.00,HR2L15,2120001787132
CT,CT-MAIN,,T2839242-C,30.00,,2120001787149
CT,CT-MAIN,,T2839282-C,49.00,,2120001787156
CT,CT-MAIN,,T2839342-C,64.00,,2120001787163
CT,CT-MAIN,,T2829252-C,107.00,,2120001788030
CT,CT-MAIN,EMC59006060,EMC01006060,2.00,,2120001788061
CT,CT-MAIN,EMC59008100,EMC01008100,2.00,,2120001788078
CT,CT-MAIN,EMC59015100,EMC01015100,7.00,,2120001788085
CT,CT-MAIN,E5C74030025,E5C16030025,10.00,,2120001788092
CT,CT-MAIN,E5C74050025,E5C16050025,2.00,,2120001788115
CT,CT-MAIN,E5C74120040,E5C16120040,4.00,,2120001788146
CT,CT-MAIN,,T2809282-C,60.00,HR2L15,2120001788528
CT,CT-MAIN,,T2809362-C,78.00,,2120001789945
CT,CT-MAIN,,E7760160,2.00,,2120001790491
CT,CT-MAIN,,E7760200,13.00,,2120001790507
CT,CT-MAIN,,T2809171,62.00,,2120001790873
CT,CT-MAIN,,T2809322-C,80.00,,2120001790880
CT,CT-MAIN,,T2809502-C,33.00,,2120001790897
CT,CT-MAIN,,0206434,1.00,,2120001796554
CT,CT-MAIN,,D1102590,2.00,,2120001796738
CT,CT-MAIN,,D1102690,3.00,,2120001796752
CT,CT-MAIN,,ER-033400,2.00,,2120001798008
CT,CT-MAIN,,ER-041460,2.00,,2120001798015
CT,CT-MAIN,,2421010,2.00,,2120001895462
CT,CT-MAIN,2530300,2530300,1.00,,2120001899200
CT,CT-MAIN,"2422310

2422310
2422310
",2422310,1.00,,2120001899217
CT,CT-MAIN,"2423410
",2423410,1.00,,2120001899224
CT,CT-MAIN,,VDR-1010,1.00,,2120002100428
CT,CT-MAIN,,VHC-10,2.00,,2120002101005
CT,CT-MAIN,,TMV-75A,1.00,,2120002102545
CT,CT-MAIN,,COMBO SET,10.00,,2120002102767
CT,CT-MAIN,,4MM (ORANGE),4.00,,2120002102774
CT,CT-MAIN,,6MM (LIGHT GREEN),4.00,,2120002102781
CT,CT-MAIN,,8MM (RED),6.00,,2120002102798
CT,CT-MAIN,,10MM (YELLOW),6.00,,2120002102804
CT,CT-MAIN,,12MM (BLUE),6.00,,2120002102828
CT,CT-MAIN,,16MM (PURPLE),5.00,,2120002102835
CT,CT-MAIN,,20MM (GREEN),5.00,,2120002102842
CT,CT-MAIN,,ER11 5.5,43.00,,2120002104518
CT,CT-MAIN,,BT30 APU08-80,6.00,,2120002105133
CT,CT-MAIN,,BT30 ER25-60,21.00,,2120002105263
CT,CT-MAIN,,LH CD-2FL-0.14,8.00,,2120002106512
CT,CT-MAIN,,LH HSS-2FL-010,1.00,,2120002107236
CT,CT-MAIN,,LH HSS-2FL-015,15.00,,2120002107243
CT,CT-MAIN,,VHC-12-8,1.00,,2120002108059
CT,CT-MAIN,,3415M,2.00,,2120002108349
CT,CT-MAIN,,WM20,1.00,,2120002108929
CT,CT-MAIN,,INT-13-JC-20,1.00,,2120002109889
CT,CT-MAIN,,BT-523,20.00,,2120002110342
CT,CT-MAIN,,VLC-MT5A,1.00,,2120002110793
CT,CT-MAIN,,BT50 (100-003),1.00,,2120002111356
CT,CT-MAIN,,EA-7031-22MN,4.00,,2120002115347
CT,CT-MAIN,,SE-23061,1.00,,2120002115361
CT,CT-MAIN,,A4M-224,1.00,,2120002115484
CT,CT-MAIN,,ER25 09,6.00,,2120002115910
CT,CT-MAIN,,BT30 ER16X100M,26.00,,2120002115941
CT,CT-MAIN,,TP-3040E - SCALE,1.00,,2120002116795
CT,CT-MAIN,,TP-3040EB DAIL,1.00,,2120002116801
CT,CT-MAIN,,BT30 ER16-090M,7.00,,2120002116962
CT,CT-MAIN,,EA-10073,2.00,,2120002120419
CT,CT-MAIN,,BT30 APU13-100,9.00,,2120002120990
CT,CT-MAIN,,WM16,3.00,,2120002121003
CT,CT-MAIN,,VEG-13DS,2.00,,2120002121041
CT,CT-MAIN,,BT30 ER20-70,21.00,,2120002121676
CT,CT-MAIN,,BT30 ER20-90,8.00,,2120002121683
CT,CT-MAIN,,VHC-10-10,4.00,,2120002121935
CT,CT-MAIN,,M-01A,2.00,,2120002122420
CT,CT-MAIN,,M-01A-001,1.00,,2120002122437
CT,CT-MAIN,,CBN-100,3.00,,2120002122529
CT,CT-MAIN,,SDC #200 DIAMOND WHEEL,2.00,,2120002122550
CT,CT-MAIN,,CBN 200/230,3.00,,2120002122567
CT,CT-MAIN,,GP6 CBN200 - RIGHT,1.00,,2120002122604
CT,CT-MAIN,,GP6 SD200 - LEFT A,2.00,,2120002122611
CT,CT-MAIN,,GP6 SD200 - LEFT B,1.00,,2120002122628
CT,CT-MAIN,,GP6 SD200 - LEFT C,2.00,,2120002122635
CT,CT-MAIN,,ER25 6PCS/SET,1.00,,2120002122659
CT,CT-MAIN,,CBN 200# M26-01-01,6.00,,2120002122666
CT,CT-MAIN,,GP-06 SD #800,1.00,,2120002122673
CT,CT-MAIN,,GP-01 SDC#200,1.00,,2120002122703
CT,CT-MAIN,,GP26 - CBN #200-LEFT A,2.00,,2120002122710
CT,CT-MAIN,,GP26 - CBN #200-LEFT B,1.00,,2120002122727
CT,CT-MAIN,,GP26 - CBN #200-LEFT C,1.00,,2120002122734
CT,CT-MAIN,,GP26 - CBN #200-LEFT D,1.00,,2120002122741
CT,CT-MAIN,,GP26 - CBN #200-RIGHT,2.00,,2120002122758
CT,CT-MAIN,,GP-26 SD200 - LEFT B,1.00,,2120002122765
CT,CT-MAIN,,GP-26 SD200 - LEFT C,2.00,,2120002122772
CT,CT-MAIN,,GP-26 SD200 - RIGHT,2.00,,2120002122796
CT,CT-MAIN,,M12A16002,3.00,,2120002122802
CT,CT-MAIN,,CBN200M12-01-1,3.00,HR2L22,2120002122819
CT,CT-MAIN,,VACUUM,1.00,,2120002122833
CT,CT-MAIN,,GP-26 SD200 - LEFT A,2.00,,2120002122840
CT,CT-MAIN,,M-12-LS,1.00,,2120002122864
CT,CT-MAIN,,M12A16,2.00,,2120002123571
CT,CT-MAIN,,D-100,4.00,,2120002123588
CT,CT-MAIN,,SD/SDC,2.00,,2120002123595
CT,CT-MAIN,,SDC200M12-01-1,3.00,HR2L26,2120002123601
CT,CT-MAIN,,BT30 ER25-060 (20K RPM G2.5),14.00,,2120002123823
CT,CT-MAIN,,BT30 ER16-100M (20K RPM G2.5),9.00,,2120002123830
CT,CT-MAIN,,BT30 APU13-100 (20K RPM G2.5),4.00,,2120002123847
CT,CT-MAIN,,VHC-08,4.00,,2120002124196
CT,CT-MAIN,,SDC M26-01-1,3.00,,2120002124431
CT,CT-MAIN,,BT30 ER20-80,15.00,,2120002124837
CT,CT-MAIN,,C40 ER32-100,12.00,,2120002172418
CT,CT-MAIN,,VGB-103-1,1.00,,2120002173071
CT,CT-MAIN,,V-40160,20.00,,2120002173941
CT,CT-MAIN,,V-40200,10.00,,2120002173958
CT,CT-MAIN,,V-40140,20.00,,2120002174290
CT,CT-MAIN,,MTA3 BSA038-180,1.00,,2120002175822
CT,CT-MAIN,,C20 ER20-100,2.00,,2120002180031
CT,CT-MAIN,,ER25 15PCS/SET,4.00,,2120002181137
CT,CT-MAIN,,BT30 (100-000),3.00,,2120002181144
CT,CT-MAIN,,ER11 03,10.00,,2120002182028
CT,CT-MAIN,,ER11 04,16.00,,2120002182035
CT,CT-MAIN,,ER11 05,10.00,,2120002182042
CT,CT-MAIN,,ER11 06,2.00,,2120002182059
CT,CT-MAIN,,LH HSS-2FL-080,3.00,,2120002183063
CT,CT-MAIN,,LH HSS-2FL-140,5.00,HR2L24,2120002183094
CT,CT-MAIN,,LH HSS-2FL-160,47.00,HR2L24,2120002183100
CT,CT-MAIN,,LH HSS-2FL-200,33.00,,2120002183124
CT,CT-MAIN,,LH HSS-4FL-040,11.00,,2120002183131
CT,CT-MAIN,,LH HSS-4FL-080,8.00,,2120002183155
CT,CT-MAIN,,LH HSS-4FL-100,8.00,,2120002183162
CT,CT-MAIN,,LH HSS-4FL-120,50.00,,2120002183179
CT,CT-MAIN,,LH HSS-4FL-140,7.00,,2120002183186
CT,CT-MAIN,,LH HSS-4FL-160,56.00,,2120002183193
CT,CT-MAIN,,LH HSS-4FL-180,2.00,,2120002183209
CT,CT-MAIN,,LH HSS-4FL-200,81.00,,2120002183216
CT,CT-MAIN,,LH HSS-2FL-050,40.00,,2120002185838
CT,CT-MAIN,,WA-305A,2.00,,2120002186385
CT,CT-MAIN,,LH HSS-4FL-050,5.00,,2120002187092
CT,CT-MAIN,,LH ENDMILL-4FL-4.0MM,2.00,,2120002187221
CT,CT-MAIN,,VCS-MT5P,1.00,,2120002187900
CT,CT-MAIN,,ER11 02,24.00,,2120002188808
CT,CT-MAIN,,VHC-06,5.00,,2120002188815
CT,CT-MAIN,,SC20-6,1.00,,2120002189621
CT,CT-MAIN,,BT30 APU13-100 (20K RPM),20.00,,2120002196650
CT,CT-MAIN,,BT30 45 DEG,17.00,,2120002196674
CT,CT-MAIN,,VHC-12,1.00,,2120002199149
CT,CT-MAIN,,62207,4.00,,2120002400504
CT,CT-MAIN,,83034,5.00,,2120002407220
CT,CT-MAIN,,50001,2.00,,2120002410930
CT,CT-MAIN,HIT-006151,807083,1.00,,2120002412019
CT,CT-MAIN,,61061,3.00,,2120002417076
CT,CT-MAIN,,45110,2.00,,2120002472303
CT,CT-MAIN,,50085,1.00,,2120002472365
CT,CT-MAIN,,37100,1.00,,2120002472471
CT,CT-MAIN,,37120,3.00,,2120002472488
CT,CT-MAIN,,37140,1.00,,2120002472495
CT,CT-MAIN,,37160,3.00,,2120002472501
CT,CT-MAIN,,41403,5.00,,2120002472518
CT,CT-MAIN,,41883,2.00,,2120002472549
CT,CT-MAIN,,89501,5.00,,2120002474352
CT,CT-MAIN,,77460,4.00,,2120002474437
CT,CT-MAIN,,50237,7.00,,2120002474949
CT,CT-MAIN,,83032,5.00,,2120002474963
CT,CT-MAIN,,46108,1.00,,2120002475847
CT,CT-MAIN,,46128,1.00,,2120002475854
CT,CT-MAIN,,46148,1.00,,2120002475861
CT,CT-MAIN,,48108,1.00,,2120002475885
CT,CT-MAIN,,48128,1.00,,2120002475892
CT,CT-MAIN,,L10-J95,3.00,,2120002480551
CT,CT-MAIN,,38370,2.00,,2120002481558
CT,CT-MAIN,,72556-IP8-10 (SET),9.00,,2120002486096
CT,CT-MAIN,,58050,5.00,,2120002486461
CT,CT-MAIN,,10875,5.00,,2120002488489
CT,CT-MAIN,,10975,5.00,,2120002488496
CT,CT-MAIN,,DP 32-6,1.00,,2120002497696
CT,CT-MAIN,,MCR DRL D0.22,20.00,,2120002714830
CT,CT-MAIN,,MCR DRL D0.23,20.00,,2120002714847
CT,CT-MAIN,,MCR DRL D0.34,20.00,,2120002714854
CT,CT-MAIN,,MCR DRL D0.40,18.00,,2120002714861
CT,CT-MAIN,,MCR DRL D0.45,20.00,,2120002714878
CT,CT-MAIN,,CP4SS02.8UA,6.00,,2120002720343
CT,CT-MAIN,,VCGT 110304 CBN,10.00,,2120002789913
CT,CT-MAIN,,A-MD1-080,2.00,,2120002792722
CT,CT-MAIN,,A-MD1-070,3.00,,2120002792739
CT,CT-MAIN,,CP2SS02.4UA,33.00,,2120002793859
CT,CT-MAIN,,CP2SS04.5UA,22.00,,2120002793873
CT,CT-MAIN,,CP2SS03.7UA,46.00,,2120002793880
CT,CT-MAIN,,CP2SS02.1UA,13.00,,2120002793897
CT,CT-MAIN,,CP2SS00.8UA,1.00,,2120002793903
CT,CT-MAIN,,CP4SS03,25.00,,2120002793910
CT,CT-MAIN,,CP4SS08,6.00,,2120002793941
CT,CT-MAIN,,CP4SS10,5.00,,2120002793958
CT,CT-MAIN,,CP4SS12,21.00,,2120002793965
CT,CT-MAIN,,CP3SS03UA,1.00,,2120002793972
CT,CT-MAIN,,CP3SS04UA,5.00,,2120002793989
CT,CT-MAIN,,CP3SS12UA,9.00,,2120002794023
CT,CT-MAIN,,805432,3.00,,2120002795327
CT,CT-MAIN,,807611,3.00,,2120002795334
CT,CT-MAIN,,CP4SS01,21.00,,2120002795969
CT,CT-MAIN,,CP4SS01.5,22.00,,2120002795976
CT,CT-MAIN,,CP4SS02,4.00,,2120002795983
CT,CT-MAIN,,CP4SS02.5,26.00,,2120002795990
CT,CT-MAIN,,CP4SS05,29.00,,2120002796003
CT,CT-MAIN,,CP3SS01UA,17.00,,2120002796683
CT,CT-MAIN,,CP3SS02UA,9.00,,2120002796706
CT,CT-MAIN,,CP3SS02.5UA,24.00,,2120002796713
CT,CT-MAIN,,SBS12,1.00,,2120002881020
CT,CT-MAIN,,HBS12C,1.00,,2120002881037
CT,CT-MAIN,,SVG 54 X 1.6 X 7980-3/4T-L,3.00,,2120241401621
CT,CT-MAIN,,SVG 54 X 1.6 X 6600-1.5/2T,35.00,A2R033,2120251404773
CT,CT-MAIN,,SVG 32 X 1.06 X 3505-3/4T-L,9.00,A2R036,2120251404841
CT,CT-MAIN,,SVG 67 X 1.6 X 8800-1.1/1.5T,11.00,A2R034,2120251404957
CT,CT-MAIN,,SVG 54 X 1.6 X 6600-2/3T,8.00,A2R033,2120251405039
CT,CT-MAIN,,SVG 41 X 1.3 X 6200-5/7T,5.00,,2120251405275
CT,CT-MAIN,,SVG 32 X 1.06 X 4900-5/7T,92.00,,2120251405404
CT,CT-MAIN,,SVG 25 X .95 X 3190-4/6T-L,1.00,,2120251405473
CT,CT-MAIN,,SVG 41 X 1.3 X 4670-5/7T,5.00,,2120251405497
CT,CT-MAIN,,SVG 54 X 1.6 X 6040-3/4T,4.00,,2120251405633
CT,CT-MAIN,,SVG 54 X 1.6 X 6665-2/3T,6.00,A2R033,2120251405640
CT,CT-MAIN,,SVG 54 X 1.3 X 6096-2/3T,10.00,,2120251405725
CT,CT-MAIN,,SVG 41 X 1.3 X 4770-3/4T,10.00,,2120251405787
CT,CT-MAIN,,SVG 41 X 1.3 X 4115-4/6T-L,7.00,,2120251405800
CT,CT-MAIN,,SVG 25 X .95 X 2455-8/12T,30.00,,2120251405817
CT,CT-MAIN,,SVG 32 X 1.06 X 3505-3/4T,9.00,,2120251405855
CT,CT-MAIN,,SVG 41 X 1.3 X 4115-2/3T,15.00,,2120251405862
CT,CT-MAIN,,SVG 41 X 1.3 X 4115-3/4T,10.00,,2120251405879
CT,CT-MAIN,,SVG 54 X 1.6 X 8000-2/3T,2.00,,2120251405909
CT,CT-MAIN,,GLB 6 X .64 X 30M-10T,1.00,,2120261401342
CT,CT-MAIN,,A 10 X .64 X 30M-8T,1.00,,2120261401366
CT,CT-MAIN,6462907,PICCO L 006-29295 IC908,5.00,,2120341214275
CT,CT-MAIN,"6003539
",PENTA 34N400C030 IC908,4.00,,2120341214282
CT,CT-MAIN,2302574,PCHR 20-D40-3-IQ,1.00,,2120341214305
CT,CT-MAIN,"6405238
",GIP 3.18-0.20 IC8250,9.00,,2120341214336
CT,CT-MAIN,"6492294
",GIP 5.00E-0.40 IC8250,6.00,,2120341214343
CT,CT-MAIN,2801814,PICCO ACE 20-4,2.00,,2120341214367
CT,CT-MAIN,"6403598
",SCIL 6B-200L16 IC1008,50.00,,2120341214404
CT,CT-MAIN,"6405135
",GDMM 8CC IC808,3.00,,2120341214466
CT,CT-MAIN,"6405133
",GDMF 808 IC808,9.00,,2120341214473
CT,CT-MAIN,"6404204
",PICCO R 050.5-35C IC908,1.00,,2120341214503
CT,CT-MAIN,"6003106
",PENTA 24N100J004 IC908,3.00,,2120341214664
CT,CT-MAIN,"6405240
",GIPI 3.00-1.5UL IC8250,5.00,,2120341214800
CT,CT-MAIN,"6400480
",GIP 1.20-0.00 IC20,8.00,,2120341214817
CT,CT-MAIN,"6403181
",GIM 4J IC908,10.00,,2120341214848
CT,CT-MAIN,"6402444
",PICCO R 004.0205-15IC228,1.00,,2120341214886
CT,CT-MAIN,"6404239
",GIP 1.20-0.00 IC808,5.00,,2120341214893
CT,CT-MAIN,"6405045
",GIPI 2.00-0.10RX IC830,5.00,,2120341214916
CT,CT-MAIN,6405008,GIPI 2.50-0.20 IC830,5.00,,2120341214923
CT,CT-MAIN,"6403052
",GFQR 12-1.00-0.05 IC528,5.00,,2120341214930
CT,CT-MAIN,"6402602
",GIQR 8-1.50-0.05   IC528,10.00,,2120341215050
CT,CT-MAIN,"6411103
",GIDA 80-40CB-D ID5,3.00,,2120341215173
CT,CT-MAIN,"6405424

",SCIR 22-BR00-05K7 IC1008,10.00,,2120341215180
CT,CT-MAIN,6404229,SCIR 22-BR10-05K7 IC1008,17.00,,2120341215234
CT,CT-MAIN,6405421,SCIR 22-AR10-25K8 IC1008,7.00,,2120341215241
CT,CT-MAIN,"6405420
",SCIR 22-AR00-25K16 IC1008,5.00,,2120341215258
CT,CT-MAIN,"6405443

",SCIR 22-MTR003 IC1008,30.00,,2120341215265
CT,CT-MAIN,"6004560
",PENTA 34F300-0.40-22LS908,2.00,,2120341215289
CT,CT-MAIN,"2801955
",MAHL 19-JHP,1.00,,2120341215340
CT,CT-MAIN,"6462642
",GIF 8.00-0.80-5RA IC908,10.00,,2120341215456
CT,CT-MAIN,"6405445
",SCIR 22-MTR010 IC1008,5.00,,2120341215487
CT,CT-MAIN,"6404143
",GIPI 1.57-0.79LX IC808,5.00,,2120341215647
CT,CT-MAIN,6405414,SCIL 22-150NP05 IC1008,5.00,,2120341215746
CT,CT-MAIN,5560104,RCT 544,3.00,,2120341215920
CT,CT-MAIN,"2801022
",MGUHR 06-04L10,1.00,,2120341215968
CT,CT-MAIN,"6405434
",SCIL 22-200L16-00 IC1008,5.00,,2120341215975
CT,CT-MAIN,6002615,DGN 2202C IC308,5.00,,2120341216170
CT,CT-MAIN,6404286,GIF 8.00E-0.80 IC5010,1.00,,2120341216217
CT,CT-MAIN,6404249,GIFI 4.00E-0.40 IC808,5.00,,2120341216224
CT,CT-MAIN,3302934,GEMI 2002N IC808,5.00,,2120341216248
CT,CT-MAIN,6403389,GEPI 2.00-0.10 IC08,5.00,,2120341216354
CT,CT-MAIN,2802147,PICCO ACE 25-4,2.00,,2120341216453
CT,CT-MAIN,6402307,PICCO R 050.3-20 IC228,2.00,,2120341216613
CT,CT-MAIN,3427372,GIP 1.8-0.1-58306 * IC20,5.00,,2120341216620
CT,CT-MAIN,3329112,MM GRIT18K120-005-3T6 908,1.00,,2120341216729
CT,CT-MAIN,"6002939
",DGR 1500P-15D IC508,7.00,,2120351202347
CT,CT-MAIN,"6002941
",DGR 2000P-15D IC508,10.00,,2120351202354
CT,CT-MAIN,"6004465
",TAG N1.4J IC808,5.00,,2120351202446
CT,CT-MAIN,"5509034
",ICP 256 IC908,1.00,,2120351202453
CT,CT-MAIN,2892173,C3 MAHD,1.00,,2120351202637
CT,CT-MAIN,3366078,GSFN 2.34-0.2-CH-48042*,16.00,,2120351202729
CT,CT-MAIN,"5506691
",ICM 100 IC908,1.00,,2120361205857
CT,CT-MAIN,"5508296
",ICM 110 IC908,1.00,,2120361205864
CT,CT-MAIN,"5506694
",ICM 120 IC908,1.00,,2120361205871
CT,CT-MAIN,"5508430
",ICM 140 IC908,1.00,,2120361205888
CT,CT-MAIN,"5508455
",ICM 150 IC908,1.00,,2120361205895
CT,CT-MAIN,"5506276
",IDI 252 SG IC908,1.00,,2120361205932
CT,CT-MAIN,"5507976
",ICM 160 IC908,1.00,,2120361206052
CT,CT-MAIN,"5508585
",ICM 170 IC908,1.00,,2120361206069
CT,CT-MAIN,"5505174
",IDI 220-SG IC908,1.00,,2120361206090
CT,CT-MAIN,"5508459
",ICM 154 IC908,1.00,,2120361206335
CT,CT-MAIN,"5504849
",IDI 150-SG IC908,1.00,,2120361206427
CT,CT-MAIN,"5506703
",ICM 200 IC908,1.00,,2120361206441
CT,CT-MAIN,"5506709
",ICM 220 IC908,1.00,,2120361206465
CT,CT-MAIN,"5509622
",ICP 0689-2M IC908,1.00,,2120361206588
CT,CT-MAIN,"5509644
",ICP 0799-2M IC908,1.00,,2120361206595
CT,CT-MAIN,"5509645
",ICP 0803-2M IC908,1.00,,2120361206601
CT,CT-MAIN,"5508394
",ICP 0512 IC908,1.00,,2120361206649
CT,CT-MAIN,"5509033
",ICP 1000 IC908,1.00,,2120361206656
CT,CT-MAIN,"5506729
",ICM 1138 IC908,1.00,,2120361206663
CT,CT-MAIN,"5509096
",ICM 0803 IC908,1.00,,2120361206670
CT,CT-MAIN,"5509664
",ICP 0890-2M IC908,1.00,,2120361206687
CT,CT-MAIN,"3321830
",ICP 198-2M-R1.5 IC908,2.00,,2120361206915
CT,CT-MAIN,"3301629
",SOMT 110408 HD IC808,6.00,,2120361206922
CT,CT-MAIN,"5505741
",IDP 100 IC908,1.00,,2120361206939
CT,CT-MAIN,"3325652
",QCP 127-2M IC908,11.00,,2120361207172
CT,CT-MAIN,3325675,QCP 150-2M IC908,1.00,,2120361207257
CT,CT-MAIN,6154630,SCD 061-043-080 ACP5N IC908,3.00,,2120361207424
CT,CT-MAIN,5506664,ICP 260 IC908,5.00,,2120361207509
CT,CT-MAIN,3311596,HCP 064-IQ IC908,2.00,,2120361207769
CT,CT-MAIN,"5509926
",WNMX 080708-M4MW IC6025,5.00,,2120381214945
CT,CT-MAIN,"5509376
",CNMX 452-M4MW IC6015,86.00,,2120381214952
CT,CT-MAIN,"5507685
",WNMX 452-M4PW IC8250,345.00,HR1L16,2120381215188
CT,CT-MAIN,"5507997
",DNMX 442-M3P IC8250,495.00,HR1L24,2120381215201
CT,CT-MAIN,"5509426
",CNMX 451-M4MW IC6015,4.00,,2120381215263
CT,CT-MAIN,"5566988
",DCMT 3-2 PF IC6015,6.00,,2120381215393
CT,CT-MAIN,"5507347
",WNMG 431 VL IC907,7.00,,2120381215546
CT,CT-MAIN,"5505172
",IDI 210-SG IC908,1.00,,2120381215560
CT,CT-MAIN,"5567111
",TWN 443,1.00,,2120381215577
CT,CT-MAIN,"5550507
",VNMM 2.5-1 PP IC8250,8.00,,2120381215645
CT,CT-MAIN,"5510105
",SNMG 432-EM-M IC806,5.00,,2120381215669
CT,CT-MAIN,"5550460
",TNMG 332 GN IC807,5.00,,2120381215683
CT,CT-MAIN,"5506174
",WBMT 52.004L IC908,16.00,,2120381215737
CT,CT-MAIN,"5540038
",VCGT 220512-AF IC20,10.00,,2120381215751
CT,CT-MAIN,"5509964
",FCP 145 IC908,6.00,,2120381215799
CT,CT-MAIN,"5509970
",FCP 175 IC908,1.00,,2120381215874
CT,CT-MAIN,"3321858
",FCP 198-WC IC908,1.00,,2120381215898
CT,CT-MAIN,"3321657
",FCP 128-WC IC908,2.00,,2120381215904
CT,CT-MAIN,3203443,DRG-MF-10R-2.25D-12A-05,1.00,,2120381215980
CT,CT-MAIN,"5569331
",DNMG 442-F3P IC807,10.00,,2120381215997
CT,CT-MAIN,"5507994
",WNMX 080708-M4PW IC807,16.00,,2120381216123
CT,CT-MAIN,5598907,WNMX 080712-M4PW IC807,8.00,,2120381216130
CT,CT-MAIN,3203444,DRG-MF-12R-2.25D-16A-06,1.00,,2120381216147
CT,CT-MAIN,5568610,SNMG 432 PP IC830,9.00,,2120381216154
CT,CT-MAIN,5567565,CNMG 332 M3P IC8150,8.00,,2120381216277
CT,CT-MAIN,"6862244
",A04F SCLCR-03,1.00,,2120381216284
CT,CT-MAIN,"3601994
",E12Q STFPR-11X,1.00,,2120381216321
CT,CT-MAIN,5700480,DNMA 442T IB55,10.00,,2120381216406
CT,CT-MAIN,5798406,CNGA 431T IN420,6.00,,2120381216444
CT,CT-MAIN,3487868,A12M SWLNR-04,1.00,HR1L02,2120381216451
CT,CT-MAIN,3487869,A16Q SWLNR-04,4.00,,2120381216468
CT,CT-MAIN,5566906,VNMG 2.5-0 SF IC908,33.00,,2120381216543
CT,CT-MAIN,5566891,VCMT 221-F3P IC8150,13.00,,2120381216659
CT,CT-MAIN,5567877,VNMG 331-F3M IC6015,8.00,,2120381217106
CT,CT-MAIN,3600840,S10L SCLCL-06,1.00,,2120381217137
CT,CT-MAIN,5567487,DNMG 332-M3P IC8250,10.00,,2120381217373
CT,CT-MAIN,5509955,FCP 100 IC908,1.00,,2120381217564
CT,CT-MAIN,5508240,DCMT 3-1-SM IC807,9.00,,2120381217601
CT,CT-MAIN,"4532003
",BT40 SEMC 22X53,1.00,,2120391207371
CT,CT-MAIN,3309931,SC 32T20A,2.00,,2120391208163
CT,CT-MAIN,"6492315
",MM TRD22-M60-30P-4TO8 528,1.00,,2120401218632
CT,CT-MAIN,"5621477
",MM EC.375A27R015-6T06 IC908,1.00,,2120401218731
CT,CT-MAIN,"5604820
",BCR D500-CS IC908,1.00,,2120401218786
CT,CT-MAIN,"5603037
",BCR D320-QT IC328,4.00,,2120401218816
CT,CT-MAIN,"5604258
",HBR D250-QF IC908,2.00,,2120401218830
CT,CT-MAIN,"3202289
",DCN 085-042-12A-5D,1.00,,2120401218847
CT,CT-MAIN,"5607650
",H690 TNKX 160610PNTR 830,10.00,,2120401219004
CT,CT-MAIN,2615292,EDTI.329E.2-4C.375L2.06 *9,2.00,,2120401219028
CT,CT-MAIN,"5603154
",XOMT 060204-HQ IC908,5.00,,2120401219134
CT,CT-MAIN,"5694363
",MM HR2.0/078-6.0-2T06 908,1.00,,2120401219189
CT,CT-MAIN,"5607773
",HM390 TCKT 0703PCTR IC808,6.00,,2120401219295
CT,CT-MAIN,3106591,HOF D100-07-32-R06,2.00,,2120401219448
CT,CT-MAIN,"5621720
",MM EC160A12R3.0-4T10 IC908,1.00,,2120401219455
CT,CT-MAIN,"5607033
",MT21 I 1.50 ISO IC908,1.00,,2120401219516
CT,CT-MAIN,"5692008
",SOMT 060204 HQ IC928,6.00,,2120401219714
CT,CT-MAIN,5650177,EC-A2 008-012/10C4M45 903,2.00,,2120401219776
CT,CT-MAIN,"5680609
",T490 LNHT 130612PNTR IC810,5.00,,2120401219899
CT,CT-MAIN,"5607259
",LNET 084504-TN-N IC928,8.00,,2120401219967
CT,CT-MAIN,"5668614
",MM ECF60-03/120-4T08 IC908,1.00,,2120401220116
CT,CT-MAIN,"3105269
",H490 E90AX D16-2-W16-09,1.00,,2120401220192
CT,CT-MAIN,5668132,H490 ANKX 0904R12T-FF IC808,6.00,,2120401220222
CT,CT-MAIN,"5606284
",ONHU 0505AN-R-W IC808,6.00,,2120401220345
CT,CT-MAIN,"5668646
",MM ECF120-05/200-6T12 908,1.00,HR1L15,2120401220505
CT,CT-MAIN,5696226,MM EC120E09R00CF-4T08 IC908,4.00,,2120401220932
CT,CT-MAIN,5607257,LNET 084004-TN-N IC928,4.00,,2120401221045
CT,CT-MAIN,5607258,LNET 084204-TN-N IC928,6.00,,2120401221052
CT,CT-MAIN,3102403,F90LN D080-07-25.40-R-N15,1.00,,2120401221205
CT,CT-MAIN,3105130,H490 SM D063-48-3-27-17C,1.00,,2120401221212
CT,CT-MAIN,3401399,MM TS.500-N078P-06T05 IC908,1.00,,2120401221359
CT,CT-MAIN,3383514,MM TS135-H40D-06T05 IC908,5.00,,2120401221380
CT,CT-MAIN,"5903341
",22 IRM N 60 IC808,15.00,,2120431203226
CT,CT-MAIN,"3890723
",SIR 0010 K11B,1.00,,2120431203288
CT,CT-MAIN,5995220,16 ER 16 UNJ IC908,3.00,,2120431203455
CT,CT-MAIN,5995090,16 ER 14 UNJ IC908,3.00,,2120431203462
CT,CT-MAIN,,2035 CI A60 B50,2.00,,2121161107419
CT,CT-MAIN,,1525 CI A40 B60,1.00,,2121161107624
CT,CT-MAIN,"4445110
",TP5 M8X1.25-6H-CCN-HEV,1.00,,2123201210745
CT,CT-MAIN,"6404048
",MIFR 10-3.00-0.20 IC908,5.00,,2123201210790
CT,CT-MAIN,"2302444
",TGTR 2020-2-D65-IQ,1.00,,2123201210905
CT,CT-MAIN,"2301768
",TGTR 2020-3-IQ,1.00,,2123201210929
CT,CT-MAIN,2393889,TAGPAD 2L-D42-JHP,1.00,,2123201211278
CT,CT-MAIN,"6004534
",TAG R2.4C-8D IC808,9.00,,2123201211285
CT,CT-MAIN,"3322816
",DCGW 2-1-F2 IB20HC,1.00,,2123201211377
CT,CT-MAIN,4446140,TPS UNF-3/8-24-M HEST,1.00,,2123201211537
CT,CT-MAIN,4446144,TPS UNF-5/8-18-M HEST,1.00,,2123201211544
CT,CT-MAIN,6404024,MIGR 8-1.50-0.05 IC908,7.00,,2123201211612
CT,CT-MAIN,3311602,PL 16 M6-D5,3.00,,2123201211643
CT,CT-MAIN,3322819,DCGW 3-1-F2 IB10HC,2.00,,2123201211711
CT,CT-MAIN,4445436,RM-BNT7-8D-20C,1.00,,2123201211865
CT,CT-MAIN,3389965,RM-BN7-17.830-H7SA-908*,3.00,,2123201211872
CT,CT-MAIN,9410143,C3100-02 FLAT CABLE,1.00,,2123201212015
CT,CT-MAIN,,11708,3.00,,2123201410695
CT,CT-MAIN,,SCFT1.0X4.5,5.00,,2123201411173
CT,CT-MAIN,,BT50-Q34-140,2.00,,2123201411258
CT,CT-MAIN,,13327,12.00,,2123201411326
CT,CT-MAIN,,13035,1.00,,2123201411333
CT,CT-MAIN,,13019,10.00,,2123201411562
CT,CT-MAIN,,P28-J47,24.00,,2123202411820
CT,CT-MAIN,"5520245
",TWH 4,3.00,,2123461204737
CT,CT-MAIN,7006321,"JHP NIPPLE G1/8""-7/16""UNF",1.00,,2123461204768
CT,CT-MAIN,7006319,JHP HOSE G1/8-7/16-200BS,1.00,,2123461204775
CT,CT-MAIN,"7004494
",SR 34-535-X-HG,8.00,,2123461204867
CT,CT-MAIN,"7065034
",S 40,4.00,,2123461204928
CT,CT-MAIN,4305676,SR 14-591-S,6.00,,2123461204935
CT,CT-MAIN,"7002169
",SR 76-1499,2.00,,2123461204959
CT,CT-MAIN,"7006316

",SR M2.5X6-T7-60,4.00,,2123461204997
CT,CT-MAIN,"7006639


",SR M2.5X5-T7-60,1.00,,2123461205048
CT,CT-MAIN,"5507140
",RDT 3-2,4.00,,2123461205062
CT,CT-MAIN,"7001058
",SR M2.5X3DIN913 45H,1.00,,2123461205079
CT,CT-MAIN,"7005373
",SR 114-018-L5.30-HG,7.00,,2123461205116
CT,CT-MAIN,"7066668
",SR 10503833,5.00,,2123461205178
CT,CT-MAIN,"3301064
",SR M5-IP25-MT,4.00,,2123461205192
CT,CT-MAIN,5550564,TCN 323,1.00,,2123461205239
CT,CT-MAIN,3381016,ECCENTER SLEEVE 16X32*,2.00,,2123461205321
CT,CT-MAIN,5560067,TDN 3P2,3.00,,2123461205390
CF,CF-MAIN,,MASTER M-20M (0-10),2.00,HL2L32,2130002772198
CF,CF-MAIN,,FX85HP YUSHIROKEN - DRUM,6.00,,2130002772228
CF,CF-MAIN,,FGE201 YUSHIROKEN - DRUM,10.00,,2130002772242
CF,CF-MAIN,,FGE201 YUSHIROKEN - CAN,5.00,,2130002772259
CF,CF-MAIN,,KZ201 YUSHIRON CUT ABAS - DRUM,2.00,,2130002772303
CF,CF-MAIN,,FX99YM YUSHIROKEN - DRUM,4.00,,2130002772365
CF,CF-MAIN,,MC45M YUSHIRO CLEANER - CAN,2.00,,2130002772532
CF,CF-MAIN,,CL35 YUSHIRON OIL - DRUM,2.00,,2130002772549
CF,CF-MAIN,,FX300M YUSHIROKEN - DRUM,1.00,,2130002772563
CF,CF-MAIN,,KM557 - YUSHIRON CUT ABAS-CAN,1.00,,2130002772693
CF,CF-MAIN,,FGE180 YUSHIROKEN - DRUM,4.00,,2130002772747
CF,CF-MAIN,,FX70 YUSHIROKEN - CAN,16.00,,2130002772921
CF,CF-MAIN,,FX70 YUSHIROKEN - DRUM,23.00,,2130002772938
CF,CF-MAIN,,P307N NONRUSTER - DRUM,12.00,,2130002772952
CF,CF-MAIN,,WRS2 YUSHIRO CLEANER - CAN,5.00,,2130002772983
CF,CF-MAIN,,CG-M350 YUSHIRON OIL - DRUM,9.00,,2130002772990
CF,CF-MAIN,,WRS30 YUSHIRO CLEANER - CAN,3.00,,2130002773010
CF,CF-MAIN,,CG-M8P YUSHIRON OIL - DRUM,1.00,,2130002773034
CF,CF-MAIN,,S-M001P YUSHIROKEN - CAN,5.00,,2130002773089
CF,CF-MAIN,,O-45J3 YUSHIRO CLEANER - DRUM,1.00,,2130002773102
CF,CF-MAIN,,KM479 - YUSHIRON CUT ABAS-DRUM,12.00,,2130002773126
CF,CF-MAIN,,WR-C YUSHILUBE - PAIL,1.00,,2130002773133
CF,CF-MAIN,,PCW560 YUSHIRO CLEANER - DRUM,3.00,,2130002773140
CF,CF-MAIN,,KZ315 YUSHIRON CUT ABAS - DRUM,2.00,,2130002773218
CF,CF-MAIN,,FX20EK YUSHIROKEN - DRUM,1.00,,2130002773225
CF,CF-MAIN,,BZ214 YUSHIRON CUT ABAS - DRUM,14.00,,2139852700085
CF,CF-MAIN,,#880 YUSHIROKEN - CAN,1.00,,2139882700017
CF,CF-MAIN,,FGS700 YUSHIROKEN - CAN,29.00,,2139892700069
VKH,VKH-MAIN,,NC01N010000,202.00,HL4L14,2140001313766
VKH,VKH-MAIN,,M5 X 165MM,4.00,,2140001614016
VKH,VKH-MAIN,,HM2-210-35-1C-13,4.00,HL1L21,2140002813999
VKH,VKH-MAIN,,M10 30 05 4989,42.00,HL4L10,2140003613888
VKH,VKH-MAIN,,HTL-DS10,1.00,,2140320700018
VKH,VKH-MAIN,,AB-1162S,5.00,HL4L18,2141002100010
VKH,VKH-MAIN,,EY-804,17.00,HL4L24,2141810509869
VKH,VKH-MAIN,,AT-63-250K-A1-N-02,28.00,HL1L05,2141812109494
VKH,VKH-MAIN,,PG-10A,2.00,HL1L27,2141812109500
VKH,VKH-MAIN,,AT-100-250K-A1-P-04,2.00,HL1L05,2141812109852
VKH,VKH-MAIN,,DT-63-150K-B1-N-02,16.00,HL1L05,2141812109876
VKH,VKH-MAIN,,NUL-04,8.00,HL1L07,2141812109883
VKH,VKH-MAIN,,DT-63-35K-B1-N-02,1.00,HL1L05,2141812110018
VKH,VKH-MAIN,,AT-100-10K-A1-N-04,1.00,HL1L05,2141812110063
VKH,VKH-MAIN,,OA-300,2.00,HL4L18,2141812110087
VKH,VKH-MAIN,,"A-2 1/2""250BAR/3500PSI-1/4""NPT",28.00,HL4L18,2141812110100
VKH,VKH-MAIN,,"A-2 1/2""10BAR/150PSI-1/4""NPT",9.00,HL4L18,2141812110117
VKH,VKH-MAIN,,"A-2 1/2""400BAR/6000PSI-1/4""NPT",5.00,HL4L18,2141812110124
VKH,VKH-MAIN,,"A-2 1/2""60BAR/870PSI-1/4""BSPP",1.00,HL4L18,2141812110148
VKH,VKH-MAIN,,"A-2 1/2""250BAR/3500PSI-1/4""BSP",3.00,HL4L18,2141812110162
VKH,VKH-MAIN,,"A-2 1/2""400BAR/6000PSI-1/4""BSP",4.00,HL4L18,2141812110179
VKH,VKH-MAIN,,"A-2 1/2""700BAR/10000PSI-1/4NPT",2.00,HL4L18,2141812110247
VKH,VKH-MAIN,,"A-2 1/2""25BAR/350PSI-1/4""NPT",5.00,HL4L18,2141812110261
VKH,VKH-MAIN,,"A-2 1/2""4BAR/60PSI-1/4""NPT",12.00,HL4L18,2141812110278
VKH,VKH-MAIN,,"D-2 1/2""10BAR/150PSI-1/4""NPT",2.00,HL4L18,2141812110322
VKH,VKH-MAIN,,"BD2-1/2""400BAR/6000PSI-1/4""NPT",7.00,HL4L18,2141812110346
VKH,VKH-MAIN,,"A-2 1/2""70BAR/1000PSI-1/4""NPT",6.00,HL4L18,2141812110353
VKH,VKH-MAIN,,AT-100-350K-A1-N-02,4.00,HL1L05,2141812110438
VKH,VKH-MAIN,,SGM-25-75-S,2.00,HL4L24,2142440534726
VKH,VKH-MAIN,,RC-256,1.00,,2142440535297
VKH,VKH-MAIN,,RC-506,1.00,,2142440535303
VKH,VKH-MAIN,,63MM B X 50MM S X 35MM P.ROD,1.00,HL1L30,2142441630724
VKH,VKH-MAIN,,N5G-2X38-N-1.38-1-X-J-B-1T HA0,1.00,,2142441731568
VKH,VKH-MAIN,,HC-TL-16D-200-080-CL2009-ST660,2.00,,2142441732930
VKH,VKH-MAIN,C/W COUNTERBALANCE VALVE,OETD-180-100-850 MP1,2.00,,2142441734187
VKH,VKH-MAIN,,TR3036-14,9.00,,2142441734354
VKH,VKH-MAIN,,OETD-50.8-28.575-405 MP1,4.00,,2142441734712
VKH,VKH-MAIN,,TR3516-CL31.5-14,16.00,,2142441734941
VKH,VKH-MAIN,,DU-200-125-CA,1.00,HL1L27,2142442133934
VKH,VKH-MAIN,,MGT06T2,4.00,,2142450515647
VKH,VKH-MAIN,,R8M.400.H3.A0.D40,1.00,,2142451315956
VKH,VKH-MAIN,,MRH-3150-EW-2,1.00,,2142451415021
VKH,VKH-MAIN,,DRC-750-L-D,2.00,,2142451515189
VKH,VKH-MAIN,,DRC-750-L-A,2.00,,2142451515868
VKH,VKH-MAIN,,103-1031-012,5.00,,2142451715121
VKH,VKH-MAIN,,50M300A-11C-20-114,9.00,,2142451715459
VKH,VKH-MAIN,,OMV 400 151B3101,2.00,,2142451715480
VKH,VKH-MAIN,500-540-A31-20-0,505-540-A31-20-0,12.00,HL4L27,2142451715671
VKH,VKH-MAIN,,M76A880BEOL12-11,2.00,,2142451716012
VKH,VKH-MAIN,,MMF-044-DAFGAB-NNN,10.00,,2142451716098
VKH,VKH-MAIN,,105-1075-006,1.00,,2142452415266
VKH,VKH-MAIN,,104-1025-006,5.00,,2142452415297
VKH,VKH-MAIN,,MFB5-K-70,1.00,HL1L30,2142452415334
VKH,VKH-MAIN,,112-1066-006,3.00,,2142452415358
VKH,VKH-MAIN,S-240DA2-K,S-220DA2XM,1.00,,2142452415723
VKH,VKH-MAIN,,105-1007-006,3.00,,2142452416003
VKH,VKH-MAIN,,112-1107-006,1.00,,2142452416089
VKH,VKH-MAIN,,AW-0607-CD2,1.00,HL1L04,2142462105294
VKH,VKH-MAIN,,FOR AF20 45-61R-PPB 050,6.00,,2142700522227
VKH,VKH-MAIN,,500444003,2.00,HL4L28,2142701721667
VKH,VKH-MAIN,,500018252,2.00,HL4L28,2142701721681
VKH,VKH-MAIN,,700666000,16.00,HL4L27,2142701721872
VKH,VKH-MAIN,,4993012-001,1.00,HL1L12,2142701722084
VKH,VKH-MAIN,,02-102264,12.00,,2142701722206
VKH,VKH-MAIN,,444506,14.00,HL4L27,2142701722435
VKH,VKH-MAIN,,SK180/100,1.00,,2142701722671
VKH,VKH-MAIN,,920191N,1.00,HL1L30,2142702421924
VKH,VKH-MAIN,,02-136786N,1.00,HL1L30,2142702422143
VKH,VKH-MAIN,,922832N,6.00,HL1L30,2142702422341
VKH,VKH-MAIN,,IFP-923096N,7.00,HL1L30,2142702422488
VKH,VKH-MAIN,,HC-7220,2.00,,2142840539185
VKH,VKH-MAIN,,S7-08-I12-Q10-3 M,3.00,,2142841602468
VKH,VKH-MAIN,,TH-08-I9-I9-43 FT,1.00,,2142841603762
VKH,VKH-MAIN,,SSH1-08-AH11-L8-41 IN,24.00,,2142841639686
VKH,VKH-MAIN,,HC-7210,3.00,,2142841643386
VKH,VKH-MAIN,,SSH1-04 X 6 FT LONG,1.00,,2142841669331
VKH,VKH-MAIN,,SSH1-12-I15-I15-18 IN,2.00,,2142841682859
VKH,VKH-MAIN,,SSH1-12-AU4-AU4-42 IN LONG,3.00,,2142841694135
VKH,VKH-MAIN,,GH493-20-I21-I21-680 MM FLSQ,1.00,,2142841701543
VKH,VKH-MAIN,,PTFE-04-L1-Q1-6 FT,240.00,,2142841723224
VKH,VKH-MAIN,,R7-12,29.50,,2142841725532
VKH,VKH-MAIN,,R7-06,367.00,,2142841725556
VKH,VKH-MAIN,,R7-04,25.00,,2142841725563
VKH,VKH-MAIN,,FC687-32-L29-L29-10 M,1.00,,2142841725938
VKH,VKH-MAIN,,GH493-24-V12-V12-72 IN,1.00,,2142841729264
VKH,VKH-MAIN,,FC686-4-V3-V3-100 IN,1.00,,2142841738853
VKH,VKH-MAIN,,GH493-10-L10-L10-73 IN,1.00,,2142841791551
VKH,VKH-MAIN,,4SP-16-L18-Q17-365 MM,2.00,,2142842841644
VKH,VKH-MAIN,,4SP-12-V7-V7-25 IN,1.00,,2142842875182
VKH,VKH-MAIN,,12MM DIA,2.00,,2142871701971
VKH,VKH-MAIN,,6MM,90.00,,2142871702190
VKH,VKH-MAIN,,15MM DIA,414.00,,2142871702220
VKH,VKH-MAIN,,DK2803,59.00,HL4L17,2142933605421
VKH,VKH-MAIN,,DK4203,76.00,HL4L17,2142933605438
VKH,VKH-MAIN,,DK5503,25.00,HL4L17,2142933605445
VKH,VKH-MAIN,,DK2802,30.00,HL4L17,2142953602295
VKH,VKH-MAIN,,DK4202,30.00,HL4L17,2142953602301
VKH,VKH-MAIN,,DK5502,30.00,HL4L17,2142953602318
VKH,VKH-MAIN,,FL-16N,116.00,G2L4B1,2143010547801
VKH,VKH-MAIN,,1SN-24-24N,20.00,,2143010547863
VKH,VKH-MAIN,,1JN-04-08N,57.00,R4L5B5,2143010548082
VKH,VKH-MAIN,,1JN-16-12N,79.00,,2143010548099
VKH,VKH-MAIN,,1JN-20-16N,218.00,R7L5B1,2143010548105
VKH,VKH-MAIN,,1JN4-12-08N,16.00,,2143010548112
VKH,VKH-MAIN,,1JN9-04-08N,60.00,,2143010548129
VKH,VKH-MAIN,,1N-08-04N,54.00,,2143010548143
VKH,VKH-MAIN,,1N9-16-16N,43.00,,2143010548150
VKH,VKH-MAIN,,22641-10-10N,67.00,Y1L6B1,2143010548174
VKH,VKH-MAIN,,4N-16N,78.00,,2143010548181
VKH,VKH-MAIN,,87642-32-32N,3.00,,2143010548204
VKH,VKH-MAIN,,1JO9-04-04-OGN,60.00,,2143010548259
VKH,VKH-MAIN,,1JO9-06-06-OGN,271.00,,2143010548266
VKH,VKH-MAIN,,1JN-04-16N,10.00,,2143010548532
VKH,VKH-MAIN,,1JN-12-24N,21.00,,2143010548549
VKH,VKH-MAIN,,1JO9-08-10N-OG,42.00,,2143010548556
VKH,VKH-MAIN,,1N9-06-12N,50.00,,2143010548563
VKH,VKH-MAIN,,1N9-08-12N,2.00,,2143010548570
VKH,VKH-MAIN,,1N9-12-12N,58.00,Y8L1B4,2143010548587
VKH,VKH-MAIN,,1SN-04-06N,63.00,,2143010548600
VKH,VKH-MAIN,,5N-12-04N,75.00,,2143010548617
VKH,VKH-MAIN,,28641-12-04N,279.00,,2143010548662
VKH,VKH-MAIN,,28641-14-04N,357.00,,2143010548679
VKH,VKH-MAIN,,28641-16-04N,1.00,,2143010548686
VKH,VKH-MAIN,,28641-16-06N,7.00,,2143010548693
VKH,VKH-MAIN,,28641-18-06N,83.00,,2143010548709
VKH,VKH-MAIN,,28641-20-06N,1.00,,2143010548716
VKH,VKH-MAIN,,28641-20-08N,17.00,,2143010548723
VKH,VKH-MAIN,,28641-24-08N,75.00,,2143010548747
VKH,VKH-MAIN,,28641-24-10N,59.00,,2143010548761
VKH,VKH-MAIN,,28641-30-12N,42.00,,2143010548778
VKH,VKH-MAIN,,28641-33-16N,56.00,B7L3B5,2143010548785
VKH,VKH-MAIN,,28691-12-04N,132.00,B7L3B4,2143010548792
VKH,VKH-MAIN,,28691-14-04N,20.00,B7L3B3,2143010548808
VKH,VKH-MAIN,,28691-18-06N,85.00,B8L3B5,2143010548839
VKH,VKH-MAIN,,28691-20-06N,1.00,B8L3B3,2143010548846
VKH,VKH-MAIN,,28691-22-06N,103.00,B8L3B1,2143010548853
VKH,VKH-MAIN,,28691-24-10N,2.00,B1L4B3,2143010548891
VKH,VKH-MAIN,,28691-30-12N,2.00,B1L4B2,2143010548907
VKH,VKH-MAIN,,28691-33-16N,77.00,B1L4B1,2143010548914
VKH,VKH-MAIN,,4N-12N,27.00,B3L6B1,2143010549003
VKH,VKH-MAIN,,4N-20N,39.00,,2143010549010
VKH,VKH-MAIN,,28641-22-06N,57.00,,2143010549218
VKH,VKH-MAIN,,22612-16-16N,166.00,Y6L5B4,2143010549706
VKH,VKH-MAIN,,20511C-24-10N,140.00,,2143010549737
VKH,VKH-MAIN,,20511C-24-08N,47.00,,2143010549744
VKH,VKH-MAIN,,30511C-18-04N,124.00,,2143010549751
VKH,VKH-MAIN,,30591C-24-08N,69.00,,2143010549775
VKH,VKH-MAIN,,20591C-24-10N,105.00,,2143010549812
VKH,VKH-MAIN,,22612D-16-16N,"2,554.00",Y7L5B4,2143010549911
VKH,VKH-MAIN,,1N-20-20N,78.00,Y6L1B2,2143010549973
VKH,VKH-MAIN,,20511-20-08N,23.00,,2143010549980
VKH,VKH-MAIN,,ESC10-02,207.00,,2143010550054
VKH,VKH-MAIN,,ESC-08-01,220.00,,2143010550146
VKH,VKH-MAIN,,ESC-08-02,196.00,,2143010550153
VKH,VKH-MAIN,,EPG-10-8,29.00,,2143010550160
VKH,VKH-MAIN,,EPG-08-06,62.00,,2143010550177
VKH,VKH-MAIN,,1JN-10-08N,50.00,,2143010550184
VKH,VKH-MAIN,,1JN9-06-08N,138.00,,2143010550634
VKH,VKH-MAIN,,1N9-24-24N,71.00,Y1L2B3,2143010550719
VKH,VKH-MAIN,,1N9-20-20N,31.00,,2143010550726
VKH,VKH-MAIN,,1JN-16-20N,41.00,,2143010550733
VKH,VKH-MAIN,,1JN-20-24N,91.00,R8L5B4,2143010550740
VKH,VKH-MAIN,,4N-24N,114.00,,2143010550887
VKH,VKH-MAIN,,FL-40N,149.00,,2143010551051
VKH,VKH-MAIN,,00110-24N,101.00,,2143010551358
VKH,VKH-MAIN,,1JN-04-06N,190.00,,2143010551372
VKH,VKH-MAIN,,1JO-16-24N,63.00,,2143010551389
VKH,VKH-MAIN,,29691-06-06N,148.00,,2143010551396
VKH,VKH-MAIN,,22611D-04-04N,532.00,Y5L5B5,2143010551945
VKH,VKH-MAIN,,2B9-16N,103.00,,2143010552270
VKH,VKH-MAIN,,7N9-04-04N,54.00,G6L1B3,2143010552287
VKH,VKH-MAIN,,1B9-04-04N,28.00,,2143010552324
VKH,VKH-MAIN,,1B9-16-16N,10.00,,2143010552331
VKH,VKH-MAIN,,1BN9-04-04N,38.00,,2143010552348
VKH,VKH-MAIN,,1JN-12-16N,226.00,,2143010552355
VKH,VKH-MAIN,,1JN9-08-12N,25.00,R5L6B1,2143010552362
VKH,VKH-MAIN,,28611-18-08N,150.00,B7L2B3,2143010552379
VKH,VKH-MAIN,,29691-04-04N,78.00,,2143010552386
VKH,VKH-MAIN,,24291-20-20N,153.00,,2143010552485
VKH,VKH-MAIN,,28691-18-08N,148.00,,2143010552492
VKH,VKH-MAIN,,30211-24-08N,210.00,,2143010552508
VKH,VKH-MAIN,,7N-04-04N,56.00,G4L1B4,2143010552515
VKH,VKH-MAIN,,7NU-04N,34.00,,2143010552522
VKH,VKH-MAIN,,87341-16-12N,80.00,,2143010552539
VKH,VKH-MAIN,,87341-20-20N,21.00,,2143010552546
VKH,VKH-MAIN,,87691-12-12N,73.00,,2143010552560
VKH,VKH-MAIN,,20211-18-08N,10.00,Y1L3B3,2143010552645
VKH,VKH-MAIN,,20211-26-12N,17.00,,2143010552652
VKH,VKH-MAIN,,10511-18-04N,241.00,R1L2B5,2143010552676
VKH,VKH-MAIN,,10411-26-10N,12.00,,2143010552683
VKH,VKH-MAIN,,10511-30-12N,229.00,,2143010552690
VKH,VKH-MAIN,,10511-22-08N,165.00,,2143010552706
VKH,VKH-MAIN,,12611A-12-12N,2.00,,2143010553291
VKH,VKH-MAIN,,28612-42-24N,50.00,,2143010553444
VKH,VKH-MAIN,,FL-48N,130.00,,2143010553536
VKH,VKH-MAIN,,87342-08-08N,5.00,G1L2B5,2143010553710
VKH,VKH-MAIN,,87392-08-08N,113.00,G3L2B5,2143010553727
VKH,VKH-MAIN,,28611-18-04N,84.00,B7L2B5,2143010554175
VKH,VKH-MAIN,,34241-20-20N,88.00,,2143010554823
VKH,VKH-MAIN,,AS-06-06-06N,236.00,,2143010554960
VKH,VKH-MAIN,,1SN-06-08N,233.00,,2143010554977
VKH,VKH-MAIN,,34211-24-24N,33.00,,2143010554984
VKH,VKH-MAIN,,70011-16-04N,76.00,B8L6B3,2143010555172
VKH,VKH-MAIN,,1N9-32-32N,87.00,,2143010555301
VKH,VKH-MAIN,,10211-14-06N,139.00,,2143010555684
VKH,VKH-MAIN,,16711-20-20N,42.00,,2143010555691
VKH,VKH-MAIN,,1JN-20-12N,200.00,,2143010555707
VKH,VKH-MAIN,EP4-20-20,1JN4-20-20N,11.00,,2143010555714
VKH,VKH-MAIN,,1JN4-24-24N,9.00,,2143010555721
VKH,VKH-MAIN,,20511C-14-04N,25.00,Y6L3B5,2143010555738
VKH,VKH-MAIN,,20511C-16-06N,179.00,Y7L3B2,2143010555745
VKH,VKH-MAIN,,20511C-20-08N,3.00,,2143010555752
VKH,VKH-MAIN,,20511C-22-06N,6.00,Y8L3B4,2143010555769
VKH,VKH-MAIN,,20541-16-06N,34.00,,2143010555783
VKH,VKH-MAIN,20591-16-06L,20591-16-06N,4.00,,2143010555790
VKH,VKH-MAIN,,7N-16-16N,2.00,G5L1B4,2143010555837
VKH,VKH-MAIN,,87342-24-20N,47.00,,2143010555844
VKH,VKH-MAIN,,00210-32N,379.00,R5L1B5,2143010555899
VKH,VKH-MAIN,,87692-20-20N-LD,5.00,,2143010555967
VKH,VKH-MAIN,,1N9-08-08N,93.00,Y8L1B2,2143010556001
VKH,VKH-MAIN,,1JN9-32-32N,116.00,,2143010556018
VKH,VKH-MAIN,,4J-04N,12.00,,2143010556032
VKH,VKH-MAIN,,4J-16N,1.00,,2143010556056
VKH,VKH-MAIN,,4J-20N,22.00,,2143010556063
VKH,VKH-MAIN,,4J-24N,24.00,,2143010556070
VKH,VKH-MAIN,,9J-08N,1.00,,2143010556100
VKH,VKH-MAIN,,9J-20N,1.00,,2143010556131
VKH,VKH-MAIN,,9J-24N,1.00,,2143010556155
VKH,VKH-MAIN,26791-32-32W,26791-32-32N,57.00,,2143010556209
VKH,VKH-MAIN,30211-39-16N,30291-30-12N,6.00,,2143010556469
VKH,VKH-MAIN,,1JG-06-08N,184.00,,2143010556599
VKH,VKH-MAIN,,28611-14-06N,21.00,B6L2B4,2143010556605
VKH,VKH-MAIN,,20511C-18-06N,162.00,Y7L3B4,2143010556735
VKH,VKH-MAIN,,20511C-20-06N,101.00,,2143010556780
VKH,VKH-MAIN,,1JG-06-06N,25.00,R1L5B5,2143010556803
VKH,VKH-MAIN,,EPL-10-02T,116.00,,2143010556858
VKH,VKH-MAIN,,EPL-10-03T,207.00,,2143010556865
VKH,VKH-MAIN,,EPL-10-04T,120.00,,2143010556872
VKH,VKH-MAIN,,EPL-06-M5T,32.00,,2143010556889
VKH,VKH-MAIN,,EPL-08-01T,136.00,,2143010556896
VKH,VKH-MAIN,,EPL-08-02T,136.00,,2143010556902
VKH,VKH-MAIN,,EPL-08-03T,111.00,,2143010556919
VKH,VKH-MAIN,,EPC-06-02T,159.00,,2143010556971
VKH,VKH-MAIN,,EPC-08-01T,33.00,,2143010556988
VKH,VKH-MAIN,,EPC-08-02T,49.00,,2143010556995
VKH,VKH-MAIN,,EPC-08-04T,90.00,,2143010557008
VKH,VKH-MAIN,,EPV-08,216.00,,2143010557015
VKH,VKH-MAIN,,EPV-10,135.00,,2143010557022
VKH,VKH-MAIN,,EPU-04,320.00,,2143010557039
VKH,VKH-MAIN,SQH-06,EPU-06,430.00,,2143010557046
VKH,VKH-MAIN,,EPU-08,215.00,,2143010557053
VKH,VKH-MAIN,,EPU-10,178.00,,2143010557060
VKH,VKH-MAIN,,EPG-12-10,216.00,,2143010557077
VKH,VKH-MAIN,,EPU-12,80.00,,2143010557091
VKH,VKH-MAIN,,EPE-04,290.00,,2143010557107
VKH,VKH-MAIN,,EPE-06,246.00,,2143010557114
VKH,VKH-MAIN,,EPE-08,104.00,,2143010557121
VKH,VKH-MAIN,,EPE-10,31.00,,2143010557138
VKH,VKH-MAIN,,EPE-12,72.00,,2143010557145
VKH,VKH-MAIN,,EPL-12-02T,1.00,,2143010557152
VKH,VKH-MAIN,,EPL-12-03T,88.00,,2143010557169
VKH,VKH-MAIN,,7N9-06-06N,144.00,,2143010557183
VKH,VKH-MAIN,,CC-18-WN,8.00,,2143010557336
VKH,VKH-MAIN,,CC-22-WN,10.00,,2143010557343
VKH,VKH-MAIN,,30441-18-06N,147.00,,2143010557374
VKH,VKH-MAIN,,87392-16-12N-LD-158,5.00,,2143010557381
VKH,VKH-MAIN,,87392-16-12N-LD-132,4.00,,2143010557398
VKH,VKH-MAIN,87611-20-20L,87612-32-24N,8.00,,2143010557459
VKH,VKH-MAIN,,30441-18-08N,209.00,,2143010557510
VKH,VKH-MAIN,20591-18-04L,20591-18-04N,43.00,,2143010557558
VKH,VKH-MAIN,,EPL-12-04T,104.00,,2143010557602
VKH,VKH-MAIN,,22641-20-20N,17.00,,2143010557633
VKH,VKH-MAIN,,1N-32-32N,20.00,,2143010557640
VKH,VKH-MAIN,,14211-20-20N,8.00,,2143010557671
VKH,VKH-MAIN,,14211-24-24N,4.00,,2143010557688
VKH,VKH-MAIN,,16711-32-32N,10.00,,2143010557718
VKH,VKH-MAIN,,00110-04T,"5,327.00",R1L1B5,2143010557725
VKH,VKH-MAIN,,00110-04T (L24.2),"6,432.00",R1L1B4,2143010557732
VKH,VKH-MAIN,,00110-06T,"15,002.00",R1L1B3,2143010557749
VKH,VKH-MAIN,,00110-08T,"2,022.00",R1L1B1,2143010557756
VKH,VKH-MAIN,,00110-10T,226.00,R2L1B5,2143010557763
VKH,VKH-MAIN,,00110-12T,553.00,R2L1B4,2143010557770
VKH,VKH-MAIN,,00110-16T,381.00,R2L1B3,2143010557787
VKH,VKH-MAIN,,00110-20T,170.00,R2L1B2,2143010557794
VKH,VKH-MAIN,,00110-24T,952.00,R3L1B5,2143010557800
VKH,VKH-MAIN,,00210-04T,"9,263.00",R3L1B4,2143010557817
VKH,VKH-MAIN,,00210-06T,"27,778.00",R3L1B3,2143010557824
VKH,VKH-MAIN,,00210-08T,"6,784.00",R3L1B2,2143010557831
VKH,VKH-MAIN,,00210-10T,"1,195.00",R3L1B1,2143010557848
VKH,VKH-MAIN,,00210-12T,"2,956.00",R4L1B5,2143010557855
VKH,VKH-MAIN,,00210-16T,"1,018.00",R4L1B4,2143010557862
VKH,VKH-MAIN,,00210-20T,"1,642.00",R4L1B2,2143010557879
VKH,VKH-MAIN,,00210-24T,"2,402.00",R4L1B1,2143010557886
VKH,VKH-MAIN,,00210-32T,2.00,R5L1B4,2143010557893
VKH,VKH-MAIN,,00400-06T,525.00,R5L1B3,2143010557909
VKH,VKH-MAIN,,00400-08T,"4,707.00",R5L1B2,2143010557916
VKH,VKH-MAIN,,00400-10T,797.00,R5L1B1,2143010557923
VKH,VKH-MAIN,00400-12N,00400-12T,"8,208.00",R6L1B5,2143010557930
VKH,VKH-MAIN,,00400-16T,"4,628.00",R6L1B4,2143010557947
VKH,VKH-MAIN,00400-20L,00400-20T,978.00,R6L1B3,2143010557954
VKH,VKH-MAIN,,00400-24T,993.00,R6L1B2,2143010557961
VKH,VKH-MAIN,,00400-32T,448.00,R7L1B5,2143010557978
VKH,VKH-MAIN,,10211-12-04N,2.00,,2143010558012
VKH,VKH-MAIN,,10211-36-12N,110.00,,2143010558036
VKH,VKH-MAIN,,1J-10-10N,"2,203.00",R6L4B2,2143010558043
VKH,VKH-MAIN,,1SN-06-04N,145.00,,2143010558050
VKH,VKH-MAIN,,20511-24-10N,83.00,,2143010558067
VKH,VKH-MAIN,,20511C-18-04N,126.00,Y7L3B3,2143010558074
VKH,VKH-MAIN,,7N-08-06N,218.00,,2143010558081
VKH,VKH-MAIN,,EPB-06-02T,130.00,,2143010558098
VKH,VKH-MAIN,,1JN9-04-06N,280.00,,2143010558197
VKH,VKH-MAIN,,EPLL-08-03,200.00,,2143010558203
VKH,VKH-MAIN,,10811L-14-06LNN,193.00,R3L2B1,2143010558371
VKH,VKH-MAIN,,10811L-16-06LNN,6.00,,2143010558388
VKH,VKH-MAIN,,14212-12-12N,90.00,R2L3B3,2143010558418
VKH,VKH-MAIN,,15612-12-12N,586.00,R4L3B1,2143010558425
VKH,VKH-MAIN,,15612-16-16N,138.00,R5L3B5,2143010558432
VKH,VKH-MAIN,,15612-20-20N,36.00,R5L3B4,2143010558449
VKH,VKH-MAIN,,22612-12-12N,804.00,Y6L5B3,2143010558456
VKH,VKH-MAIN,,22612-20-20N,39.00,Y6L5B5,2143010558463
VKH,VKH-MAIN,,22612-24-24N,28.00,Y7L5B1,2143010558470
VKH,VKH-MAIN,,26712-16-16N,388.00,B6L1B2,2143010558494
VKH,VKH-MAIN,,26712-20-20N,233.00,B6L1B1,2143010558500
VKH,VKH-MAIN,,26742-16-16N,279.00,,2143010558517
VKH,VKH-MAIN,,26792-16-16N,134.00,B5L2B4,2143010558524
VKH,VKH-MAIN,,29612-16-16N,60.00,B4L4B5,2143010558531
VKH,VKH-MAIN,,20211T-20-04N,146.00,Y2L3B4,2143010558548
VKH,VKH-MAIN,,20211T-20-06N,88.00,Y2L3B5,2143010558555
VKH,VKH-MAIN,,20211T-20-08N,133.00,Y3L3B1,2143010558579
VKH,VKH-MAIN,,20211T-22-08N,77.00,Y3L3B3,2143010558586
VKH,VKH-MAIN,,20511T-14-04N,276.00,Y1L4B5,2143010558593
VKH,VKH-MAIN,,20511T-16-04N,108.00,Y2L4B1,2143010558609
VKH,VKH-MAIN,,20511T-16-06N,49.00,Y2L4B2,2143010558616
VKH,VKH-MAIN,,20512T-52-20N,39.00,,2143010558630
VKH,VKH-MAIN,,20591T-14-04N,127.00,Y1L5B3,2143010558647
VKH,VKH-MAIN,,24211T-04-04N,"1,305.00",Y4L6B5,2143010558661
VKH,VKH-MAIN,,24211T-06-06N,954.00,Y5L6B1,2143010558678
VKH,VKH-MAIN,,24211T-08-08N,795.00,Y5L6B2,2143010558685
VKH,VKH-MAIN,,24211T-10-10N,458.00,Y5L6B3,2143010558692
VKH,VKH-MAIN,,24212T-16-16N,452.00,Y5L6B5,2143010558715
VKH,VKH-MAIN,,24241T-04-04N,74.00,Y6L6B5,2143010558722
VKH,VKH-MAIN,,24241T-06-06N,14.00,Y7L6B1,2143010558739
VKH,VKH-MAIN,,24291T-04-04N,135.00,Y8L6B5,2143010558746
VKH,VKH-MAIN,,24291T-06-06N,401.00,B1L1B4,2143010558753
VKH,VKH-MAIN,,24291T-08-08N,230.00,B1L1B3,2143010558760
VKH,VKH-MAIN,,24291T-10-10N,61.00,B1L1B2,2143010558777
VKH,VKH-MAIN,,24292T-12-12N,461.00,B1L1B1,2143010558784
VKH,VKH-MAIN,,24292T-16-16N,82.00,B2L1B5,2143010558791
VKH,VKH-MAIN,,22642-20-20N,16.00,Y2L6B2,2143010558814
VKH,VKH-MAIN,,14212-16-16N,89.00,R2L3B2,2143010558821
VKH,VKH-MAIN,,14212-20-20N,5.00,R2L3B1,2143010558838
VKH,VKH-MAIN,,14212-24-24N,25.00,R3L3B5,2143010558845
VKH,VKH-MAIN,,16712-24-24N,17.00,,2143010558852
VKH,VKH-MAIN,,5N-12-16N,22.00,,2143010558883
VKH,VKH-MAIN,,70011-18-06N,130.00,G1L1B1,2143010558890
VKH,VKH-MAIN,,40011-04,491.00,B7L5B2,2143010558944
VKH,VKH-MAIN,S096-06-06S-HI-L,40011-06,591.00,B7L5B1,2143010558951
VKH,VKH-MAIN,,40011-08,69.00,B8L5B5,2143010558968
VKH,VKH-MAIN,,40012-12,76.00,B8L5B3,2143010558975
VKH,VKH-MAIN,,40012-16,116.00,B8L5B2,2143010558982
VKH,VKH-MAIN,,EPY-10,129.00,,2143010559101
VKH,VKH-MAIN,,EPU-14,150.00,,2143010559125
VKH,VKH-MAIN,,EPU-16,70.00,,2143010559132
VKH,VKH-MAIN,,10811L-16-04LNN,23.00,R4L2B4,2143010559163
VKH,VKH-MAIN,,22612D-12-12N,929.00,Y7L5B3,2143010559170
VKH,VKH-MAIN,,22692-12-12N,144.00,Y4L6B1,2143010559187
VKH,VKH-MAIN,,28612-20-08N,75.00,B3L3B5,2143010559194
VKH,VKH-MAIN,,28612-24-10N,136.00,B3L3B4,2143010559200
VKH,VKH-MAIN,,29612-12-12N,81.00,B3L4B1,2143010559217
VKH,VKH-MAIN,16711-12-12N,16712-12-12N,287.00,R8L3B5,2143010559224
VKH,VKH-MAIN,,1JN-16-24N,1.00,,2143010559231
VKH,VKH-MAIN,,15611-06-03N,79.00,,2143010559255
VKH,VKH-MAIN,,1S-08-08N,19.00,,2143010559293
VKH,VKH-MAIN,,20511T-20-08N,90.00,Y2L4B5,2143010559309
VKH,VKH-MAIN,,20511T-22-08N,226.00,Y3L4B2,2143010559316
VKH,VKH-MAIN,,20511T-12-04 (6T),1.00,,2143010559446
VKH,VKH-MAIN,,20511T-18-06N,201.00,Y2L4B3,2143010559453
VKH,VKH-MAIN,S856-18-06S-HI-L,20591T-18-06N,115.00,Y2L5B1,2143010559460
VKH,VKH-MAIN,,20591T-22-08N,164.00,Y2L5B5,2143010559477
VKH,VKH-MAIN,,20591T-22-06N,175.00,Y2L5B4,2143010559484
VKH,VKH-MAIN,,20591T-24-10N,42.00,Y3L5B2,2143010559507
VKH,VKH-MAIN,,24291T-06-04N,50.00,,2143010559514
VKH,VKH-MAIN,,EPC-12-03T,47.00,,2143010559521
VKH,VKH-MAIN,,EPC-10-03T,48.00,,2143010559538
VKH,VKH-MAIN,,EPC-12-02T,155.00,,2143010559545
VKH,VKH-MAIN,,EPL-06-02T,158.00,,2143010559552
VKH,VKH-MAIN,,15612-24-24N,148.00,R5L3B3,2143010559569
VKH,VKH-MAIN,,26712-24-24N,55.00,B7L1B5,2143010559576
VKH,VKH-MAIN,,ESC-10-03T,124.00,,2143010559583
VKH,VKH-MAIN,,ESC-08-03T,109.00,,2143010559590
VKH,VKH-MAIN,,1JG-08-06N,73.00,,2143010559606
VKH,VKH-MAIN,,1JG4-08-06-OGN,52.00,,2143010559613
VKH,VKH-MAIN,,BJ-12-12-12N,4.00,,2143010559675
VKH,VKH-MAIN,,20411T-12-04 (6T),216.00,Y4L3B2,2143010559767
VKH,VKH-MAIN,,20511T-24-08 (16.5T),129.00,Y3L4B3,2143010559774
VKH,VKH-MAIN,,20591T-24-08,96.00,Y3L5B1,2143010559798
VKH,VKH-MAIN,,26712-12-12N,107.00,B6L1B3,2143010559804
VKH,VKH-MAIN,,EPL-06-01T,62.00,,2143010559989
VKH,VKH-MAIN,,1J-32-32N,30.00,,2143010560152
VKH,VKH-MAIN,EP4-20-20,1JN4-16-16N,3.00,,2143010560206
VKH,VKH-MAIN,,2NU9-16-16N,95.00,,2143010560213
VKH,VKH-MAIN,,EPC-06-03T,67.00,,2143010560275
VKH,VKH-MAIN,,EPC-08-03T,126.00,,2143010560282
VKH,VKH-MAIN,,EPC-14-03T,150.00,,2143010560299
VKH,VKH-MAIN,,EPC-16-03T,147.00,,2143010560305
VKH,VKH-MAIN,,EPL-06-03T,171.00,,2143010560312
VKH,VKH-MAIN,,EPL-14-03T,150.00,,2143010560329
VKH,VKH-MAIN,,EPL-16-03T,150.00,,2143010560336
VKH,VKH-MAIN,,CC-26-WN,4.00,,2143010560343
VKH,VKH-MAIN,,1JT-24-24N,4.00,,2143010560374
VKH,VKH-MAIN,,1JT9-24-24N,4.00,,2143010560381
VKH,VKH-MAIN,,2GJ-06-06N,1.00,,2143010560398
VKH,VKH-MAIN,,1JG9-12-16-OGN,3.00,,2143010560589
VKH,VKH-MAIN,,EPC-10-04T,27.00,,2143010560633
VKH,VKH-MAIN,,40012-20N,1.00,,2143010560671
VKH,VKH-MAIN,,40012-32N,10.00,,2143010560688
VKH,VKH-MAIN,,10811L-18-06LNN,35.00,,2143010560701
VKH,VKH-MAIN,,20211T-22-04N,176.00,Y3L3B2,2143010560718
VKH,VKH-MAIN,,20411C-12-04N,460.00,Y4L3B1,2143010560725
VKH,VKH-MAIN,,20411T-26-10N,234.00,,2143010560732
VKH,VKH-MAIN,,20441T-12-04N,43.00,,2143010560749
VKH,VKH-MAIN,,20491T-12-04N,110.00,,2143010560756
VKH,VKH-MAIN,,20511C-14-06N,24.00,,2143010560770
VKH,VKH-MAIN,,20511C-20-04N,90.00,,2143010560787
VKH,VKH-MAIN,,20511C-22-04N,107.00,,2143010560794
VKH,VKH-MAIN,,20511T-24-10N,26.00,Y3L4B4,2143010560800
VKH,VKH-MAIN,,20541T-16-04N,62.00,,2143010560817
VKH,VKH-MAIN,,20541T-16-06N,131.00,Y5L4B5,2143010560824
VKH,VKH-MAIN,,20541T-18-06N,"1,869.00",Y6L4B1,2143010560831
VKH,VKH-MAIN,,20541T-22-08N,60.00,Y6L4B4,2143010560848
VKH,VKH-MAIN,,20541T-24-10N,3.00,,2143010560855
VKH,VKH-MAIN,,20542T-36-16N,105.00,Y8L4B2,2143010560862
VKH,VKH-MAIN,S856-18-06S-HI-L,20591T-16-04N,2.00,Y1L5B4,2143010560879
VKH,VKH-MAIN,S856-18-06S-HI-L,20591T-16-06N,21.00,Y1L5B5,2143010560886
VKH,VKH-MAIN,,20592T-36-16N,233.00,Y3L5B4,2143010560893
VKH,VKH-MAIN,,22642-12-12N,156.00,Y1L6B5,2143010560909
VKH,VKH-MAIN,,22642-16-16N,265.00,Y2L6B1,2143010560916
VKH,VKH-MAIN,,24212T-20-20N,146.00,Y6L6B1,2143010560923
VKH,VKH-MAIN,,24242T-12-12N,75.00,Y7L6B4,2143010560930
VKH,VKH-MAIN,,24242T-16-16N,402.00,Y7L6B5,2143010560947
VKH,VKH-MAIN,,29692-12-12N,23.00,,2143010560954
VKH,VKH-MAIN,,40011-10T,1.00,B8L5B4,2143010560961
VKH,VKH-MAIN,,40012-24T,45.00,B1L6B4,2143010560985
VKH,VKH-MAIN,,40012-32T,69.00,B1L6B2,2143010560992
VKH,VKH-MAIN,,87312-10-10N,49.00,G7L1B3,2143010561005
VKH,VKH-MAIN,,10811L-20-06LNN,1.00,,2143010561043
VKH,VKH-MAIN,,16712-16-16N,769.00,R8L3B4,2143010561050
VKH,VKH-MAIN,,20491-22-08N,45.00,,2143010561067
VKH,VKH-MAIN,,20412T-36-16N,9.00,Y4L3B4,2143010561159
VKH,VKH-MAIN,,7N-20-20N,19.00,,2143010561173
VKH,VKH-MAIN,,7N-24-24N,28.00,,2143010561180
VKH,VKH-MAIN,,ESC-08-04G,170.00,,2143010561258
VKH,VKH-MAIN,,2NJ-08-08N,40.00,,2143010561371
VKH,VKH-MAIN,,2NJ-12-12N,20.00,,2143010561388
VKH,VKH-MAIN,,2NJ9-12-12N,30.00,,2143010561401
VKH,VKH-MAIN,,2NU9-20-20N,15.00,,2143010561418
VKH,VKH-MAIN,,20411C-10-04N,10.00,,2143010561425
VKH,VKH-MAIN,,EPE-14,150.00,,2143010561517
VKH,VKH-MAIN,,EPE-16,100.00,,2143010561524
VKH,VKH-MAIN,,ZPC-08-01T,100.00,,2143010561555
VKH,VKH-MAIN,,ZPC-10-01T,169.00,,2143010561562
VKH,VKH-MAIN,,EPC-10-01T-PH068,35.00,,2143010561609
VKH,VKH-MAIN,,EPC-10-02T-PH068-1,1.00,,2143010561623
VKH,VKH-MAIN,,EPC-08-01T-PH068-1,100.00,,2143010561630
VKH,VKH-MAIN,,BPC-08-02T,1.00,,2143010561654
VKH,VKH-MAIN,,BPC-08-01T,60.00,,2143010561678
VKH,VKH-MAIN,,13011-04-04N,14.00,R8L2B5,2143010561746
VKH,VKH-MAIN,1JN4-08-06L,1JN4-06-04N,50.00,,2143010561753
VKH,VKH-MAIN,,24241T-08-08N,258.00,Y7L6B2,2143010561777
VKH,VKH-MAIN,,26742-12-12N,"1,118.00",,2143010561784
VKH,VKH-MAIN,,26792-12-12N,432.00,B5L2B5,2143010561791
VKH,VKH-MAIN,,EPC-06-01T,51.00,,2143010561838
VKH,VKH-MAIN,,70011-22-08N,175.00,G1L1B5,2143010561913
VKH,VKH-MAIN,,24241T-10-10N,92.00,Y7L6B3,2143010561968
VKH,VKH-MAIN,,26792-20-20N,87.00,B5L2B3,2143010561975
VKH,VKH-MAIN,,22692-20-20N,1.00,Y4L6B3,2143010561982
VKH,VKH-MAIN,,10511-18-06N,135.00,R1L2B4,2143010561999
VKH,VKH-MAIN,,87392-16-20N-LD,22.00,,2143010562040
VKH,VKH-MAIN,,87342-32-24N,20.00,,2143010562057
VKH,VKH-MAIN,,87392-32-24N,22.00,,2143010562064
VKH,VKH-MAIN,,87612-08-08N,14.00,,2143010562071
VKH,VKH-MAIN,87311-32-24L,87312-32-24N,11.00,,2143010562088
VKH,VKH-MAIN,,34291-16-16N-LD,1.00,,2143010562194
VKH,VKH-MAIN,,14211-10-10N,38.00,R1L3B4,2143010562217
VKH,VKH-MAIN,NP6-08-08,1J-08-06N,"1,439.00",,2143010562224
VKH,VKH-MAIN,,SLPF-40-E2S1,3.00,HL4L19,2143010562323
VKH,VKH-MAIN,,20511T-22-06N,103.00,Y3L4B1,2143010562385
VKH,VKH-MAIN,,26711D-04-04N,11.00,B5L1B2,2143010562392
VKH,VKH-MAIN,,26711D-06-06N,1.00,B5L1B1,2143010562408
VKH,VKH-MAIN,,26711D-08-08N,21.00,B6L1B5,2143010562415
VKH,VKH-MAIN,,26712D-10-10N,563.00,B7L1B2,2143010562422
VKH,VKH-MAIN,,26712D-12-12N,130.00,B7L1B1,2143010562439
VKH,VKH-MAIN,,26712D-16-16N,243.00,B8L1B5,2143010562446
VKH,VKH-MAIN,,26742-20-20N,114.00,B2L2B4,2143010562460
VKH,VKH-MAIN,,28611D-12-04N,506.00,B1L3B3,2143010562477
VKH,VKH-MAIN,,28611D-14-04N,446.00,B1L3B2,2143010562484
VKH,VKH-MAIN,,28611D-16-06N,171.00,B2L3B5,2143010562491
VKH,VKH-MAIN,,28611D-18-06N,609.00,,2143010562507
VKH,VKH-MAIN,,28611D-20-06N,200.00,,2143010562514
VKH,VKH-MAIN,,28611D-22-08N,70.00,B2L3B1,2143010562521
VKH,VKH-MAIN,,28612D-24-10N,621.00,B4L3B5,2143010562538
VKH,VKH-MAIN,,28612D-33-16N,95.00,B4L3B3,2143010562545
VKH,VKH-MAIN,,29611D-04-04N,116.00,B3L4B5,2143010562552
VKH,VKH-MAIN,,29611D-06-06N,73.00,B3L4B4,2143010562569
VKH,VKH-MAIN,,29611D-08-08N,31.00,B3L4B3,2143010562576
VKH,VKH-MAIN,,29611D-10-10N,590.00,B3L4B2,2143010562583
VKH,VKH-MAIN,,29612D-12-12N,251.00,B4L4B2,2143010562590
VKH,VKH-MAIN,,29612D-16-16N,94.00,B4L4B1,2143010562606
VKH,VKH-MAIN,,700M-14N,117.00,G2L1B3,2143010562613
VKH,VKH-MAIN,,700M-20N,289.00,,2143010562620
VKH,VKH-MAIN,,700M-22N,385.00,,2143010562637
VKH,VKH-MAIN,,NC01N020000,180.00,HL4L14,2143011359007
VKH,VKH-MAIN,,NC01N030000,3.00,HL4L14,2143011359021
VKH,VKH-MAIN,,NC02N010000,202.00,HL4L14,2143011359038
VKH,VKH-MAIN,,NC02N020000,180.00,HL4L14,2143011359045
VKH,VKH-MAIN,,NC02N030000,3.00,HL4L14,2143011359052
VKH,VKH-MAIN,,NC02N040000,91.00,HL4L14,2143011361437
VKH,VKH-MAIN,,NC01N040000,91.00,HL4L14,2143011361444
VKH,VKH-MAIN,,NC01N050000,26.00,HL4L14,2143011361451
VKH,VKH-MAIN,,NC02N050000,26.00,HL4L14,2143011361468
VKH,VKH-MAIN,,NC01N060000,8.00,HL4L14,2143011361475
VKH,VKH-MAIN,,NC02N060000,8.00,HL4L14,2143011361482
VKH,VKH-MAIN,,5N-32-24L,5.00,,2143011648224
VKH,VKH-MAIN,,30511-52-24L,1.00,,2143011649504
VKH,VKH-MAIN,,16011-08-06L,10.00,,2143011650784
VKH,VKH-MAIN,,13011-06-06L,2.00,,2143011651682
VKH,VKH-MAIN,,I-04-04L,1.00,,2143011652290
VKH,VKH-MAIN,,3/16 X 12MM X 1.0MM,1.00,,2143011652306
VKH,VKH-MAIN,,1JN-06-12L,11.00,,2143011652825
VKH,VKH-MAIN,28611-12-04L,28611-12-04L (1.0P),2.00,,2143011653136
VKH,VKH-MAIN,,"T-605 X 3""",2.00,,2143011653334
VKH,VKH-MAIN,,87611-24-24L,1.00,,2143011653365
VKH,VKH-MAIN,,1J9-04-04L,2.00,,2143011653372
VKH,VKH-MAIN,,30211-14-04L,4.00,,2143011653839
VKH,VKH-MAIN,,1JO-12-16L,2.00,,2143011654003
VKH,VKH-MAIN,,C-604,2.00,,2143011654072
VKH,VKH-MAIN,,1B-20-20L,5.00,,2143011654126
VKH,VKH-MAIN,,1CN-18-06L,1.00,,2143011654690
VKH,VKH-MAIN,,1CN-16-06L,2.00,,2143011654706
VKH,VKH-MAIN,,34241-24-24N,80.00,,2143011654805
VKH,VKH-MAIN,,34291-24-24N,15.00,,2143011654812
VKH,VKH-MAIN,,87691-24-20L,1.00,,2143011654867
VKH,VKH-MAIN,,87641-24-20L,1.00,,2143011654881
VKH,VKH-MAIN,,1N-32-24L,2.00,,2143011655284
VKH,VKH-MAIN,,10-315-1060,1.00,,2143011656632
VKH,VKH-MAIN,,10-315-5060,1.00,,2143011656649
VKH,VKH-MAIN,,4D-52L,1.00,,2143011658926
VKH,VKH-MAIN,,1DN-52-16L,1.00,,2143011658933
VKH,VKH-MAIN,S056-16-10S-HI-L,24291-08-10L,1.00,,2143011660509
VKH,VKH-MAIN,,DT-25S,8.00,,2143011747828
VKH,VKH-MAIN,,DT-14S,4.00,,2143011747835
VKH,VKH-MAIN,,DMC 25L-08N,2.00,,2143011747842
VKH,VKH-MAIN,P-TV-6L,BT-6S,50.00,,2143011752907
VKH,VKH-MAIN,,K-R 10 L/S-A2SI,2.00,,2143011753096
VKH,VKH-MAIN,,K-R 18 L A2SI,2.00,,2143011753102
VKH,VKH-MAIN,,"P-GEV-10L-3/8"" NPT",27.00,,2143011753591
VKH,VKH-MAIN,,"P-GEV-12L-1/2"" NPT",17.00,,2143011753737
VKH,VKH-MAIN,,P-GV-12L,20.00,,2143011753744
VKH,VKH-MAIN,,12MM  DIA,28.00,,2143011753775
VKH,VKH-MAIN,,RAPR 3-215,748.00,,2143011755977
VKH,VKH-MAIN,,SQG-802,50.00,HL1L25,2143012147764
VKH,VKH-MAIN,,SQRC-802A,10.00,HL1L25,2143012149294
VKH,VKH-MAIN,,SQRC-1003A,10.00,HL1L25,2143012149300
VKH,VKH-MAIN,,SQSL-10-02,40.00,HL1L25,2143012149676
VKH,VKH-MAIN,,SQSL-08-02,25.00,HL1L25,2143012149683
VKH,VKH-MAIN,,SQE-1212,4.00,HL1L25,2143012151204
VKH,VKH-MAIN,,PF40,8.00,HL1L25,2143012151679
VKH,VKH-MAIN,,SP20,5.00,HL1L25,2143012152195
VKH,VKH-MAIN,,P011,7.00,HL1L25,2143012152263
VKH,VKH-MAIN,,CSC400-03,3.00,HL1L26,2143012153321
VKH,VKH-MAIN,,SM-40,6.00,HL1L25,2143012153925
VKH,VKH-MAIN,,PH20,90.00,HL1L25,2143012154342
VKH,VKH-MAIN,,PP-20,5.00,HL1L25,2143012156520
VKH,VKH-MAIN,,SQSL-08-01,40.00,HL1L25,2143012157596
VKH,VKH-MAIN,,SH40,9.00,HL1L25,2143012159934
VKH,VKH-MAIN,,SF30,15.00,HL1L25,2143012159965
VKH,VKH-MAIN,,SF60,15.00,HL1L25,2143012160268
VKH,VKH-MAIN,,PO21,50.00,HL1L25,2143012162354
VKH,VKH-MAIN,,ZS-08-E5,8.00,HL4L26,2143040537957
VKH,VKH-MAIN,,V5222-E1-08T,35.00,HL4L25,2143040538282
VKH,VKH-MAIN,,V5222-E4-08T,34.00,HL4L25,2143040538305
VKH,VKH-MAIN,,V5231-E2-10T,14.00,HL4L26,2143040538329
VKH,VKH-MAIN,,V5231-E4-10T,43.00,HL4L25,2143040538336
VKH,VKH-MAIN,,V5232-E1-10T,18.00,HL4L26,2143040538343
VKH,VKH-MAIN,,V5232-E5-10T,10.00,HL4L26,2143040538350
VKH,VKH-MAIN,,V5232-E2-10T,5.00,HL4L26,2143040538367
VKH,VKH-MAIN,,V5232-E4-10T,11.00,HL4L26,2143040538374
VKH,VKH-MAIN,,V5241-E2-15T,16.00,HL4L26,2143040538398
VKH,VKH-MAIN,,V5242-E1-15T,13.00,HL4L26,2143040538411
VKH,VKH-MAIN,,V5242-E2-15T,8.00,HL4L26,2143040538428
VKH,VKH-MAIN,,MR432-08T,91.00,HL4L24,2143040538459
VKH,VKH-MAIN,,MR432-10T,24.00,HL4L24,2143040538466
VKH,VKH-MAIN,,MR434-15T,15.00,HL4L24,2143040538473
VKH,VKH-MAIN,,V5221-E2-08T,17.00,HL4L25,2143040538480
VKH,VKH-MAIN,,V5221-E4-08T,28.00,HL4L25,2143040538497
VKH,VKH-MAIN,,V5322-E4-08T,10.00,HL4L26,2143040538787
VKH,VKH-MAIN,,V3221-E4-08T,14.00,HL4L25,2143040539371
VKH,VKH-MAIN,,V3221-E2-08T,14.00,HL4L25,2143040540032
VKH,VKH-MAIN,,DG4V3-2AL-MP7-H7-56,1.00,HL1L38,2143041436228
VKH,VKH-MAIN,,DG4V3-2A-MP7-H7-56,1.00,HL1L38,2143041436259
VKH,VKH-MAIN,48291239,DG4V-3-2C-M-P7-H-7-56,3.00,HL1L39,2143041436266
VKH,VKH-MAIN,,DG4V-3-23A-M-P7-T-7-56,4.00,HL1L38,2143041436297
VKH,VKH-MAIN,48292371,DG4VL-3-2A-M-PK2-H-7-56,10.00,HL1L39,2143041436662
VKH,VKH-MAIN,,DG4V5-2BL-MPLT6-50-P30,2.00,HL1L39,2143041436754
VKH,VKH-MAIN,,DG4V5-7C-MP7LH7-50,1.00,HL1L39,2143041436815
VKH,VKH-MAIN,,DG4VL-3-3C-MPK2H7-56,2.00,HL1L38,2143041436853
VKH,VKH-MAIN,,DG4V-5-0A-U-H-100,1.00,HL1L39,2143041436860
VKH,VKH-MAIN,,DG4V-3-2A-U(110V)-100,1.00,HL1L38,2143041437072
VKH,VKH-MAIN,,DG4V-3-2C-U(110V)-100,1.00,HL1L38,2143041437102
VKH,VKH-MAIN,,DG4V-3-6C-UH-100,6.00,HL1L38,2143041437133
VKH,VKH-MAIN,,DG4V-3-6C-U(110V)-100,7.00,HL1L38,2143041437140
VKH,VKH-MAIN,,DG4V3-8C-MU7G7-56,3.00,HL1L39,2143041437287
VKH,VKH-MAIN,,DG4VL-3-0C-MPK2H7-56,3.00,HL1L39,2143041437805
VKH,VKH-MAIN,,DG4V-3-2N-U-H-100,1.00,HL1L38,2143041437843
VKH,VKH-MAIN,,DG4V5-2C-MU7LH7-50,1.00,HL1L39,2143041437966
VKH,VKH-MAIN,,DG4V-3-2AL-UH-100,1.00,HL1L38,2143041438000
VKH,VKH-MAIN,,DG4V3-6C-MP7-H7-56,2.00,HL1L42,2143041438055
VKH,VKH-MAIN,,DG4V5-6C-MP7LH7-50,1.00,HL1L39,2143041438161
VKH,VKH-MAIN,,DG4V3-0A-MU7H7-56,1.00,HL1L38,2143041438901
VKH,VKH-MAIN,,DG4V3-0B-MU7H7-56,1.00,HL1L38,2143041438925
VKH,VKH-MAIN,,DG4V3-2A-MU2B7-56,1.00,HL1L38,2143041438932
VKH,VKH-MAIN,,DG4V3-2A-MU2D7-56,1.00,HL1L39,2143041438949
VKH,VKH-MAIN,,DG4V3-2A-MU7H7-56,3.00,HL1L42,2143041438956
VKH,VKH-MAIN,,DG4V3-2B-MU7H7-56,3.00,HL1L40,2143041438963
VKH,VKH-MAIN,,DG4V3-2C-MU2B7-56,4.00,HL1L38,2143041438970
VKH,VKH-MAIN,,DG4V3-3C-MU7H7-56,1.00,HL1L39,2143041439014
VKH,VKH-MAIN,,DG4V3-6C-MU2B7-56,3.00,HL1L38,2143041439021
VKH,VKH-MAIN,,DG4V3-6C-MU2D7-56,1.00,HL1L39,2143041439038
VKH,VKH-MAIN,,DG4V3-6C-MU7H7-56,4.00,HL1L38,2143041439045
VKH,VKH-MAIN,,DG4V3-8C-MU7H7-56,1.00,HL1L39,2143041439069
VKH,VKH-MAIN,,DG4V3-0C-MU2B7-56,9.00,HL1L38,2143041439076
VKH,VKH-MAIN,,DG4V3-0C-MU2D7-56,3.00,HL1L38,2143041439083
VKH,VKH-MAIN,,DG4V3-0C-MU7H7-56,1.00,HL1L38,2143041439090
VKH,VKH-MAIN,,DG4V3-2C-MU7H7-56,3.00,HL1L38,2143041439137
VKH,VKH-MAIN,,DG4V3-8C-MU2B7-56,3.00,HL1L38,2143041439144
VKH,VKH-MAIN,,DG4V5-2A-MU1P7-50,2.00,HL1L39,2143041439175
VKH,VKH-MAIN,,DG4V5-2A-MP7LD6-50,4.00,HL1L38,2143041439182
VKH,VKH-MAIN,,DG4V5-2C-MP7LD6-50,3.00,HL1L39,2143041439205
VKH,VKH-MAIN,,DG4V5-6C-MU7LH7-50,1.00,HL1L39,2143041439229
VKH,VKH-MAIN,,DG4V5-6C-MP7LD6-50,3.00,HL1L39,2143041439236
VKH,VKH-MAIN,,DG4V5-6C-MP7LB6-50,3.00,HL1L42,2143041439243
VKH,VKH-MAIN,,DG4V3-0C-MP2T7-56,2.00,HL1L42,2143041439298
VKH,VKH-MAIN,,DG4VL-3-6C-MPK2H7-56,11.00,HL1L39,2143041439304
VKH,VKH-MAIN,,DG4V3-7C-MP7H7-56,1.00,HL1L39,2143041439403
VKH,VKH-MAIN,,DG4V3-33C-UH-100,1.00,HL1L38,2143041439694
VKH,VKH-MAIN,,DG4V-3-2A-UG-100,1.00,HL1L38,2143041439786
VKH,VKH-MAIN,,DG4V3-0A-MU2D7-56,1.00,HL1L38,2143041439953
VKH,VKH-MAIN,,DG4V3-7C-MU2D7-56-JA54,1.00,HL1L38,2143041440126
VKH,VKH-MAIN,,DG4VL-3-2A-MPK2H7-56,4.00,HL1L39,2143041440317
VKH,VKH-MAIN,,DG4V3-3C-MU2D7-56,2.00,HL1L38,2143041440324
VKH,VKH-MAIN,,DG4VL-3-6A-MPK2H7-56,1.00,HL1L39,2143041440362
VKH,VKH-MAIN,,DG4V3-2A-MP7G7-56,1.00,HL1L38,2143041440430
VKH,VKH-MAIN,,DG4V3-2AL-MP7-T7-56,1.00,HL1L39,2143041440454
VKH,VKH-MAIN,,DHH-08-6C-P,5.00,,2143041534917
VKH,VKH-MAIN,,DHH-06-6C-PC,1.00,,2143041534962
VKH,VKH-MAIN,,DHH-08-6C-PC,2.00,,2143041534979
VKH,VKH-MAIN,,DHH-12-6C-P,1.00,,2143041535556
VKH,VKH-MAIN,,DHH-06-6C-PCB,2.00,,2143041539585
VKH,VKH-MAIN,,D6-IN,2.00,,2143041733594
VKH,VKH-MAIN,,D6-OUT,2.00,,2143041733600
VKH,VKH-MAIN,,DG3S8-0C-10,1.00,,2143041733860
VKH,VKH-MAIN,,D40-W002,3.00,,2143041734065
VKH,VKH-MAIN,02-360418,DG5V-8H-8C-VMUB-10,3.00,,2143041734348
VKH,VKH-MAIN,,D20-17L,5.00,,2143041734379
VKH,VKH-MAIN,,DG5V-8H-6C-MUD-10,1.00,,2143041734409
VKH,VKH-MAIN,,DG5V-8H-2C-MUD-10,3.00,,2143041734416
VKH,VKH-MAIN,,D16-IN,3.00,,2143041734638
VKH,VKH-MAIN,,D16-OUT,3.00,,2143041734645
VKH,VKH-MAIN,,D20-W001,1.00,,2143041734652
VKH,VKH-MAIN,,D4-18L,17.00,,2143041735130
VKH,VKH-MAIN,,D4-17L,2.00,,2143041735147
VKH,VKH-MAIN,,D40-18L,11.00,,2143041735246
VKH,VKH-MAIN,,DP40/2P-18L-R,3.00,,2143041735628
VKH,VKH-MAIN,,D20-27L,2.00,,2143041735727
VKH,VKH-MAIN,,DG4V3-2A-MUA6-60,1.00,HL1L15,2143041735758
VKH,VKH-MAIN,,DG5V-8S-0C-MUD-10,1.00,,2143041735840
VKH,VKH-MAIN,,DP80/1P-18L-R,8.00,,2143041735895
VKH,VKH-MAIN,,DP80/2P-18L-R,7.00,,2143041736311
VKH,VKH-MAIN,,DG5V-8S-6C-MUB-10,2.00,,2143041736533
VKH,VKH-MAIN,,D6/1P-W001,1.00,,2143041736564
VKH,VKH-MAIN,,D12-17L,4.00,,2143041737028
VKH,VKH-MAIN,,DP80/1P-28L-R,4.00,,2143041737738
VKH,VKH-MAIN,,D4/1P-17L-R,1.00,,2143041738278
VKH,VKH-MAIN,,D16/1P-W002,2.00,,2143041738728
VKH,VKH-MAIN,,D4-IN,8.00,,2143041738759
VKH,VKH-MAIN,,D4-OUT,8.00,,2143041738766
VKH,VKH-MAIN,,DG4V-5-0C-JMUH7-22,8.00,HL1L15,2143041740677
VKH,VKH-MAIN,,D5-02-3C4-A16,5.00,HL1L02,2143042133652
VKH,VKH-MAIN,,SV9204-24VDC-K,1.00,HL1L28,2143042133928
VKH,VKH-MAIN,,SV6231-**VDC-K,1.00,HL1L28,2143042134048
VKH,VKH-MAIN,,SV6231-**VAC-K,1.00,HL1L28,2143042134222
VKH,VKH-MAIN,,D4-02-3C5-D2,2.00,HL1L02,2143042134246
VKH,VKH-MAIN,,SV6231-110VAC-K,1.00,HL1L28,2143042134352
VKH,VKH-MAIN,,D5-02-2B2B-A26,1.00,HL1L03,2143042135397
VKH,VKH-MAIN,,SV5101-12VDC-K,1.00,HL1L28,2143042135472
VKH,VKH-MAIN,,D4-02-3C3-D2,3.00,HL1L02,2143042136103
VKH,VKH-MAIN,,D5-04-3C3-D2,1.00,HL1L03,2143042136271
VKH,VKH-MAIN,,D5-02-3C10-A16,1.00,HL1L02,2143042136462
VKH,VKH-MAIN,,SUW20-24VDC,1.00,HL1L28,2143042137278
VKH,VKH-MAIN,,SV9204-**VDC-K,3.00,HL1L28,2143042137353
VKH,VKH-MAIN,,D5-03-2D2-A16,3.00,HL1L03,2143042137599
VKH,VKH-MAIN,,HVL-832-NC,1.00,HL1L27,2143042137919
VKH,VKH-MAIN,,SV6101-***VAC-K,3.00,HL1L28,2143042137926
VKH,VKH-MAIN,,D5-03-3C3-***,2.00,HL1L03,2143042138039
VKH,VKH-MAIN,,D4-02-2B3B-A26,3.00,HL1L02,2143042138534
VKH,VKH-MAIN,,SV9204-110VAC-K,3.00,HL1L28,2143042138541
VKH,VKH-MAIN,,SV9204-12VDC-K,1.00,HL1L28,2143042138558
VKH,VKH-MAIN,,SUW20-220VAC,1.00,,2143042138657
VKH,VKH-MAIN,,SV5201-12VDC-K,2.00,HL1L28,2143042139395
VKH,VKH-MAIN,,D4-02-2B3A-D24,1.00,HL1L02,2143042140025
VKH,VKH-MAIN,,SV6101-12VDC-K,2.00,HL1L28,2143042140063
VKH,VKH-MAIN,,SV8233-K-****-N-M1,1.00,HL1L28,2143042140384
VKH,VKH-MAIN,,100L GS16/3/AD(X-100)/18L.P3T/,2.00,HL4L10,2143043639870
VKH,VKH-MAIN,,100L GS16/1/AD(X-100)/18L.P3T,3.00,HL4L10,2143043640135
VKH,VKH-MAIN,,100L GS16/4/AD(X-100)/18L.P3T,5.00,HL4L10,2143043640142
VKH,VKH-MAIN,,150L GS16/2/AD(X-100)/18L.P3T/,1.00,HL4L10,2143043640296
VKH,VKH-MAIN,,P-18L,5.00,HL4L10,2143043640395
VKH,VKH-MAIN,,SSB-03,1.00,HL4L29,2143051527268
VKH,VKH-MAIN,,TA-03,1.00,HL4L29,2143051527282
VKH,VKH-MAIN,,N2-111-080-P1,12.00,,2143051627005
VKH,VKH-MAIN,,N1-512-080,9.00,,2143051627029
VKH,VKH-MAIN,,N-650-080 X 35,1.00,,2143051627036
VKH,VKH-MAIN,,N-811F-080 X 35,7.00,,2143051627043
VKH,VKH-MAIN,,N1-121-080-P1,3.00,,2143051627050
VKH,VKH-MAIN,,SOG145(90)-L,5.00,,2143051627159
VKH,VKH-MAIN,,SBG145(90)-L,7.00,,2143051627166
VKH,VKH-MAIN,,SR018-L,5.00,,2143051627524
VKH,VKH-MAIN,,SW018-L,6.00,,2143051627548
VKH,VKH-MAIN,,SP030-L,8.00,,2143051627685
VKH,VKH-MAIN,,SOG025-L,2.00,,2143051627692
VKH,VKH-MAIN,,N1-121-063,5.00,,2143051627807
VKH,VKH-MAIN,,N2-111-063,11.00,,2143051627821
VKH,VKH-MAIN,,N-650-063 X 025,6.00,,2143051627838
VKH,VKH-MAIN,,N-811F-063 X 025,9.00,,2143051627845
VKH,VKH-MAIN,,SOG160-L,8.00,,2143051627968
VKH,VKH-MAIN,,SOG075(40)-L,4.00,,2143051628019
VKH,VKH-MAIN,,SBG075(40)-L,4.00,,2143051628026
VKH,VKH-MAIN,,N1-512-150,6.00,,2143051628361
VKH,VKH-MAIN,,N-650-150-090,7.00,,2143051628378
VKH,VKH-MAIN,,N-811F-150 X 090,7.00,,2143051628385
VKH,VKH-MAIN,,N1-121-150,7.00,,2143051628392
VKH,VKH-MAIN,,N2-111-150-P1,7.00,,2143051628408
VKH,VKH-MAIN,,N1-512-063,11.00,,2143051628446
VKH,VKH-MAIN,,150MM DIA,16.01,,2143051726760
VKH,VKH-MAIN,,25MM DIA,7.38,,2143051726777
VKH,VKH-MAIN,,35MM DIA,11.28,,2143051726784
VKH,VKH-MAIN,,50MM  DIA,1.97,,2143051726791
VKH,VKH-MAIN,,90MM DIA,21.55,,2143051726807
VKH,VKH-MAIN,,50MM DIA,10.87,,2143051726968
VKH,VKH-MAIN,,30MM DIA,3.78,,2143051727477
VKH,VKH-MAIN,,POS-M8 X 1.25,2.00,HL1L27,2143052127061
VKH,VKH-MAIN,,FOR DU-160-140 CB,12.00,HL1L26,2143052128228
VKH,VKH-MAIN,,DUL-40,4.00,HL1L25,2143052128457
VKH,VKH-MAIN,,HYPLUS AW-46-P,5.00,,2143191600111
VKH,VKH-MAIN,,HYPLUS AW-32-P,12.00,,2143191600128
VKH,VKH-MAIN,,SLIDEWAY OIL 68-P,3.00,,2143191600180
VKH,VKH-MAIN,,MESCO-LUBE GREASE-00-P,5.00,,2143191600197
VKH,VKH-MAIN,,HYPLUS AW-32,10.00,,2143191600210
VKH,VKH-MAIN,,SLIDEWAY OIL 32-P,3.00,,2143191600227
VKH,VKH-MAIN,,A-8A,1.00,HL4L21,2143200528634
VKH,VKH-MAIN,O  01-18-2K,SU-10,64.00,HL4L24,2143200531085
VKH,VKH-MAIN,,S522-1F,4.00,HL4L24,2143200531115
VKH,VKH-MAIN,,GA-3,4.00,,2143200531955
VKH,VKH-MAIN,,PE-38 NEW MODEL,1.00,HL4L29,2143200829380
VKH,VKH-MAIN,,FOR PMH25 B375,1.00,HL4L29,2143200829823
VKH,VKH-MAIN,,DST,2.00,HL4L29,2143200829830
VKH,VKH-MAIN,,30MM DIE,1.00,,2143200830799
VKH,VKH-MAIN,,3016758,4.00,HL4L29,2143200831390
VKH,VKH-MAIN,,CRIMPING GUN,1.00,HL4L29,2143200831673
VKH,VKH-MAIN,,3022721,1.00,HL4L29,2143200831925
VKH,VKH-MAIN,,VP128249,2.00,,2143201429268
VKH,VKH-MAIN,,VPJ376708,1.00,HL1L40,2143201429299
VKH,VKH-MAIN,,VP193220,5.00,,2143201429329
VKH,VKH-MAIN,,VP190362,1.00,,2143201429336
VKH,VKH-MAIN,,N210-10D,1.00,,2143201430042
VKH,VKH-MAIN,,VP343747,6.00,,2143201430745
VKH,VKH-MAIN,,N210-4D-BLADDER,2.00,,2143201431070
VKH,VKH-MAIN,47001070,ESW-G2-35-10-L3,7.00,HL1L40,2143201431513
VKH,VKH-MAIN,,ESW-R-35-10-L3,9.00,HL1L40,2143201431995
VKH,VKH-MAIN,,SCC-01,4.00,HL4L29,2143201528503
VKH,VKH-MAIN,,SG-01,4.00,HL4L29,2143201528831
VKH,VKH-MAIN,,2 X 25 MM DIA,1.00,HL4L29,2143201628067
VKH,VKH-MAIN,,FA-ZA-15,1.00,HL1L30,2143201629668
VKH,VKH-MAIN,,"1"" DIA",10.00,,2143201631180
VKH,VKH-MAIN,,1/2HP 1PH E. MOTOR 7GPM 25U,4.00,,2143201632118
VKH,VKH-MAIN,,928637,1.00,,2143201727746
VKH,VKH-MAIN,,ZA-M10-190,18.00,,2143201727890
VKH,VKH-MAIN,,"30"" DIE",1.00,HL4L29,2143201728057
VKH,VKH-MAIN,,183520012,2.00,HL4L28,2143201728149
VKH,VKH-MAIN,,4KW M456070,5.00,,2143201728279
VKH,VKH-MAIN,,RCM/1-27-A02-MA-M-WE95-RA-G02,1.00,,2143201728552
VKH,VKH-MAIN,,629539,1.00,HL1L13,2143201728675
VKH,VKH-MAIN,,584540,1.00,HL1L13,2143201728859
VKH,VKH-MAIN,,3FIA731320,1.00,HL4L28,2143201728910
VKH,VKH-MAIN,,D40-8 SPRING,3.00,,2143201729115
VKH,VKH-MAIN,,500018059,1.00,HL4L28,2143201729863
VKH,VKH-MAIN,,RCPR 1-225,20.00,,2143201730135
VKH,VKH-MAIN,,RCPR-1-451,50.00,,2143201730142
VKH,VKH-MAIN,,391-0381-904,8.00,HL4L28,2143201730425
VKH,VKH-MAIN,,391-2286-004,1.00,HL4L28,2143201730449
VKH,VKH-MAIN,,391-2883-052,1.00,HL4L28,2143201730463
VKH,VKH-MAIN,,391-2584-082,1.00,HL4L28,2143201730470
VKH,VKH-MAIN,,391-2585-011,4.00,HL4L28,2143201730487
VKH,VKH-MAIN,,RCPR 1-338,50.00,,2143201730685
VKH,VKH-MAIN,,PK6522,1.00,HL1L30,2143201730807
VKH,VKH-MAIN,,SHA/SHB-25A,5.00,,2143201730975
VKH,VKH-MAIN,,SHA/SHB-40A,8.00,,2143201730999
VKH,VKH-MAIN,,SHA/SHB-20A,38.00,,2143201731019
VKH,VKH-MAIN,,NO. 18,1.00,HL4L29,2143201731125
VKH,VKH-MAIN,,SHA/SHB-50A,4.00,,2143201731378
VKH,VKH-MAIN,,SHA/SHB-15A,22.00,,2143201731590
VKH,VKH-MAIN,,632865,1.00,,2143201731989
VKH,VKH-MAIN,,FLE-6368-21-JC,1.00,HL4L28,2143201732016
VKH,VKH-MAIN,,39MM DIE,1.00,HL4L29,2143201732283
VKH,VKH-MAIN,,SLP-10,5.00,HL1L25,2143202127668
VKH,VKH-MAIN,,220VAC-5VA,10.00,HL1L26,2143202127811
VKH,VKH-MAIN,,24VDC-3W,7.00,HL1L26,2143202127828
VKH,VKH-MAIN,,PN0425-TRANSPARENT,169.00,,2143202128283
VKH,VKH-MAIN,,MMC-03-A1,4.00,HL1L04,2143202128337
VKH,VKH-MAIN,,F5-10-B,1.00,HL1L04,2143202128757
VKH,VKH-MAIN,,F5-12-B,11.00,HL1L04,2143202128801
VKH,VKH-MAIN,,SV800-M3,5.00,HL1L28,2143202129730
VKH,VKH-MAIN,,43-650A-24V,39.00,HL1L04,2143202129990
VKH,VKH-MAIN,,SL-03,34.00,HL1L25,2143202131177
VKH,VKH-MAIN,,PN0640-TRANSPARENT,30.00,,2143202131214
VKH,VKH-MAIN,,3F50400004,3.00,HL1L26,2143202131412
VKH,VKH-MAIN,,3F50400002,3.00,HL1L26,2143202131429
VKH,VKH-MAIN,,PN1290-WHITE,50.00,,2143202131610
VKH,VKH-MAIN,,ZDR6DP2-43/YM,1.00,,2143210516201
VKH,VKH-MAIN,,RE-15T,25.00,HL4L24,2143210516539
VKH,VKH-MAIN,,ESC-12-03T,235.00,HL4L23,2143210516577
VKH,VKH-MAIN,,ESC-12-04T,178.00,HL4L23,2143210516584
VKH,VKH-MAIN,,ESC-06-01T,212.00,HL4L23,2143210516591
VKH,VKH-MAIN,,ESC-12-02T,185.00,HL4L23,2143210517048
VKH,VKH-MAIN,,GE3NNT24011A000,106.00,HL4L12,2143211315308
VKH,VKH-MAIN,,GE3NNT33011A000,13.00,HL4L12,2143211315315
VKH,VKH-MAIN,,GE3NNT44011A000,9.00,HL4L12,2143211315322
VKH,VKH-MAIN,,GE3NNT53011A000,7.00,HL4L12,2143211315339
VKH,VKH-MAIN,,GB2NNT73021A000,10.00,HL4L11,2143211315353
VKH,VKH-MAIN,,GF2NNT230110000,28.00,HL4L12,2143211316763
VKH,VKH-MAIN,,GB1NNT6G0L1A000,16.00,HL4L11,2143211317005
VKH,VKH-MAIN,,RCT-10-B4-22-JA-J,2.00,,2143211416326
VKH,VKH-MAIN,,TGMFN-3Y-A2W-51,4.00,HL1L40,2143211416654
VKH,VKH-MAIN,,TGMFN-5Y-A2W-B2W-50,1.00,HL1L40,2143211416661
VKH,VKH-MAIN,,TGMFN-3Y-A1W-B1W-51,1.00,HL1L40,2143211417019
VKH,VKH-MAIN,,CBV-06-C,2.00,,2143211515760
VKH,VKH-MAIN,,CBV-10-C,1.00,,2143211515906
VKH,VKH-MAIN,,41021-1000,1.00,HL4L19,2143211715429
VKH,VKH-MAIN,,VODL/SC38/TR.S.P4,1.00,HL4L28,2143211715535
VKH,VKH-MAIN,,DCV10-8T-N,3.00,HL4L28,2143211715603
VKH,VKH-MAIN,,SM4-20(15)57-80/40-10,2.00,HL1L12,2143211715757
VKH,VKH-MAIN,,FT257/5-1/2,1.00,HL1L14,2143211715771
VKH,VKH-MAIN,,CBCG-LJN,4.00,HL1L30,2143211716099
VKH,VKH-MAIN,,232797,1.00,,2143211716211
VKH,VKH-MAIN,,FD50-45-6TD-N-66,6.00,HL4L28,2143211716426
VKH,VKH-MAIN,,BCD12A,2.00,HL1L30,2143211716648
VKH,VKH-MAIN,,BCD08A,2.00,HL1L30,2143211716860
VKH,VKH-MAIN,,UP08A.DE,5.00,HL1L30,2143211716877
VKH,VKH-MAIN,,E131-K-13-2995-481865-C2,2.00,,2143211716914
VKH,VKH-MAIN,,BSC-300-02,10.00,HL1L26,2143212115853
VKH,VKH-MAIN,,SUD10-**VAC-INC(W/O COIL),3.00,HL1L28,2143212116898
VKH,VKH-MAIN,,IFP-FCR51-06-P-N,11.00,HL1L30,2143212415540
VKH,VKH-MAIN,,AFD32/32,2.00,HL1L30,2143212415724
VKH,VKH-MAIN,,FC51-04-S,1.00,HL1L30,2143212415731
VKH,VKH-MAIN,,AFD16/16,2.00,HL1L30,2143212416967
VKH,VKH-MAIN,,COU-24DC/80,6.00,HL1L30,2143221313707
VKH,VKH-MAIN,,508173,4.00,,2143221713637
VKH,VKH-MAIN,,02-124193,2.00,HL1L13,2143221713682
VKH,VKH-MAIN,,D5-CLD2-A16,1.00,HL1L04,2143222113641
VKH,VKH-MAIN,,D4-CL-02-A16,4.00,HL1L04,2143222113719
VKH,VKH-MAIN,,VA11073A,1.00,HL1L34,2143531414583
VKH,VKH-MAIN,48288967,40088954,1.00,HL1L31,2143531414675
VKH,VKH-MAIN,,VA12575A,1.00,HL1L32,2143531414699
VKH,VKH-MAIN,,VA12557A,5.00,HL1L37,2143531414705
VKH,VKH-MAIN,,VA12095A,2.00,HL1L31,2143531414736
VKH,VKH-MAIN,,VA12261A,3.00,HL1L37,2143531414767
VKH,VKH-MAIN,,VA12559A,2.00,HL1L42,2143531414781
VKH,VKH-MAIN,,40078070,1.00,HL1L31,2143531415252
VKH,VKH-MAIN,,877420,1.00,HL1L12,2143531714874
VKH,VKH-MAIN,,923162N,3.00,HL1L30,2143532415008
VKH,VKH-MAIN,,S24-30117N,1.00,HL1L30,2143532415145
VKH,VKH-MAIN,,923498N,1.00,HL1L30,2143532415213
VKH,VKH-MAIN,,P142,3.00,,2143540534913
VKH,VKH-MAIN,,50T150T-36-48-LRL-40,1.00,,2143540534999
VKH,VKH-MAIN,,P-400,1.00,,2143540535040
VKH,VKH-MAIN,,4535VQ60A38-11CC-20-JA,1.00,,2143541434236
VKH,VKH-MAIN,,35VQ38A-86C-20-JA,1.00,,2143541434267
VKH,VKH-MAIN,,4525VQ60A21-1CC-20-JA,1.00,,2143541434588
VKH,VKH-MAIN,,SQP31-38-5-11CB-18,1.00,,2143541434823
VKH,VKH-MAIN,,SSP-50,1.00,HL4L29,2143541532031
VKH,VKH-MAIN,,B24-E,1.00,HL4L29,2143541534370
VKH,VKH-MAIN,,P-801,3.00,,2143541635138
VKH,VKH-MAIN,,PVH74C-RF-2S-11-C25T4-31,1.00,,2143541731366
VKH,VKH-MAIN,,PVQ20-B2R-SS1S-21-C21D-12,1.00,,2143541731410
VKH,VKH-MAIN,,PVH98C-LF-2S-10-C25V-31,2.00,,2143541731885
VKH,VKH-MAIN,,PVH98C-RF-2S-10-C25V-31,7.00,,2143541731892
VKH,VKH-MAIN,,2520VQSV10S-21A14S5-297ADA20R,2.00,,2143541731915
VKH,VKH-MAIN,,PHB19-RA12,1.00,HL1L24,2143541732585
VKH,VKH-MAIN,,5423-518,1.00,,2143541732622
VKH,VKH-MAIN,,PVH98C-RAF-1S-11-C25VT4-31,1.00,,2143541732899
VKH,VKH-MAIN,,PVH131QIC-RF-13S-11-C25V-31,1.00,,2143541732929
VKH,VKH-MAIN,,P350A578KEAB10-11,1.00,,2143541732967
VKH,VKH-MAIN,,PVQ**-B2R-SE1S-21-C14-D-12,1.00,,2143541733117
VKH,VKH-MAIN,,PVQ**-B2R-SE1S-21-C14-12,2.00,,2143541733124
VKH,VKH-MAIN,,PGP76B542BION17-11DON17-1,2.00,,2143541733841
VKH,VKH-MAIN,02-348650,PVH74QIC-RF-1S-11-C25-31,1.00,,2143541734060
VKH,VKH-MAIN,,2520VQSV10S-17A11S5-297ADA20R,4.00,,2143541734343
VKH,VKH-MAIN,,312-9610-041,1.00,,2143541734459
VKH,VKH-MAIN,,P204RP01DT,1.00,HL1L02,2143542131172
VKH,VKH-MAIN,,PV2R1-23-F-R-U-R,2.00,HL1L07,2143542131660
VKH,VKH-MAIN,,VD2-30F-A4,1.00,HL1L08,2143542132148
VKH,VKH-MAIN,,VA26077,1.00,HL1L32,2143581409669
VKH,VKH-MAIN,,7053270,2.00,,2143601308033
VKH,VKH-MAIN,,7032570,2.00,HL4L29,2143601308330
VKH,VKH-MAIN,,BH40017709,3.00,HL1L41,2143601408054
VKH,VKH-MAIN,,VP361762,1.00,HL1L41,2143601408320
VKH,VKH-MAIN,,VT289083,3.00,HL1L41,2143601408344
VKH,VKH-MAIN,,419083,1.00,HL1L10,2143601707973
VKH,VKH-MAIN,,S14-26720-0,1.00,HL4L28,2143601708109
VKH,VKH-MAIN,,864454,1.00,,2143601708154
VKH,VKH-MAIN,,293360,6.00,HL1L10,2143601708307
VKH,VKH-MAIN,,877042,1.00,,2143601708376
VKH,VKH-MAIN,,233527N,2.00,HL1L30,2143602408213
VKH,VKH-MAIN,,VP340305,1.00,,2143641407598
VKH,VKH-MAIN,,FOR D12-02,10.00,,2143641707629
VKH,VKH-MAIN,,FOR D4-18L,2.00,,2143641707636
VKH,VKH-MAIN,,FOR D4-04-3C4,8.00,HL1L04,2143642107442
VKH,VKH-MAIN,,FOR D5-02-3C10,2.00,HL1L04,2143642107459
VKH,VKH-MAIN,,FOR D5-02-3C4,1.00,HL1L04,2143642107602
VKH,VKH-MAIN,,MH040091W,5.00,HL1L30,2143691608037
VKH,VKH-MAIN,,921999,1.00,HL4L19,2143691707952
VKH,VKH-MAIN,,STR-140-5S-G1-M90,3.00,,2143691707976
VKH,VKH-MAIN,,MF-20,4.00,,2143692107812
VKH,VKH-MAIN,,MF-32,6.00,,2143692107829
VKH,VKH-MAIN,,TOYO-30-SW,11.00,HL1L01,2143692107942
VKH,VKH-MAIN,,EL5000-06,12.00,HL4L22,2143700510351
VKH,VKH-MAIN,,EL2000-02,2.00,HL4L22,2143700510382
VKH,VKH-MAIN,,EF3000-03DT,16.00,HL4L22,2143700510429
VKH,VKH-MAIN,,EF5000-06D-T,13.00,HL4L21,2143700510498
VKH,VKH-MAIN,,EL3000-03,5.00,HL4L23,2143700510528
VKH,VKH-MAIN,,FSS-24-B-25,4.00,,2143702109966
VKH,VKH-MAIN,,FSS-12-125-G,1.00,,2143702110092
VKH,VKH-MAIN,,FSS-32-25-E,6.00,HL1L06,2143702110276
VKH,VKH-MAIN,,FSS-32-125-G-S,3.00,,2143702110283
VKH,VKH-MAIN,,NDV-300-04-A,5.00,HL1L26,2143702110375
VKH,VKH-MAIN,,SRCG-10-50,1.00,,2145290510179
VKH,VKH-MAIN,,HQ-022 52,1.00,HL1L30,2145291309949
VKH,VKH-MAIN,,TGMPC-3-ABK-BAK-51,2.00,HL1L40,2145291410003
VKH,VKH-MAIN,,TGMDC-5Y-PK-50,2.00,HL1L40,2145291410027
VKH,VKH-MAIN,,CT-06-F-40-JA-J,4.00,,2145301414083
VKH,VKH-MAIN,,CT-10-F-20-JA-J,3.00,HL4L16,2145301414090
VKH,VKH-MAIN,,C-175-F-11-JA-J,3.00,HL1L40,2145301414311
VKH,VKH-MAIN,,TGMX2-3PB-BWG-50,1.00,HL1L40,2145301414632
VKH,VKH-MAIN,,TGMC-3-BT-BW-50,1.00,HL1L40,2145301414649
VKH,VKH-MAIN,,XG2V-6CW-10,1.00,HL1L24,2145301714299
VKH,VKH-MAIN,,MBP-02-H-H,4.00,HL1L01,2145302114005
VKH,VKH-MAIN,,MBP-03-H-H,5.00,HL1L01,2145302114012
VKH,VKH-MAIN,,MBP-06-B,3.00,HL1L08,2145302114029
VKH,VKH-MAIN,,BHSG-06-H,1.00,HL1L08,2145302114340
VKH,VKH-MAIN,,BG-10-H,2.00,HL1L08,2145302114432
VKH,VKH-MAIN,,CLT-06,3.00,HL4L18,2145302114739
VKH,VKH-MAIN,,CLT-03,4.00,HL4L18,2145302114753
VKH,VKH-MAIN,,HTL-PE55TWP-220-BS,1.00,,2147730700508
VKH,VKH-MAIN,,20GAL-CAP-7.5HP-PU,1.00,,2147731600470
VKH,VKH-MAIN,,SSH1-04L,6.50,,2149091600701
VKH,VKH-MAIN,,GH506-16,"1,828.90",,2149091700777
VKH,VKH-MAIN,,GH506-12,942.40,,2149091700784
VKH,VKH-MAIN,,GH506-20,179.20,,2149091700791
VKH,VKH-MAIN,,GH506-32-NL,12.70,,2149091700814
VKH,VKH-MAIN,,GH493-8,"1,821.20",,2149091700838
VKH,VKH-MAIN,,GH493-10,"3,274.50",,2149091700845
VKH,VKH-MAIN,,GH493-16,522.40,,2149091700869
VKH,VKH-MAIN,,GH493-20,450.70,,2149091700876
VKH,VKH-MAIN,,FC686-4,"6,363.50",,2149091700906
VKH,VKH-MAIN,,FC686-6,904.10,,2149091700913
VKH,VKH-MAIN,,FC686-8,"4,395.10",,2149091700920
VKH,VKH-MAIN,,FC687-4,"2,815.20",,2149091700937
VKH,VKH-MAIN,,FC686-12,"1,756.40",,2149091701101
VKH,VKH-MAIN,,FC686-16,"2,331.30",,2149091701125
VKH,VKH-MAIN,,FC686-20,"2,190.60",,2149091701132
VKH,VKH-MAIN,,FC686-24,48.10,,2149091701149
VKH,VKH-MAIN,,FC686-32,783.80,,2149091701163
VKH,VKH-MAIN,,FC687-10,195.70,,2149091701170
VKH,VKH-MAIN,,FC687-12,"1,261.20",,2149091701187
VKH,VKH-MAIN,,FC687-16,"3,003.00",,2149091701194
VKH,VKH-MAIN,,FC687-32,600.90,,2149091701224
VKH,VKH-MAIN,,GH493-32,145.20,,2149091701828
VKH,VKH-MAIN,,GH506-32,29.20,,2149091701835
VKH,VKH-MAIN,,GH493-24,348.70,,2149091701897
VKH,VKH-MAIN,36460,4SP-06,167.30,,2149092800681
VKH,VKH-MAIN,,EC2000-02D,1.00,HL4L21,2149100500589
VKH,VKH-MAIN,,EC2010-02D,11.00,HL4L23,2149100500626
VKH,VKH-MAIN,,EC3010-03D,7.00,HL4L21,2149100500633
VKH,VKH-MAIN,,EC5010-06D,7.00,HL4L21,2149100500657
VKH,VKH-MAIN,,EIC2010-02D,3.00,HL4L22,2149100500664
VKH,VKH-MAIN,,EL-04-1/8-N,20.00,HL4L22,2149100500701
VKH,VKH-MAIN,,EC2000-02D4-T,9.00,,2149100500879
VKH,VKH-MAIN,,EC3000-03D4-T,3.00,HL4L21,2149100500886
VKH,VKH-MAIN,,EC4000-04D4-T,23.00,HL4L20,2149100500893
VKH,VKH-MAIN,,EC5000-06D4-T,6.00,HL4L19,2149100500909
VKH,VKH-MAIN,,EC4010-04D4-T,23.00,HL4L20,2149100500916
VKH,VKH-MAIN,,EC2010-02D INC,2.00,HL4L21,2149100500961
VKH,VKH-MAIN,,EC2000-02D4-T-INC,2.00,HL4L21,2149100500985
VKH,VKH-MAIN,,NC-500-10-A,3.00,HL1L27,2149102100855
VKH,VKH-MAIN,,BC-200A-INC,1.00,HL1L26,2149102101012
VKH,VKH-MAIN,,THP-15-E4,5.00,HL4L24,2149110500173
VKH,VKH-MAIN,,ERH-50-06,4.00,HL4L23,2149110500180
VKH,VKH-MAIN,,ERH40-40,7.00,HL4L22,2149110500272
VKH,VKH-MAIN,,ER3000-03,8.00,HL4L23,2149110500302
VKH,VKH-MAIN,,ERH-30-03,7.00,HL4L23,2149110500319
VKH,VKH-MAIN,,EFRH40-04,4.00,HL4L22,2149110500326
VKH,VKH-MAIN,,ER2000-02,9.00,HL4L22,2149110500357
VKH,VKH-MAIN,,ER5000-064T,8.00,HL4L22,2149110500364
VKH,VKH-MAIN,,ER4000-04T,7.00,HL4L22,2149110500388
VKH,VKH-MAIN,,EW4000-04D-T,6.00,HL4L23,2149110500432
VKH,VKH-MAIN,,EW5000-06,4.00,HL4L23,2149110500449
VKH,VKH-MAIN,,NL-400,2.00,HL1L27,2149122100101
VKH,VKH-MAIN,,CL-400,8.00,HL1L26,2149122100118
VKH,VKH-MAIN,,BL-200,4.00,HL1L26,2149122100125
VKH,VKH-MAIN,,BF-300,1.00,HL1L26,2149122100132
VKH,VKH-MAIN,,SQN-16-50 M,5.00,HL4L24,2149150502656
VKH,VKH-MAIN,,FDA-30-50-LB,1.00,HL1L26,2149152101086
VKH,VKH-MAIN,,FDA-20-254-FA + Y-M8 X 1.25,1.00,HL1L26,2149152101307
VKH,VKH-MAIN,,PU1612-BLACK,345.00,HL4L24,2149160500192
VKH,VKH-MAIN,,ELC-M-30HP-3PHSE,2.00,,2149741600044
VKM,VKM-MAIN,,230605001,4.00,,2150000513029
VKM,VKM-MAIN,,PAF060-C,1.00,HL4L32,2150000513258
VKM,VKM-MAIN,,0410100030,2.00,,2150000513425
VKM,VKM-MAIN,,PAF015Q (H),1.00,HL4L34,2150000513784
VKM,VKM-MAIN,,0410709001,2.00,,2150000513883
VKM,VKM-MAIN,,LB962/2,4.00,HL4L34,2150000513913
VKM,VKM-MAIN,,C14200 (3 CUBI METER),1.00,HL4L36,2150000513982
VKM,VKM-MAIN,,LB11102/2,7.00,"HL3L05, HL4L34",2150000513999
VKM,VKM-MAIN,,PAF-024 (P-GRADE),11.00,HL4L32,2150000514200
VKM,VKM-MAIN,,PAF-024 (S-GRADE),11.00,HL4L32,2150000514217
VKM,VKM-MAIN,,PAF-035 (P-GRADE),11.00,HL4L34,2150000514255
VKM,VKM-MAIN,,PAF-035 (S-GRADE),11.00,HL4L34,2150000514262
VKM,VKM-MAIN,,W950,7.00,"HL3L05, HL4L34",2150000514453
VKM,VKM-MAIN,,W962,5.00,HL4L34,2150000514477
VKM,VKM-MAIN,,C16400,5.00,HL4L36,2150000514484
VKM,VKM-MAIN,,4930153101,1.00,,2150000514491
VKM,VKM-MAIN,,PAF-015 (P-GRADE),1.00,HL4L34,2150000514569
VKM,VKM-MAIN,,MANN C23610 ,3.00,HL4L36,2150000514583
VKM,VKM-MAIN,,49303 53121,2.00,,2150000514590
VKM,VKM-MAIN,,W13145-3,6.00,,2150000514606
VKM,VKM-MAIN,,PAF-060 (P-GRADE),8.00,HL4L32,2150000514668
VKM,VKM-MAIN,,PAF-060 (S-GRADE),8.00,HL4L32,2150000514675
VKM,VKM-MAIN,,C11400,2.00,HL4L34,2150000514798
VKM,VKM-MAIN,,C12500,6.00,HL4L34,2150000514804
VKM,VKM-MAIN,,6.09.001-R2301,2.00,HL4L36,2150000514811
VKM,VKM-MAIN,,6.12.001-14252,2.00,HL4L36,2150000514835
VKM,VKM-MAIN,,SOLENOID VALVE FOR 7.5-10HP,1.00,HL4L36,2150000514859
VKM,VKM-MAIN,,2.09.07.0-R1006,2.00,HL4L35,2150000514897
VKM,VKM-MAIN,,2.09.07.0-R1007,2.00,HL4L35,2150000514903
VKM,VKM-MAIN,,2.09.07.0-R1008,1.00,HL4L35,2150000514910
VKM,VKM-MAIN,,2.08.XPZ-01270,10.00,HL4L36,2150000514941
VKM,VKM-MAIN,,2.08.XPZ-01420,21.00,HL4L36,2150000514958
VKM,VKM-MAIN,,8804165720,3.00,HL4L42,2150000515047
VKM,VKM-MAIN,,0741001010,1.00,,2150000515115
VKM,VKM-MAIN,,MANN C20500,2.00,HL4L36,2150000515245
VKM,VKM-MAIN,,8022008523,2.00,HL4L42,2150000515252
VKM,VKM-MAIN,,49304 53101,5.00,,2150000515276
VKM,VKM-MAIN,,ELEMENT FOR PAF-060 C,2.00,HL4L34,2150000515436
VKM,VKM-MAIN,,ELEMENT FOR PAF-060 S,3.00,HL4L34,2150000515443
VKM,VKM-MAIN,,ELEMENT FOR PAF-015P,6.00,HL4L33,2150000515733
VKM,VKM-MAIN,,ELEMENT FOR PAF-015S,6.00,HL4L33,2150000515740
VKM,VKM-MAIN,,0380200010,1.00,,2150000515818
VKM,VKM-MAIN,,C30810/3,5.00,,2150000515894
VKM,VKM-MAIN,,ELEMENT FOR PAF-120P,4.00,HL4L34,2150000515900
VKM,VKM-MAIN,,ELEMENT FOR PAF-120S,4.00,HL4L34,2150000515917
VKM,VKM-MAIN,,ELEMENT FOR PAF-060 P,1.00,HL4L34,2150000515993
VKM,VKM-MAIN,,2.08.XPZ-01205,4.00,HL4L36,2150000516013
VKM,VKM-MAIN,,7.19.010-19010,20.00,HL4L36,2150000516037
VKM,VKM-MAIN,,7.19.012-19010,8.00,HL4L36,2150000516044
VKM,VKM-MAIN,,7.19.026-40010,15.00,HL4L36,2150000516051
VKM,VKM-MAIN,,2.09.13.0-V20AH,1.00,HL4L35,2150000516105
VKM,VKM-MAIN,,ELEMENT FOR PAF-024P,4.00,HL4L33,2150000516150
VKM,VKM-MAIN,,ELEMENT FOR PAF-024S,4.00,HL4L33,2150000516167
VKM,VKM-MAIN,,2.14.040-09002,1.00,HL4L35,2150000516181
VKM,VKM-MAIN,,2.09.13.0-V25FH,1.00,HL4L35,2150000516204
VKM,VKM-MAIN,,GREASE GUN,3.00,HL4L36,2150000516211
VKM,VKM-MAIN,,02212015219,1.00,,2150000516327
VKM,VKM-MAIN,,3VX560 XPZ1420,4.00,HL4L36,2150000516389
VKM,VKM-MAIN,,2.14.040-14001,2.00,HL4L35,2150000516488
VKM,VKM-MAIN,,2.09.01.0-06503,2.00,HL4L35,2150000516495
VKM,VKM-MAIN,,ZQ 01 200000,2.00,,2150000516556
VKM,VKM-MAIN,,ZQ 05 200200,1.00,,2150000516563
VKM,VKM-MAIN,,ZQ 04 200399,15.00,,2150000516570
VKM,VKM-MAIN,,ZQ 04 200599,8.00,,2150000516587
VKM,VKM-MAIN,,ZQ 05 ZQ 06 99,20.00,,2150000516594
VKM,VKM-MAIN,,ZQ 05 201999,29.00,,2150000516600
VKM,VKM-MAIN,,ZQ 04 205199,1.00,,2150000516617
VKM,VKM-MAIN,,ZQ 01 202200,24.00,,2150000516631
VKM,VKM-MAIN,,2.17.01.0-16001,1.00,HL4L35,2150000516679
VKM,VKM-MAIN,,2.07.Z3W-50125,1.00,HL4L36,2150000516792
VKM,VKM-MAIN,,2.07.Z3W-50150,1.00,HL4L36,2150000516815
VKM,VKM-MAIN,,2.05.342-20121,1.00,HL4L36,2150000516822
VKM,VKM-MAIN,,TX MS 3VX 630,3.00,HL4L36,2150000516860
VKM,VKM-MAIN,,3.1416-AD,1.00,HL4L35,2150000516891
VKM,VKM-MAIN,,"ADAPTOR 1"" NPT (EXTERNAL)",15.00,,2150000516907
VKM,VKM-MAIN,,"ADAPTOR 1"" NPT (INTERNAL)",19.00,,2150000516914
VKM,VKM-MAIN,,6.12.000-R2401,3.00,HL4L36,2150000516938
VKM,VKM-MAIN,,7.19.032-30010,9.00,HL4L36,2150000516945
VKM,VKM-MAIN,,AUTO DRAIN VERTICAL,1.00,HL4L36,2150000516969
VKM,VKM-MAIN,,2.09.01.0-08501,4.00,HL4L35,2150000517102
VKM,VKM-MAIN,,"ADAPTOR DN25X1"" (EXTERNAL)",18.00,,2150000517218
VKM,VKM-MAIN,,"ADAPTOR DN25X1"" (INTERNAL)",18.00,,2150000517225
VKM,VKM-MAIN,,2.08.XPZ-01140,2.00,HL4L36,2150000517270
VKM,VKM-MAIN,,PWS600G,2.00,HL4L41,2150000517782
VKM,VKM-MAIN,,2.09.01.0-05003,2.00,HL4L35,2150000517812
VKM,VKM-MAIN,,WC145,2.00,HL4L33,2150000517898
VKM,VKM-MAIN,,ELEMENT FOR PAF-035P,3.00,HL4L33,2150000518000
VKM,VKM-MAIN,,ELEMENT FOR PAF-035S,3.00,HL4L33,2150000518017
VKM,VKM-MAIN,,0080601001,1.00,HL4L42,2150000518024
VKM,VKM-MAIN,,2.09.06.0-096R6,1.00,HL4L35,2150000518314
VKM,VKM-MAIN,,2.08.XPZ-01340,5.00,HL4L36,2150000518802
VKM,VKM-MAIN,,CDV-230,18.00,HL4L33,2150000518932
VKM,VKM-MAIN,,2.26.078-07802,1.00,HL4L35,2150000518994
VKM,VKM-MAIN,,C1140,1.00,HL4L34,2150000519021
VKM,VKM-MAIN,,EV06,2.00,,2150000519083
VKM,VKM-MAIN,,8350-0003,9.00,HL4L42,2150000519090
VKM,VKM-MAIN,,7.21.241.00002,4.00,HL4L36,2150000519106
VKM,VKM-MAIN,,2.07.Z3W-50132,1.00,HL4L36,2150000519267
VKM,VKM-MAIN,,2.07.Z3W-50265,1.00,HL4L36,2150000519274
VKM,VKM-MAIN,,2.05.342-25171,1.00,HL4L36,2150000519281
VKM,VKM-MAIN,,350S/220V,2.00,,2150000519410
VKM,VKM-MAIN,,300S/220V,1.00,,2150000519601
VKM,VKM-MAIN,,EV03,1.00,,2150000519625
VKM,VKM-MAIN,,2.05.055-06504,3.00,,2150000519663
VKM,VKM-MAIN,,2.05.065-08003,1.00,,2150000519670
VKM,VKM-MAIN,,MAM 6080B,1.00,HL4L36,2150000520713
VKM,VKM-MAIN,,2.24.032-04501,1.00,HL4L35,2150000520812
VKM,VKM-MAIN,,2.09.07.0-R1005,3.00,HL4L35,2150000520980
VKM,VKM-MAIN,,2.09.02.0-PV50T,3.00,HL4L35,2150000520997
VKM,VKM-MAIN,,2.09.02.0-PV65F,3.00,HL4L35,2150000521000
VKM,VKM-MAIN,,2.09.01.0-12002,1.00,,2150000521024
VKM,VKM-MAIN,,2.09.03.0-0TV10,3.00,HL4L35,2150000521031
VKM,VKM-MAIN,,6.03.040-00031,1.00,HL4L36,2150000521154
VKM,VKM-MAIN,,2.09.01.0-04017,2.00,HL4L35,2150000521192
VKM,VKM-MAIN,,RSPSQ-400,5.00,,2150000521246
VKM,VKM-MAIN,,16190306,3.00,,2150000521321
VKM,VKM-MAIN,,16190203,3.00,,2150000521338
VKM,VKM-MAIN,,15190130,18.00,,2150000521529
VKM,VKM-MAIN,,15190206,3.00,,2150000521536
VKM,VKM-MAIN,,PAF-120 (P-GRADE),1.00,HL4L32,2150000521970
VKM,VKM-MAIN,,PAF-120 (S-GRADE),1.00,HL4L32,2150000521987
VKM,VKM-MAIN,,02000 0082,7.00,HL4L42,2150000917742
VKM,VKM-MAIN,,0553 1503,1.00,HL4L42,2150000919371
VKM,VKM-MAIN,,0219 0060,1.00,HL4L42,2150000920070
VKM,VKM-MAIN,,0A000993010,1.00,HL4L38,2150001412703
VKM,VKM-MAIN,,CQ51CLR030,2.00,HL4L42,2150001412772
VKM,VKM-MAIN,,71 10347 8014 01,1.00,HL4L30,2150001412994
VKM,VKM-MAIN,,7110136720400,1.00,HL4L38,2150001413960
VKM,VKM-MAIN,,04105565020,1.00,HL4L38,2150001414042
VKM,VKM-MAIN,,CQ81LUB041,1.00,HL4L42,2150001415599
VKM,VKM-MAIN,,GP-4301T,2.00,HL4L42,2150001415711
VKM,VKM-MAIN,,DFH-600,1.00,HL4L37,2150001417036
VKM,VKM-MAIN,,0A003994010,2.00,HL4L38,2150001419078
VKM,VKM-MAIN,,WATER QUALITY TEST KIT,34.00,,2150001419238
VKM,VKM-MAIN,,EDS-400,1.00,,2150001419429
VKM,VKM-MAIN,,EMS-400-H,1.00,HL4L37,2150001420234
VKM,VKM-MAIN,,71 15233 8128 00,1.00,HL4L30,2150001420326
VKM,VKM-MAIN,,72 10059 0801 00,7.00,HL4L39,2150001421187
VKM,VKM-MAIN,,71 10047 2003 01,1.00,HL4L30,2150001422016
VKM,VKM-MAIN,,NS 32,2.00,,2150001619294
VKM,VKM-MAIN,,COL 32 FULLY SYNTHETIC,5.00,,2150001619324
VKM,VKM-MAIN,,MESCO-SDX,15.00,,2150001619713
VKM,VKM-MAIN,,AD402-04D-A,10.00,HL4L42,2150001621273
VKM,VKM-MAIN,,DHX0017 AE,1.00,HL4L41,2150001713817
VKM,VKM-MAIN,,AE058AO,1.00,HL4L41,2150001714616
VKM,VKM-MAIN,,PE058AA,1.00,HL4L41,2150001714623
VKM,VKM-MAIN,,PE330AA,1.00,HL4L41,2150001715088
VKM,VKM-MAIN,,AE330AO,1.00,HL4L41,2150001715095
VKM,VKM-MAIN,,MULTEMP SRL NO.3,15.00,HL4L40,2150001715613
VKM,VKM-MAIN,,3754360000,7.00,HL4L38,2150001717389
VKM,VKM-MAIN,,AFTS225200,4.00,HL4L38,2150001717600
VKM,VKM-MAIN,,LB13145/3,10.00,HL4L38,2150001717617
VKM,VKM-MAIN,,3VX-600,52.00,HL4L38,2150001718799
VKM,VKM-MAIN,,PG-522PLF,1.00,HL4L41,2150001720259
VKM,VKM-MAIN,,FD-5-G3,3.00,HL4L37,2150021400407
VKM,VKM-MAIN,,71 10345 1223 00,2.00,,2150971416466
VKM,VKM-MAIN,,71 15300 1702 00,1.00,HL4L30,2150971416640
VKM,VKM-MAIN,,01 401 001000 90,4.00,HL4L30,2150971416688
VKM,VKM-MAIN,,71 15020 3330 00,3.00,HL4L30,2150971416718
VKM,VKM-MAIN,,71 15306 3309 00,2.00,HL4L30,2150971416725
VKM,VKM-MAIN,,71 15306 3307 00,2.00,HL4L30,2150971416732
VKM,VKM-MAIN,,71 15306 3306 00,3.00,HL4L30,2150971416749
VKM,VKM-MAIN,,71 15306 3308 00,2.00,HL4L30,2150971416756
VKM,VKM-MAIN,,01 401 001001 90,1.00,HL4L30,2150971416763
VKM,VKM-MAIN,,72 10130 0601 10,1.00,,2150971416855
VKM,VKM-MAIN,,71 10130 6060 11,1.00,,2150971416886
VKM,VKM-MAIN,,71 12210 7200 00,1.00,HL4L30,2150971416893
VKM,VKM-MAIN,,70 15628 0000 90,2.00,HL4L30,2150971416954
VKM,VKM-MAIN,,70 15928 0001 90,2.00,HL4L30,2150971416961
VKM,VKM-MAIN,,71 10133 3308 00,2.00,HL4L30,2150971416978
VKM,VKM-MAIN,,71 12210 8482 00,1.00,HL4L42,2150971416985
VKM,VKM-MAIN,,71 12210 8483 00,1.00,HL4L30,2150971416992
VKM,VKM-MAIN,,01 11004 0250 60,4.00,HL4L30,2150971417005
VKM,VKM-MAIN,,01 16004 0000 60,4.00,HL4L30,2150971417012
VKM,VKM-MAIN,,71 10036 8228 00,1.00,HL4L30,2150971417258
VKM,VKM-MAIN,,71 10036 8229 00,1.00,HL4L30,2150971417265
VKM,VKM-MAIN,,71 12302 1014 00,3.00,HL4L30,2150971417364
VKM,VKM-MAIN,,01 231 008000 00,1.00,HL4L30,2150971417395
VKM,VKM-MAIN,,71 15112 1225 00,2.00,HL4L30,2150971417494
VKM,VKM-MAIN,,71 15306 1260 00,8.00,HL4L30,2150971417517
VKM,VKM-MAIN,,71 15306 1261 00,8.00,HL4L30,2150971417524
VKM,VKM-MAIN,,71 15306 1263 00,8.00,HL4L30,2150971417531
VKM,VKM-MAIN,,71 15302 1226 00,8.00,HL4L30,2150971417548
VKM,VKM-MAIN,,71 15302 1232 00,4.00,HL4L30,2150971417555
VKM,VKM-MAIN,,71 15302 1233 00,4.00,HL4L30,2150971417562
VKM,VKM-MAIN,,71 15306 1234 00,8.00,HL4L30,2150971417579
VKM,VKM-MAIN,,71 15306 1241 00,2.00,HL4L30,2150971417586
VKM,VKM-MAIN,,71 15306 1242 00,2.00,HL4L30,2150971417593
VKM,VKM-MAIN,,71 15306 1243 00,2.00,HL4L30,2150971417609
VKM,VKM-MAIN,,71 15306 1207 00,2.00,HL4L30,2150971417616
VKM,VKM-MAIN,,71 15306 1009 00,4.00,HL4L30,2150971417623
VKM,VKM-MAIN,,71 15306 1208 00,4.00,HL4L30,2150971417630
VKM,VKM-MAIN,,71 15306 1230 00,2.00,HL4L30,2150971417647
VKM,VKM-MAIN,,71 15306 1231 00,2.00,HL4L30,2150971417654
VKM,VKM-MAIN,,71 15307 1210 00,2.00,,2150971417692
VKM,VKM-MAIN,,71 10022 8029 00,3.00,,2150971417760
VKM,VKM-MAIN,,71 12601 1223 00,2.00,,2150971417777
VKM,VKM-MAIN,,71 12204 8386 00,1.00,HL4L30,2150971417890
VKM,VKM-MAIN,,71 12204 8387 00,1.00,HL4L30,2150971417906
VKM,VKM-MAIN,,72 15223 0580 00,1.00,HL4L40,2150971418057
VKM,VKM-MAIN,,01 401 005000 90,1.00,HL4L30,2150971418156
VKM,VKM-MAIN,,71 16400 8013 00,1.00,HL4L30,2150971418248
VKM,VKM-MAIN,,71 16400 8014 00,1.00,HL4L30,2150971418255
VKM,VKM-MAIN,,71 15312 4460 10,1.00,,2150971418293
VKM,VKM-MAIN,,71 10044 8053 00,1.00,HL4L30,2150971418323
VKM,VKM-MAIN,,71 15224 8031 00,4.00,HL4L30,2150971418361
VKM,VKM-MAIN,,72 15318 0560 10,2.00,HL4L40,2150971418620
VKM,VKM-MAIN,,71 15223 5582 10,1.00,HL4L30,2150971418668
VKM,VKM-MAIN,,71 10500 1237 10,2.00,HL4L30,2150971418699
VKM,VKM-MAIN,,71 10145 4403 00,1.00,,2150971418705
VKM,VKM-MAIN,,71 10142 8032 00,1.00,HL4L30,2150971418866
VKM,VKM-MAIN,,71 15225 3801 00,3.00,,2150971418927
VKM,VKM-MAIN,,71 16202 3800 00,6.00,,2150971418941
VKM,VKM-MAIN,,01 401 009500 90,4.00,HL4L30,2150971418958
VKM,VKM-MAIN,,71 10044 4403 10,1.00,,2150971418972
VKM,VKM-MAIN,,71 10044 5511 00,1.00,HL4L40,2150971418989
VKM,VKM-MAIN,,71 10053 4460 00,1.00,HL4L40,2150971419009
VKM,VKM-MAIN,,71 10138 5010 00,2.00,HL4L30,2150971419023
VKM,VKM-MAIN,,71 10139 4403 00,1.00,,2150971419030
VKM,VKM-MAIN,,71 10408 8000 00,1.00,HL4L30,2150971419108
VKM,VKM-MAIN,,71 11100 3340 00,1.00,HL4L30,2150971419122
VKM,VKM-MAIN,,71 11400 8022 10,1.00,HL4L38,2150971419139
VKM,VKM-MAIN,,71 12218 5511 00,3.00,HL4L40,2150971419146
VKM,VKM-MAIN,,71 15112 5511 00,1.00,HL4L40,2150971419184
VKM,VKM-MAIN,,71 15314 4403 01,1.00,,2150971419207
VKM,VKM-MAIN,,71 15716 4403 00,1.00,,2150971419238
VKM,VKM-MAIN,,71 16200 2554 00,1.00,HL4L30,2150971419245
VKM,VKM-MAIN,,71 16215 8000 00,2.00,HL4L30,2150971419252
VKM,VKM-MAIN,,71 16215 8001 00,2.00,HL4L30,2150971419269
VKM,VKM-MAIN,,72 11108 0553 00,1.00,HL4L40,2150971419344
VKM,VKM-MAIN,,72 12741 0566 00,3.00,HL4L42,2150971419351
VKM,VKM-MAIN,,72 15229 0560 10,3.00,HL4L40,2150971419368
VKM,VKM-MAIN,,72 16200 0256 10,1.00,HL4L30,2150971419375
VKM,VKM-MAIN,,72 16400 0256 10,1.00,HL4L30,2150971419382
VKM,VKM-MAIN,,01 401 009000 90,2.00,HL4L30,2150971419450
VKM,VKM-MAIN,,01 401 004000 90,6.00,HL4L30,2150971419467
VKM,VKM-MAIN,,71 15119 2010 00,1.00,HL4L30,2150971419498
VKM,VKM-MAIN,,71 15000 8200 00,1.00,HL4L30,2150971419733
VKM,VKM-MAIN,,71 15229 3015 00,2.00,HL4L30,2150971419856
VKM,VKM-MAIN,,71 12303 1223 04,4.00,HL4L40,2150971420548
VKM,VKM-MAIN,,71 10145 3310 00,1.00,HL4L30,2150971420562
VKM,VKM-MAIN,,71 12716 8015 00,1.00,HL4L39,2150971420654
VKM,VKM-MAIN,,72 10157 0801 00,6.00,HL4L39,2150971420838
VKM,VKM-MAIN,,71 35606 8102 00,4.00,HL4L30,2150971420852
VKM,VKM-MAIN,,71 10047 8161 00,1.00,HL4L40,2150971421200
VKM,VKM-MAIN,,04105618010,1.00,HL4L38,2153461400204
VKM,VKM-MAIN,,04100313010,2.00,HL4L38,2153461400310
VKM,VKM-MAIN,,04100620010,1.00,HL4L38,2153461400327
VKM,VKM-MAIN,,04009779010,1.00,HL4L38,2153461400334
VKM,VKM-MAIN,,04030495010,1.00,HL4L38,2153461400341
VKM,VKM-MAIN,,04030498010,1.00,HL4L38,2153461400358
VKM,VKM-MAIN,,04030494010,1.00,HL4L38,2153461400365
VKM,VKM-MAIN,,04030490010,1.00,HL4L38,2153461400372
VKM,VKM-MAIN,,04030497010,1.00,HL4L38,2153461400396
VKM,VKM-MAIN,,LSF-1300 ALT,1.00,,2153702110039
VKM,VKM-MAIN,,MSF-1300 ALT,1.00,,2153702110046
VKO,VKO-MAIN,,104846,1.00,HL4L41,2160000915518
VKO,VKO-MAIN,,FUSE CERAMIC TYPE 6 AMPS,1.00,HL4L42,2160001316031
VKO,VKO-MAIN,,FUSE CERAMIC TYPE 2 AMPS,1.00,HL4L42,2160001316055
VKO,VKO-MAIN,,700540070,2.00,HL4L31,2160001712765
VKO,VKO-MAIN,,700520714,6.00,HL4L31,2160001712871
VKO,VKO-MAIN,,700550683,5.00,HL4L31,2160001712918
VKO,VKO-MAIN,,700550763,6.00,HL4L31,2160001712925
VKO,VKO-MAIN,,700550764,2.00,HL4L31,2160001712932
VKO,VKO-MAIN,,700551294,3.00,HL4L31,2160001712956
VKO,VKO-MAIN,,700550676,6.00,HL4L31,2160001712963
VKO,VKO-MAIN,,700550762,9.00,HL4L31,2160001712994
VKO,VKO-MAIN,,700550765,10.00,HL4L31,2160001713007
VKO,VKO-MAIN,,700680111,4.00,HL4L31,2160001713038
VKO,VKO-MAIN,,700650060,3.00,HL4L31,2160001713052
VKO,VKO-MAIN,,700680056,1.00,HL4L31,2160001713069
VKO,VKO-MAIN,,700680057,1.00,HL4L31,2160001713076
VKO,VKO-MAIN,,700680058,1.00,HL4L31,2160001713083
VKO,VKO-MAIN,,700680021,1.00,HL4L31,2160001713090
VKO,VKO-MAIN,,700520666,7.00,HL4L31,2160001713106
VKO,VKO-MAIN,,700505177,4.00,HL4L31,2160001713120
VKO,VKO-MAIN,,700550743,8.00,HL4L31,2160001713137
VKO,VKO-MAIN,,700550718,12.00,HL4L31,2160001713144
VKO,VKO-MAIN,,700540062,1.00,HL4L31,2160001713168
VKO,VKO-MAIN,,700540905,1.00,HL4L31,2160001713175
VKO,VKO-MAIN,,700520203,8.00,HL4L31,2160001713236
VKO,VKO-MAIN,,700540390,11.00,HL4L31,2160001713274
VKO,VKO-MAIN,,700540391,10.00,HL4L31,2160001713281
VKO,VKO-MAIN,,700540055,1.00,HL4L31,2160001713298
VKO,VKO-MAIN,,700550603,12.00,HL4L31,2160001713342
VKO,VKO-MAIN,,RJ 007,1.00,HL4L31,2160001713496
VKO,VKO-MAIN,,BC 220,2.00,HL4L31,2160001713519
VKO,VKO-MAIN,,BC 230,2.00,HL4L31,2160001713526
VKO,VKO-MAIN,,BC 008,6.00,HL4L31,2160001713564
VKO,VKO-MAIN,,700551304,8.00,HL4L31,2160001713601
VKO,VKO-MAIN,,700551317,2.00,HL4L31,2160001713618
VKO,VKO-MAIN,,700540932,1.00,HL4L31,2160001713670
VKO,VKO-MAIN,,700551318,16.00,HL4L31,2160001713694
VKO,VKO-MAIN,,700953015,1.00,HL4L31,2160001713700
VKO,VKO-MAIN,,700540354,1.00,HL4L31,2160001713953
VKO,VKO-MAIN,,700551337,1.00,HL4L31,2160001713984
VKO,VKO-MAIN,,700551103,2.00,HL4L31,2160001713991
VKO,VKO-MAIN,,700540057,2.00,HL4L31,2160001714011
VKO,VKO-MAIN,,700540163,2.00,HL4L31,2160001714042
VKO,VKO-MAIN,,77408803 ASSY,2.00,HL4L31,2160001714059
VKO,VKO-MAIN,,700551486,3.00,HL4L31,2160001714073
VKO,VKO-MAIN,,700520186,3.00,HL4L31,2160001714080
VKO,VKO-MAIN,,700550744,10.00,HL4L31,2160001714103
VKO,VKO-MAIN,,700550745,15.00,HL4L31,2160001714110
VKO,VKO-MAIN,,700550747,3.00,HL4L31,2160001714127
VKO,VKO-MAIN,,700680005,2.00,HL4L31,2160001714332
VKO,VKO-MAIN,,700550977,5.00,HL4L31,2160001714363
VKO,VKO-MAIN,,700551161,1.00,HL4L31,2160001714417
VKO,VKO-MAIN,,700551325,11.00,HL4L31,2160001714424
VKO,VKO-MAIN,,700540578,1.00,HL4L31,2160001714448
VKO,VKO-MAIN,,700530471,3.00,HL4L31,2160001714455
VKO,VKO-MAIN,,700551038,1.00,HL4L31,2160001714479
VKO,VKO-MAIN,,3102121,2.00,HL4L31,2160001714554
VKO,VKO-MAIN,,3102540310,1.00,,2160001714578
VKO,VKO-MAIN,,700680110,27.00,HL4L31,2160001714608
VKO,VKO-MAIN,,700540881,1.00,HL4L31,2160001714615
VKO,VKO-MAIN,,BC 410,1.00,HL4L31,2160001714622
VKO,VKO-MAIN,,OS6 017,12.00,HL4L31,2160001714684
VKO,VKO-MAIN,,BC 352,7.00,HL4L31,2160001714707
VKO,VKO-MAIN,,700680131,8.00,HL4L31,2160001714721
VKO,VKO-MAIN,,BC 351-4-15,1.00,HL4L31,2160001714783
VKO,VKO-MAIN,,OS7 016,2.00,HL4L31,2160001714790
VKO,VKO-MAIN,,700550682,10.00,HL4L31,2160001714813
VKO,VKO-MAIN,,700680085,1.00,,2160001714820
VKO,VKO-MAIN,,700540083,1.00,HL4L31,2160001714837
VKO,VKO-MAIN,,OS6 013,4.00,HL4L31,2160001714899
VKO,VKO-MAIN,,700520168,1.00,HL4L31,2160001714905
VKO,VKO-MAIN,,700510004,4.00,HL4L31,2160001714967
VKO,VKO-MAIN,,BJ 417,2.00,HL4L31,2160001715032
VKO,VKO-MAIN,,77-408661,1.00,HL4L31,2160001715063
VKO,VKO-MAIN,,19-00335,1.00,HL4L31,2160001715070
VKO,VKO-MAIN,,77408835,1.00,HL4L31,2160001715094
VKO,VKO-MAIN,,FORM 8 FAN JET NOZZLE,1.00,HL4L31,2160001715131
VKO,VKO-MAIN,,FORM 8 NOZZLE CARRIER,1.00,HL4L31,2160001715193
VKO,VKO-MAIN,,"SOCKET S/S 9/16"" LH",1.00,HL4L31,2160001715209
VKO,VKO-MAIN,,77408842,5.00,HL4L31,2160001715254
VKO,VKO-MAIN,,27502,12.00,HL4L31,2160001715476
VKO,VKO-MAIN,,54059,6.00,HL4L31,2160001715483
VKO,VKO-MAIN,,OS7 015,28.00,HL4L31,2160001715490
VKO,VKO-MAIN,,OS6 018,4.00,HL4L31,2160001715506
VKO,VKO-MAIN,,BC 720,2.00,HL4L31,2160001715575
VKO,VKO-MAIN,,BC 723,2.00,HL4L31,2160001715803
VKO,VKO-MAIN,,700505204,3.00,HL4L31,2160001715834
VKO,VKO-MAIN,,700680059,5.00,HL4L31,2160001715841
VKO,VKO-MAIN,,"UHP HOSE 3/8"" X 7M",6.00,,2160001715858
VKO,VKO-MAIN,,700551333,4.00,HL4L31,2160001715872
VKO,VKO-MAIN,,700550388,1.00,HL4L31,2160001715889
VKO,VKO-MAIN,,"UHP HOSE 9/16"" X 20M PVC",1.00,,2160001715926
VKO,VKO-MAIN,,700650293,6.00,HL4L31,2160001715933
VKO,VKO-MAIN,,700650265,3.00,HL4L31,2160001715940
VKO,VKO-MAIN,,700650296,3.00,HL4L31,2160001715957
VKO,VKO-MAIN,,700650304,3.00,HL4L31,2160001715964
VKO,VKO-MAIN,,BC 052-12,3.00,HL4L31,2160001715995
VKO,VKO-MAIN,,"UHP HOSE 3/8"" & 9/16"" X 7M",3.00,,2160001716084
VKO,VKO-MAIN,,700510150,10.00,HL4L31,2160001716107
VKO,VKO-MAIN,,77408823,2.00,HL4L31,2160001716152
VKO,VKO-MAIN,,700551397,1.00,HL4L31,2160001716275
VKO,VKO-MAIN,,77408199,4.00,HL4L31,2160001716367
VKO,VKO-MAIN,,700530917,1.00,HL4L31,2160001716381
VKO,VKO-MAIN,,TLH 500,1.00,HL4L41,2160002116296
VKO,VKO-MAIN,,700550767,5.00,HL4L31,2160351700108
VKO,VKO-MAIN,,700520184,1.00,HL4L31,2160351700283
VKO,VKO-MAIN,,DEUTZ OIL PRESSURE SW,1.00,HL4L31,2160351700290
VKO,VKO-MAIN,,700540099,1.00,HL4L31,2160351700337
VKO,VKO-MAIN,,700505214,2.00,HL4L31,2160351700375
VKO,VKO-MAIN,,700540455,2.00,HL4L31,2160351700382
VKO,VKO-MAIN,,CARTRIDGE ASSY INC.,1.00,HL4L31,2160351700399
VKO,VKO-MAIN,,700505002,7.00,HL4L31,2160351700443
VKO,VKO-MAIN,,700505045,2.00,HL4L31,2160351700481
VKO,VKO-MAIN,,700551282,2.00,HL4L31,2160351700580
VKO,VKO-MAIN,,700540914,3.00,HL4L31,2160351700603
VKO,VKO-MAIN,,700540694,1.00,HL4L31,2160351700610
VKO,VKO-MAIN,,700540691,1.00,HL4L31,2160351700627
VKO,VKO-MAIN,,700800063,3.00,HL4L31,2160351700634
VKO,VKO-MAIN,,700800010,2.00,HL4L31,2160351700665
VKO,VKO-MAIN,,700541057,3.00,HL4L31,2160351700696
VKO,VKO-MAIN,,700710000 (ITEM 3),1.00,,2160351700702
VKO,VKO-MAIN,,700710000 (ITEM 6),1.00,,2160351700719
VKO,VKO-MAIN,,700710000 (ITEM 12),1.00,,2160351700726
VKO,VKO-MAIN,,700551107,3.00,HL4L31,2160351700757
VKO,VKO-MAIN,,SQE-08,2.00,HL4L31,2160351700771
VKO,VKO-MAIN,,700800031,1.00,HL4L31,2160351700825
VKO,VKO-MAIN,,700800032,1.00,HL4L31,2160351700832
VKO,VKO-MAIN,,700550056,1.00,HL4L31,2160351700849
VKO,VKO-MAIN,,700551649,1.00,HL4L31,2160351700863
VKO,VKO-MAIN,,700550054,2.00,HL4L31,2160351700870
VKO,VKO-MAIN,,3817582,2.00,HL4L31,2160351700887
VKO,VKO-MAIN,,700530460,1.00,HL4L31,2160351700894
VKO,VKO-MAIN,,Z7 24146,1.00,,2160351700900
VKO,VKO-MAIN,,Z722141,1.00,HL4L31,2160351700917
VKO,VKO-MAIN,,700550866,1.00,,2160351700948
VKO,VKO-MAIN,,700551319,4.00,HL4L31,2160351701006
VKO,VKO-MAIN,,700650230,1.00,HL4L31,2160351701044
VKO,VKO-MAIN,,4056000449,1.00,HL4L31,2160351701112
VKO,VKO-MAIN,,700530327,1.00,HL4L31,2160351701167
VKO,VKO-MAIN,,700800038,2.00,HL4L31,2160351701204
VKO,VKO-MAIN,,700540026,1.00,HL4L31,2160351701617
VKO,VKO-MAIN,,700520023,1.00,HL4L31,2160351701716
VKO,VKO-MAIN,,700551310,1.00,,2160351701778
VKO,VKO-MAIN,,700551314,1.00,HL4L31,2160351701785
VKO,VKO-MAIN,,700505205,1.00,HL4L31,2160351701815
VKO,VKO-MAIN,,700800012,2.00,HL4L31,2160351701907
VKO,VKO-MAIN,,700800013,2.00,HL4L31,2160351701914
VKO,VKO-MAIN,,700800011,2.00,HL4L31,2160351701921
VKO,VKO-MAIN,,700520725,1.00,,2160351701945
VKO,VKO-MAIN,,700800037,3.00,HL4L31,2160351701976
VKO,VKO-MAIN,,700800015,2.00,HL4L31,2160351701983
VKO,VKO-MAIN,,G3194-001,10.00,HL4L41,2163201727621
VKO,VKO-MAIN,,J072K174 S/N J0101,1.00,,2167951700156
VKO,VKO-MAIN,,J072K174 S/N J0102,1.00,,2167951700170
VKO,VKO-MAIN,,J072K174 S/N J0103,1.00,,2167951700187
VKO,VKO-MAIN,,J072K174 S/N J0107,1.00,,2167951700194
VKO,VKO-MAIN,,J072K169 S/N J0214,1.00,,2167951700200
VKO,VKO-MAIN,,J072K169 S/N J0117,1.00,,2167951700217
VKO,VKO-MAIN,,J072K169 S/N J0119,1.00,,2167951700224
MA,MA-MAIN,,Transformer 100KVA,1.00,,3004202406103
MA,MA-MAIN,,Consumables,1.00,,3004202406106
MA,MA-MAIN,,Wet Dust Collector 1.5KW,1.00,,3004202512897
MT,MT-MAIN,,CN-065K5F-LO300-3AB-0FPV-A03,1.00,,3006202404903
MT,MT-MAIN,,CN-0081N8- LO300-3Ab-06WV,1.00,,3006202404904
MT,MT-MAIN,,TH-0RFYG3-TVH00-3AP-2X7B,1.00,,3006202404907
MT,MT-MAIN,,K651168,1.00,,3006202408640
MT,MT-MAIN,,A-5000-7800,1.00,,3006202408641
MT,MT-MAIN,,A-1034-0027,1.00,,3006202408642
MT,MT-MAIN,,A-1034-0351,1.00,,3006202408643
MT,MT-MAIN,,63TAA601-200,1.00,,3006202408644
MT,MT-MAIN,,PH6M-SYS-SP25M,1.00,,3006202408645
MT,MT-MAIN,,06ACV587A,2.00,,3006202408646
MT,MT-MAIN,,06AEL320B,1.00,,3006202408647
MT,MT-MAIN,,06AAW651,1.00,,3006202408648
MT,MT-MAIN,,06AAZ051,1.00,,3006202408649
MT,MT-MAIN,,06AGQ353,1.00,,3006202408650
MT,MT-MAIN,,06AGP824,1.00,,3006202408651
MT,MT-MAIN,,63TAA422-53,1.00,HL3L18,3006202408652
MT,MT-MAIN,,CN-0DMV3P- CH400-52A-1WVS-A01,1.00,,3006202511160
MT,MT-MAIN,,CN-07W2PJ-PRC00-52H-A32R,1.00,,3006202511161
MT,MT-MAIN,,TH-0DNY2H-TVH00-545-1XNL,1.00,,3006202511163
MT,MT-MAIN,,264-160-13,1.00,,3006202511728
MT,MT-MAIN,,810-455-20,1.00,,3006202512986
MT,MT-MAIN,,176-449,1.00,"HL3L23, HL3L24",3006202613949
MT,MT-MAIN,,176-394,1.00,"HL3L23, HL3L24",3006202613950
MT,MT-MAIN,,66PAA001J-SG,1.00,,3006202613962
NC,NC-MAIN,,PL083,2.00,,3007202302997
NC,NC-MAIN,,NO065,1.00,,3007202302998
NC,NC-MAIN,,CS225,1.00,,3007202302999
NC,NC-MAIN,,JA001,1.00,,3007202303921
NC,NC-MAIN,,JB180,1.00,,3007202303922
NC,NC-MAIN,,SD120,1.00,,3007202303923
NC,NC-MAIN,,TD021,2.00,,3007202303924
NC,NC-MAIN,,BH105,4.00,,3007202303929
NC,NC-MAIN,,TS127,1.00,,3007202303933
NC,NC-MAIN,,MT032*,1.00,,3007202303934
NC,NC-MAIN,,NO391,1.00,,3007202405876
NC,NC-MAIN,,NC202,1.00,,3007202405887
NC,NC-MAIN,,2MB,1.00,,3007202406981
NC,NC-MAIN,,MT085,1.00,,3007202406982
NC,NC-MAIN,,SQ240627HJ01,1.00,,3007202407131
NC,NC-MAIN,,SQ240627HJ02,2.00,,3007202407132
NC,NC-MAIN,,NO482,1.00,,3007202407134
NC,NC-MAIN,,NO484,1.00,,3007202407135
NC,NC-MAIN,,BH130,4.00,,3007202407136
NC,NC-MAIN,,E50-10,2.00,,3007202407452
NC,NC-MAIN,,E50-12,2.00,,3007202407454
NC,NC-MAIN,,,1.00,,3007202509419
NC,NC-MAIN,,R8,2.00,,3007202509903
NC,NC-MAIN,,,1.00,,3007202510044
NC,NC-MAIN,,,1.00,,3007202510045
NC,NC-MAIN,,,1.00,,3007202511392
NC,NC-MAIN,,EGAD001,1.00,,3007202511843
NC,NC-MAIN,,V-318-M,1.00,,3007202511963
NC,NC-MAIN,,DT29200,1.00,,3007202512826
NC,NC-MAIN,,DHR6000,1.00,,3007202512827
NC,NC-MAIN,,,2.00,,3007202613577
NC,NC-MAIN,,,1.00,,3007202613578
NC,NC-MAIN,,,1.00,,3007202613579
NC,NC-MAIN,,,2.00,,3007202613580
NC,NC-MAIN,,,1.00,,3007202613581
NC,NC-MAIN,,,2.00,,3007202613582
NC,NC-MAIN,,,2.00,,3007202613583
NC,NC-MAIN,,,2.00,,3007202613585
NC,NC-MAIN,,,1.00,,3007202613587
NC,NC-MAIN,,,1.00,,3007202613589
NC,NC-MAIN,,,1.00,,3007202613590
NC,NC-MAIN,,B95-A501,1.00,,3007202613746
NC,NC-MAIN,,VHC-08-08,5.00,,3007202613798
NC,NC-MAIN,,SQ240627HJ03,1.00,,3007202614206
NC,NC-MAIN,,,1.00,,3007202615442
NC,NC-MAIN,,,1.00,,3007202615444
NC,NC-MAIN,,,1.00,,3007202615448
NC,NC-MAIN,,,1.00,,3007202615450
NC,NC-MAIN,,,1.00,,3007202615451
NC,NC-MAIN,,,1.00,,3007202615452
NC,NC-MAIN,,,1.00,,3007202615453
NC,NC-MAIN,,,3.00,,3007202615454
NC,NC-MAIN,,,1.00,,3007202615458
NC,NC-MAIN,,,3.00,,3007202615460
NC,NC-MAIN,,,3.00,,3007202615461
NC,NC-MAIN,,,3.00,,3007202615463
NC,NC-MAIN,,,3.00,,3007202615494
VKO,VKO-MAIN,,700540314,1.00,HL4L31,3016202408519
MT,MT-MAIN,,351561,1.00,,3060001602754
MT,MT-MAIN,,350256,1.00,,3060001602761
MT,MT-MAIN,,12AAC001,1.00,,3060001602822
MT,MT-MAIN,,S/N 10906  ;  CN 0189886-00,1.00,,3060001603058
MT,MT-MAIN,,FOOTINGS :,1.00,,3060001603089
MT,MT-MAIN,,12AAD195,1.00,,3060001700924
MT,MT-MAIN,,12AAD033L,1.00,,3060001700931
MT,MT-MAIN,,12AAA804,1.00,,3060001700948
MT,MT-MAIN,,908353,1.00,,3060001700955
MT,MT-MAIN,,011466,1.00,HL3L37,3060001700962
MT,MT-MAIN,,PMLEDRING-LIGHT,6.00,HL3L30,3060001701570
MT,MT-MAIN,2301458,K651039,1.00,HL3L37,3062281700540
MT,MT-MAIN,2301405,K651249,2.00,HL3L37,3062281700564
MT,MT-MAIN,6200314,K651019,2.00,HL3L37,3062281700588
MT,MT-MAIN,2550086,K651170,1.00,HL3L37,3062281700700
MT,MT-MAIN,6200204,A/1051/0417,1.00,,3062281700854
MT,MT-MAIN,,02ZAA030,3.00,,3062281701103
MT,MT-MAIN,,02APL110 ; S/N 0241110,1.00,,3063091618605
MT,MT-MAIN,,QSPAK SOFTWARE,1.00,,3063091618629
MT,MT-MAIN,,PC SYSTEM PACKAGE,1.00,,3063091618636
MT,MT-MAIN,,19BAA072,1.00,,3063091700157
MT,MT-MAIN,,178-602,2.00,,3063091700423
MT,MT-MAIN,6200039,A/1207/0001,1.00,,3063091704254
MT,MT-MAIN,,19BAA082,1.00,HL3L04,3063091707545
MT,MT-MAIN,,526688,2.00,,3063091709051
MT,MT-MAIN,,12BAA304,2.00,,3063091709068
MT,MT-MAIN,,353134,2.00,,3063091709082
MT,MT-MAIN,,99MBB079A,2.00,,3063091709099
MT,MT-MAIN,,99MBB081A,2.00,,3063091709105
MT,MT-MAIN,,160589,1.00,,3063091709723
MT,MT-MAIN,,02NBA077,1.00,HL3L37,3063091710286
MT,MT-MAIN,,A/1207/0010,1.00,,3063091719043
MT,MT-MAIN,,A/1047/3484,1.00,,3063091719050
MT,MT-MAIN,,A/1047/3485,1.00,,3063091719067
MT,MT-MAIN,,06AFU115,1.00,HL3L37,3063091719739
MT,MT-MAIN,2500017,66TYC001-SP,1.00,,3063091719906
MT,MT-MAIN,,06ABL576,1.00,,3063091719937
MT,MT-MAIN,,06AGK974D,1.00,,3063091720346
MT,MT-MAIN,2500185,66TYC011-SP,1.00,,3063091720360
MT,MT-MAIN,,19BAA037,1.00,,3063091720407
MT,MT-MAIN,,19BAA040,1.00,,3063091720414
MT,MT-MAIN,,19BAA034,1.00,,3063091720445
MT,MT-MAIN,,11AAD461,1.00,,3063091720469
MT,MT-MAIN,,12AAA807,1.00,,3063311700448
MT,MT-MAIN,,936937,2.00,,3063311700455
MT,MT-MAIN,,06ADV384,1.00,,3063461700107
MT,MT-MAIN,,06AEN846,1.00,,3063461700114
MT,MT-MAIN,,06ADV380B,1.00,,3063461700121
MT,MT-MAIN,,06ADV380F,1.00,,3063461700138
MT,MT-MAIN,,02AZD810D,2.00,,3063461700145
MT,MT-MAIN,,02AZD880D,1.00,,3063461700152
MT,MT-MAIN,,02AZD790A,2.00,,3063461700169
MT,MT-MAIN,,02AZE200,1.00,HL3L02,3063461700176
MT,MT-MAIN,,,1.00,,3063461700183
MT,MT-MAIN,,06ADU006,1.00,,3063461700206
MT,MT-MAIN,,264-621,1.00,,3063461700213
MT,MT-MAIN,,264-622,1.00,,3063461700220
MT,MT-MAIN,,02ARB111,1.00,,3063461700237
MT,MT-MAIN,,06AFM387,1.00,,3063461700251
MT,MT-MAIN,"6200308
",A/5000/7805,2.00,HL3L37,3067671700292
MT,MT-MAIN,,06AEC695,2.00,,3067681700145
MT,MT-MAIN,,02ZAA031,3.00,HL3L02,3067681700152
MT,MT-MAIN,2590006,PH10M-PLUS-TP200*,1.00,HL3L23,3067681700220
MT,MT-MAIN,,500-712-20,1.00,,3067771700017
MT,MT-MAIN,A,293-230-30,1.00,,3067781700014
MT,MT-MAIN,"2550113
",937179T,1.00,,3067791700011
MT,MT-MAIN,,293-140,1.00,HL3L06,3067791700028
MT,MT-MAIN,,543-505B,1.00,,3067791700035
MT,MT-MAIN,B,500-151-30,1.00,,3067791700042
NC,NC-MAIN,,,1.00,,3070000505185
NC,NC-MAIN,,,2.00,,3070001128574
NC,NC-MAIN,,,2.00,,3070001128581
NC,NC-MAIN,,ALSGS AL510S,2.00,,3070001128611
NC,NC-MAIN,,,2.00,,3070001128628
NC,NC-MAIN,,,1.00,,3070001128673
NC,NC-MAIN,,,1.00,,3070001128680
NC,NC-MAIN,,,2.00,,3070001128697
NC,NC-MAIN,,,1.00,,3070001128703
NC,NC-MAIN,,,1.00,,3070001128710
NC,NC-MAIN,,,1.00,,3070001128727
NC,NC-MAIN,,R8 ER40,3.00,,3070001130454
NC,NC-MAIN,,25 MM,2.00,,3070001401431
NC,NC-MAIN,,,11.00,,3070001401455
NC,NC-MAIN,,,1.00,,3070001402742
NC,NC-MAIN,,,1.00,,3070001403022
NC,NC-MAIN,,20  MM,2.00,,3070001404937
NC,NC-MAIN,,,1.00,,3070001405057
NC,NC-MAIN,,,1.00,,3070001405538
NC,NC-MAIN,,DRILL HOLDER,1.00,,3070001411812
NC,NC-MAIN,,,1.00,,3070001413731
NC,NC-MAIN,,,1.00,,3070001416527
NC,NC-MAIN,,,1.00,,3070001416541
NC,NC-MAIN,,,1.00,,3070001416633
NC,NC-MAIN,,,1.00,,3070001418248
NC,NC-MAIN,,,1.00,,3070001418675
NC,NC-MAIN,,MT5,1.00,,3070001420937
NC,NC-MAIN,,,2.00,,3070001423266
NC,NC-MAIN,,,1.00,,3070001423501
NC,NC-MAIN,,XT320S2-3.2M,1.00,,3070001427745
NC,NC-MAIN,,,1.00,,3070001428087
NC,NC-MAIN,,,1.00,,3070001428100
NC,NC-MAIN,,MAIN SPINDLE COLLET CHUCK,3.00,,3070001428124
NC,NC-MAIN,,,3.00,,3070001428193
NC,NC-MAIN,,,3.00,,3070001428209
NC,NC-MAIN,,,4.00,,3070001430844
NC,NC-MAIN,,,2.00,,3070001430851
NC,NC-MAIN,,,2.00,,3070001430868
NC,NC-MAIN,,VK-6,4.00,,3070001604405
NC,NC-MAIN,,VJ-123 (R8-JT6),4.00,,3070001606959
NC,NC-MAIN,,,1.00,,3070001700633
NC,NC-MAIN,,,1.00,,3070001700640
NC,NC-MAIN,,,1.00,,3070001701050
NC,NC-MAIN,,,1.00,,3070001701098
NC,NC-MAIN,,,1.00,,3070001701104
NC,NC-MAIN,,,1.00,,3070001703191
NC,NC-MAIN,,,1.00,,3070001705782
NC,NC-MAIN,,,1.00,,3070001705812
NC,NC-MAIN,,,1.00,,3070001716016
NC,NC-MAIN,,,1.00,,3070001716054
NC,NC-MAIN,,E32-12,2.00,,3070001719260
NC,NC-MAIN,,E32-20-K,1.00,,3070001719277
NC,NC-MAIN,,E32-8,2.00,,3070001719291
NC,NC-MAIN,,E32-25-K,1.00,,3070001719307
NC,NC-MAIN,,E32-10,2.00,,3070001719857
NC,NC-MAIN,,174-183E,4.00,,3070001726411
NC,NC-MAIN,,,1.00,,3070001727739
NC,NC-MAIN,,01113440S,1.00,HL2L41,3070001728071
NC,NC-MAIN,,TURNING HOLDER (FWD),2.00,,3070001729931
NC,NC-MAIN,,,3.00,,3070002117744
NC,NC-MAIN,,,1.00,,3070002118925
NC,NC-MAIN,,,1.00,,3070002118932
NC,NC-MAIN,,E32-16-K,2.00,,3070002120133
NC,NC-MAIN,,VQ-108,2.00,,3070002120881
NC,NC-MAIN,,INT-13-MT4,2.00,,3070002120898
NC,NC-MAIN,,VLC-MT5A,3.00,,3070002120904
NC,NC-MAIN,,CK-12A,4.00,,3070002120997
NC,NC-MAIN,,,1.00,,3070002122410
NC,NC-MAIN,,,2.00,,3070002122731
NC,NC-MAIN,,CAM-LOCKED TYPE DRIVING DOG,1.00,,3070002122809
NC,NC-MAIN,,,1.00,,3070002122854
NC,NC-MAIN,,,1.00,,3070002122861
NC,NC-MAIN,,GC80L,1.00,,3070002122878
NC,NC-MAIN,,,4.00,,3070002126340
NC,NC-MAIN,,,12.00,,3070002126357
NC,NC-MAIN,,,4.00,,3070002126364
NC,NC-MAIN,,,8.00,,3070002126371
NC,NC-MAIN,,,1.00,,3070002126494
NC,NC-MAIN,,,1.00,,3070002127064
NC,NC-MAIN,,,1.00,,3070002127194
NC,NC-MAIN,,,2.00,,3070002128009
NC,NC-MAIN,,E50-20,2.00,,3070002128238
NC,NC-MAIN,,E50-16,2.00,,3070002128245
NC,NC-MAIN,,E50-25,1.00,,3070002128252
NC,NC-MAIN,,E50-32-K,1.00,,3070002128269
NC,NC-MAIN,,E50-40-K,1.00,,3070002128276
NC,NC-MAIN,,D-12203-2,4.00,,3070002130958
NC,NC-MAIN,,BBS 40 MM OD X 8 MM ID,1.00,,3070002807102
NC,NC-MAIN,,BBS 40 MM OD X 10 MM ID,2.00,,3070002807119
NC,NC-MAIN,,BBS 40 MM OD X 12 MM ID,2.00,,3070002807126
NC,NC-MAIN,,BBS 40 MM OD X 16 MM ID,1.00,,3070002807133
NC,NC-MAIN,,,2.00,,3071121100013
NC,NC-MAIN,,,3.00,,3073462100417
NC,NC-MAIN,,,2.00,,3077961400047
NC,NC-MAIN,,,1.00,,3077961700093
VKH,VKH-MAIN,,24MM,1.00,,3110001700186
VKH,VKH-MAIN,,PMH25 TOOL,2.00,,3110001700292
VKH,VKH-MAIN,,PMH25 MANUAL,2.00,,3110001700308
VKH,VKH-MAIN,,15MM,3.00,,3110001700322
VKH,VKH-MAIN,,21MM,3.00,,3110001700339
VKH,VKH-MAIN,,27MM,4.00,,3110001700346
VKH,VKH-MAIN,,33MM,2.00,,3110001700353
VKH,VKH-MAIN,,39MM,2.00,,3110001700360
VKH,VKH-MAIN,,45MM,2.00,,3110001700377
VKH,VKH-MAIN,,18MM,1.00,,3113201700109
VKH,VKH-MAIN,,PE-38 TOOL,2.00,,3140000800525
VKH,VKH-MAIN,,PE-38 OIL,2.00,,3140000800532
VKH,VKH-MAIN,,15MM,4.00,,3140000800549
VKH,VKH-MAIN,,21MM,4.00,,3140000800556
VKH,VKH-MAIN,,27MM,4.00,,3140000800563
VKH,VKH-MAIN,,33MM,4.00,,3140000800570
VKH,VKH-MAIN,,39MM,4.00,,3140000800587
VKH,VKH-MAIN,,45MM,4.00,,3140000800594
VKH,VKH-MAIN,,57MM,2.00,,3140000800600
VKH,VKH-MAIN,,66MM,2.00,,3140000800617
VKH,VKH-MAIN,,SE28 MANUAL,2.00,,3140000800655
VKH,VKH-MAIN,,SE28 TOOL,2.00,,3140001700664
VKH,VKH-MAIN,,S CRIMP 240 USB,2.00,,3143201700731
MF,MF-MAIN,,ALA-130,104.00,,ALA-130
MF,MF-MAIN,,ALA-140,80.00,,ALA-140
MF,MF-MAIN,,ALA-180,800.00,,ALA-180
MF,MF-MAIN,,ALA-190,637.00,,ALA-190
MF,MF-MAIN,,ALA-200,"1,940.00",,ALA-200
MF,MF-MAIN,,ALA-42,"2,000.00",,ALA-42
MF,MF-MAIN,,ALA-50,"1,500.00",,ALA-50
MF,MF-MAIN,,ALA-50X50X200,840.00,,ALA-50X50X200
MF,MF-MAIN,,ALA-50X50X500,"25,000.00",,ALA-50X50X500
MF,MF-MAIN,,ALB-50X50X4876.8,440.00,,ALB-50X50X4876.8
MF,MF-MAIN,,AMPA-25.4,"2,000.00",,AMPA-25.4
MF,MF-MAIN,,AMPA-50.8,"2,995.00",,AMPA-50.8
MF,MF-MAIN,,AMPA-63.5,"18,813.00",,AMPA-63.5
MF,MF-MAIN,,AMPA-63.5X1950,304.00,,AMPA-63.5X1950
MF,MF-MAIN,,FC250-MQ-40,28.00,,FC250-MQ-40
MF,MF-MAIN,,FC300-KY1-07,23.00,,FC300-KY1-07
MF,MF-MAIN,,FC300-LB-BODY,800.00,,FC300-LB-BODY
MF,MF-MAIN,,FC300-LB-LOWER,818.00,,FC300-LB-LOWER
MF,MF-MAIN,,FC300-LB-UPPER,804.00,,FC300-LB-UPPER
MF,MF-MAIN,,HASA-0.156,"63,345.00",,HASA-0.156
MF,MF-MAIN,,HASA-0.1875,"112,685.00",,HASA-0.1875
MF,MF-MAIN,,"HASA-0.49""","368,600.00",,"HASA-0.49"""
MF,MF-MAIN,,"HASA-0.625""","155,053.00",,"HASA-0.625"""
MF,MF-MAIN,,"HASA-0.75""","32,645.00",,"HASA-0.75"""
MF,MF-MAIN,,HASA-1.0X165,"20,020.00",,HASA-1.0X165
MF,MF-MAIN,,"HASA-1.75""","55,150.00",,"HASA-1.75"""
MF,MF-MAIN,,"HASB-0.1875""","36,860.00",,"HASB-0.1875"""
MF,MF-MAIN,,HASB-0.25X120,"36,545.00",,HASB-0.25X120
MF,MF-MAIN,,M-BEARING-6001ZZ,"2,476.00",,M-BEARING-6001ZZ
MF,MF-MAIN,,M-CIRCLIP-12,"1,044.00",,M-CIRCLIP-12
MF,MF-MAIN,,M-CIRCLIP-28,"1,089.00",,M-CIRCLIP-28
MF,MF-MAIN,,MSB-100,"2,000.00",,MSB-100
MF,MF-MAIN,,MSB-110,300.00,,MSB-110
MF,MF-MAIN,,MSB-120,"2,000.00",,MSB-120
MF,MF-MAIN,,MSB-130,"1,320.00",,MSB-130
MF,MF-MAIN,,MSB-140,200.00,,MSB-140
MF,MF-MAIN,,MSB-16,"3,500.00",,MSB-16
MF,MF-MAIN,,MSB-180,378.00,,MSB-180
MF,MF-MAIN,,MSB-19,"1,000.00",,MSB-19
MF,MF-MAIN,,MSB-200,330.00,,MSB-200
MF,MF-MAIN,,MSB-210,470.00,,MSB-210
MF,MF-MAIN,,MSB-22,"5,000.00",,MSB-22
MF,MF-MAIN,,MSB-25,"5,000.00",,MSB-25
MF,MF-MAIN,,MSB-35,"5,500.00",,MSB-35
MF,MF-MAIN,,MSB-40,"4,000.00",,MSB-40
MF,MF-MAIN,,MSB-50,"5,200.00",,MSB-50
MF,MF-MAIN,,MSB-55,"2,620.00",,MSB-55
MF,MF-MAIN,,MSB-65,125.00,,MSB-65
MF,MF-MAIN,,MSB-70,"2,000.00",,MSB-70
MF,MF-MAIN,,MSB-75,"3,000.00",,MSB-75
MF,MF-MAIN,,MSB-85,"1,345.00",,MSB-85
MF,MF-MAIN,,MSB-90,"1,400.00",,MSB-90
MF,MF-MAIN,,MSB-95,750.00,,MSB-95
MF,MF-MAIN,,MSG-100,"3,135.00",,MSG-100
MF,MF-MAIN,,MSG-110,582.00,,MSG-110
MF,MF-MAIN,,MSG-13,"4,000.00",,MSG-13
MF,MF-MAIN,,MSG-130,"2,446.60",,MSG-130
MF,MF-MAIN,,MSG-140,829.00,,MSG-140
MF,MF-MAIN,,MSG-150,770.00,,MSG-150
MF,MF-MAIN,,MSG-16,"3,000.00",,MSG-16
MF,MF-MAIN,,MSG-160,"1,000.00",,MSG-160
MF,MF-MAIN,,MSG-17X110X160,10.00,,MSG-17X110X160
MF,MF-MAIN,,MSG-180,"6,573.00",,MSG-180
MF,MF-MAIN,,MSG-19,"1,750.00",,MSG-19
MF,MF-MAIN,,MSG-190,160.00,,MSG-190
MF,MF-MAIN,,MSG-200,382.00,,MSG-200
MF,MF-MAIN,,MSG-22,"3,000.00",,MSG-22
MF,MF-MAIN,,MSG-310X100,4.00,,MSG-310X100
MF,MF-MAIN,,MSG-45,"2,500.00",,MSG-45
MF,MF-MAIN,,MSG-45X85X100,1.00,,MSG-45X85X100
MF,MF-MAIN,,MSG-50,"2,000.00",,MSG-50
MF,MF-MAIN,,MSG-65,"4,020.00",,MSG-65
MF,MF-MAIN,,MSG-80,"1,500.00",,MSG-80
MF,MF-MAIN,,MSG-85,"2,000.00",,MSG-85
MF,MF-MAIN,,MSG-8X42X130,9.00,,MSG-8X42X130
MF,MF-MAIN,,MSG-9X30X120,12.00,,MSG-9X30X120
MF,MF-MAIN,,MSW-114.3,"1,730.00",,MSW-114.3
MF,MF-MAIN,,MSW-120,"2,030.00",,MSW-120
MF,MF-MAIN,,MSW-14.2875,"1,000.00",,MSW-14.2875
MF,MF-MAIN,,MSW-22X22X3900,"3,472.00",,MSW-22X22X3900
MF,MF-MAIN,,MSW-28.58,"2,663.00",,MSW-28.58
MF,MF-MAIN,,MSW-31.75,"10,420.00",,MSW-31.75
MF,MF-MAIN,,MSW-34.925,"1,000.00",,MSW-34.925
MF,MF-MAIN,,MSW-38.1,480.00,,MSW-38.1
MF,MF-MAIN,,MSW-41.275,"6,100.00",,MSW-41.275
MF,MF-MAIN,,MSW-44.45,"3,070.00",,MSW-44.45
MF,MF-MAIN,,MSW-50.8,"12,152.00",,MSW-50.8
MF,MF-MAIN,,MSW-57.15,"10,925.00",,MSW-57.15
MF,MF-MAIN,,MSW-8X270X2438,439.00,,MSW-8X270X2438
MF,MF-MAIN,,056301M3590,2.00,,MZ-KY-01
MF,MF-MAIN,,056301M3631,8.00,,MZ-KY-02
MF,MF-MAIN,,MZ-KY-104,491.00,,MZ-KY-104
MF,MF-MAIN,,056218M2840,1.00,,MZ-KY-107
MF,MF-MAIN,,056218M2850,3.00,,MZ-KY-108
MF,MF-MAIN,,056218M2860,1.00,,MZ-KY-109
MF,MF-MAIN,,MZ-KY-11,28.00,,MZ-KY-11
MF,MF-MAIN,,2340220600,20.00,,MZ-KY-110
MF,MF-MAIN,,3672500060,3.00,,MZ-KY-112
MF,MF-MAIN,,3671500190,11.00,,MZ-KY-118
MF,MF-MAIN,,4251623980,4.00,,MZ-KY-119
MF,MF-MAIN,,3478047980,219.00,,MZ-KY-12
MF,MF-MAIN,,2401123401,329.00,,MZ-KY-120
MF,MF-MAIN,,1444784970,40.00,,MZ-KY-122
MF,MF-MAIN,,5571647290,2.00,,MZ-KY-124
MF,MF-MAIN,,5626114670,3.00,,MZ-KY-128
MF,MF-MAIN,,3103562252,3.00,,MZ-KY-129
MF,MF-MAIN,,3227696800,3.00,,MZ-KY-130
MF,MF-MAIN,,3208084880,42.00,,MZ-KY-131
MF,MF-MAIN,,3447595410,36.00,,MZ-KY-132
MF,MF-MAIN,,3674000080,18.00,,MZ-KY-135
MF,MF-MAIN,,032340M1810,88.00,,MZ-KY-136
MF,MF-MAIN,,1473011180,28.00,,MZ-KY-139
MF,MF-MAIN,,3113807981,2.00,,MZ-KY-140
MF,MF-MAIN,,032240M1920,1.00,,MZ-KY-142
MF,MF-MAIN,,3673000150,14.00,,MZ-KY-148
MF,MF-MAIN,,5297115080,3.00,,MZ-KY-150
MF,MF-MAIN,,5297115060,20.00,,MZ-KY-151
MF,MF-MAIN,,3673000170,2.00,,MZ-KY-155
MF,MF-MAIN,,MZ-KY-155 (IN PC),1.00,,MZ-KY-155 (IN PC)
MF,MF-MAIN,,4261612831,6.00,,MZ-KY-157
MF,MF-MAIN,,4261814860,11.00,,MZ-KY-159
MF,MF-MAIN,,3200203050,11.00,,MZ-KY-16
MF,MF-MAIN,,4261814870,3.00,,MZ-KY-160
MF,MF-MAIN,,4261814880,5.00,,MZ-KY-161
MF,MF-MAIN,,4261816180,2.00,,MZ-KY-162
MF,MF-MAIN,,5881700071,2.00,,MZ-KY-163
MF,MF-MAIN,,5881800181,23.00,,MZ-KY-165A
MF,MF-MAIN,,5885100030,4.00,,MZ-KY-168
MF,MF-MAIN,,2711006130,9.00,,MZ-KY-170
MF,MF-MAIN,,5501027940,4.00,,MZ-KY-171
MF,MF-MAIN,,5885900300,29.00,,MZ-KY-174
MF,MF-MAIN,,5885900360,4.00,,MZ-KY-176
MF,MF-MAIN,,5885901120,1.00,,MZ-KY-179
MF,MF-MAIN,,5622067440,2.00,,MZ-KY-180
MF,MF-MAIN,,032140M2110,8.00,,MZ-KY-182
MF,MF-MAIN,,055812M0190,15.00,,MZ-KY-184
MF,MF-MAIN,,3731691331,12.00,,MZ-KY-187
MF,MF-MAIN,,5880100180,4.00,,MZ-KY-189
MF,MF-MAIN,,3103797950,8.00,,MZ-KY-19
MF,MF-MAIN,,5880100192,2.00,,MZ-KY-190A
MF,MF-MAIN,,5880100201,9.00,,MZ-KY-191
MF,MF-MAIN,,5880100330,1.00,,MZ-KY-193
MF,MF-MAIN,,5880100311,10.00,,MZ-KY-194
MF,MF-MAIN,,5881100230,2.00,,MZ-KY-196
MF,MF-MAIN,,3123818450,12.00,,MZ-KY-20
MF,MF-MAIN,,055755M6300,17.00,,MZ-KY-205
MF,MF-MAIN,,3233574060,20.00,,MZ-KY2-08
MF,MF-MAIN,,5881100030,4.00,,MZ-KY-209
MF,MF-MAIN,,3233574070,168.00,,MZ-KY2-09
MF,MF-MAIN,,3123818781,28.00,,MZ-KY-21
MF,MF-MAIN,,5881700261,3.00,,MZ-KY-210A
MF,MF-MAIN,,043911M0351,5.00,,MZ-KY-211
MF,MF-MAIN,,3743830530,5.00,,MZ-KY-215
MF,MF-MAIN,,3688000040,5.00,,MZ-KY-217
MF,MF-MAIN,,5885901450,8.00,,MZ-KY-218
MF,MF-MAIN,,5885901470,7.00,,MZ-KY-219
MF,MF-MAIN,,043911M0321,2.00,,MZ-KY-225
MF,MF-MAIN,,055746M0211,4.00,,MZ-KY-230
MF,MF-MAIN,,4346104320,4.00,,MZ-KY-233
MF,MF-MAIN,,033325C0030,13.00,,MZ-KY-236
MF,MF-MAIN,,1578604440,17.00,,MZ-KY-237
MF,MF-MAIN,,3478045972,11.00,,MZ-KY-24
MF,MF-MAIN,,0D204300110,1.00,,MZ-KY-246
MF,MF-MAIN,,2746100010,8.00,,MZ-KY-249
MF,MF-MAIN,,3335800120,1.00,,MZ-KY-250
MF,MF-MAIN,,0B3901C1971,2.00,,MZ-KY-253
MF,MF-MAIN,,0B087500171,4.00,,MZ-KY-254
MF,MF-MAIN,,0B627500190,1.00,,MZ-KY-256
MF,MF-MAIN,,0B627500200,7.00,,MZ-KY-257
MF,MF-MAIN,,0B627500210,11.00,,MZ-KY-258
MF,MF-MAIN,,0B440101770,32.00,,MZ-KY-272
MF,MF-MAIN,,5312023290,43.00,,MZ-KY-273
MF,MF-MAIN,,0E3118C0370,34.00,,MZ-KY-275
MF,MF-MAIN,,056318M3060,3.00,,MZ-KY-28
MF,MF-MAIN,,032291M1642,23.00,,MZ-KY-282
MF,MF-MAIN,,0D5301C0480,20.00,,MZ-KY-288
MF,MF-MAIN,,0D5301C0482,30.00,,MZ-KY-288.2
MF,MF-MAIN,,0B7475C0170,2.00,,MZ-KY-289
MF,MF-MAIN,,0B088000780,3.00,,MZ-KY-290
MF,MF-MAIN,,0D6503C0020,9.00,,MZ-KY-291
MF,MF-MAIN,,MZ-KY-291 (IN PC),2.00,,MZ-KY-291 (IN PC)
MF,MF-MAIN,,MZ-KY-292 (IN PC),37.00,,MZ-KY-292 (IN PC)
MF,MF-MAIN,,0B1139C0240,5.00,,MZ-KY-293
MF,MF-MAIN,,3107650270,7.00,,MZ-KY-294
MF,MF-MAIN,,MZ-KY-295 (IN PC),1.00,,MZ-KY-295 (IN PC)
MF,MF-MAIN,,0B071500121,10.00,,MZ-KY-297
MF,MF-MAIN,,5820100270,1.00,,MZ-KY-298
MF,MF-MAIN,,MZ-KY-299,15.00,,MZ-KY-299
MF,MF-MAIN,,MZ-KY-301,7.00,,MZ-KY-301
MF,MF-MAIN,,MZ-KY-302,17.00,,MZ-KY-302
MF,MF-MAIN,,0B1175C0710,29.00,,MZ-KY-304
MF,MF-MAIN,,0B1115C0640,11.00,,MZ-KY-305
MF,MF-MAIN,,MZ-KY-305 (IN PC),3.00,,MZ-KY-305 (IN PC)
MF,MF-MAIN,,0B11MC58010,25.00,,MZ-KY-306
MF,MF-MAIN,,056316M0281,1.00,,MZ-KY-30B
MF,MF-MAIN,,3223820290,6.00,,MZ-KY-40
MF,MF-MAIN,,3204053110,27.00,,MZ-KY-43
MF,MF-MAIN,,3637464140,38.00,,MZ-KY-45
MF,MF-MAIN,,2451646430,23.00,,MZ-KY-48
MF,MF-MAIN,,5620236711,53.00,,MZ-KY-55
MF,MF-MAIN,,1110100672,7.00,,MZ-KY-56
MF,MF-MAIN,,3740224720,11.00,,MZ-KY-57
MF,MF-MAIN,,1823025300,15.00,,MZ-KY-58
MF,MF-MAIN,,3680100480,3.00,,MZ-KY-59
MF,MF-MAIN,,3214062380,109.00,,MZ-KY-60
MF,MF-MAIN,,0557204471A,11.00,,MZ-KY-61
MF,MF-MAIN,,3214062300,5.00,,MZ-KY-62
MF,MF-MAIN,,3321695720,6.00,,MZ-KY6-28
MF,MF-MAIN,,0321406230E,17.00,,MZ-KY-62E
MF,MF-MAIN,,MZ-KY-62E (IN PC),1.00,,MZ-KY-62E (IN PC)
MF,MF-MAIN,,321406230G,19.00,,MZ-KY-62G
MF,MF-MAIN,,MZ-KY-62G (IN PC),1.00,,MZ-KY-62G (IN PC)
MF,MF-MAIN,,3730221801,4.00,,MZ-KY-63A
MF,MF-MAIN,,4271212220,1.00,,MZ-KY-64
MF,MF-MAIN,,4341888950,48.00,,MZ-KY-65
MF,MF-MAIN,,5276111860,11.00,,MZ-KY-66
MF,MF-MAIN,,,11.00,,MZ-KY-68
MF,MF-MAIN,,MZ-KY-68 (IN PC),1.00,,MZ-KY-68 (IN PC)
MF,MF-MAIN,,3733030942,8.00,,MZ-KY-69
MF,MF-MAIN,,1112500571,15.00,,MZ-KY-74
MF,MF-MAIN,,3637461490,1.00,,MZ-KY-75
MF,MF-MAIN,,0535015277A,3.00,,MZ-KY-77
MF,MF-MAIN,,1593714790,19.00,,MZ-KY-80
MF,MF-MAIN,,1593714800,67.00,,MZ-KY-81
MF,MF-MAIN,,043061M0431,13.00,,MZ-KY-82
MF,MF-MAIN,,3673700160,102.00,,MZ-KY-87
MF,MF-MAIN,,3673700180,19.00,,MZ-KY-88
MF,MF-MAIN,,3783031920,9.00,,MZ-KY-89
MF,MF-MAIN,,1113700180,5.00,,MZ-KY-90
MF,MF-MAIN,,2335549410,42.00,,MZ-KY-93
MF,MF-MAIN,,5399748250,1.00,,MZ-KY-98
MF,MF-MAIN,,3413020241,8.00,,MZ-MB-01
MF,MF-MAIN,,1165807320,2.00,,MZ-MB-28
MF,MF-MAIN,,1155973600,2.00,,MZ-MB-29
MF,MF-MAIN,,5297115071,5.00,,MZ-MB-30
MF,MF-MAIN,,0B824705460,17.00,,MZ-MB-34
MF,MF-MAIN,,1280220140,44.00,,MZ-MC-04
MF,MF-MAIN,,1663723720,4.00,,MZ-MC-19
MF,MF-MAIN,,1663723890,1.00,,MZ-MC-20
MF,MF-MAIN,,1753717352,2.00,,MZ-MC-26
MF,MF-MAIN,,01820206840,7.00,,MZ-MC-31
MF,MF-MAIN,,MZ-MC-33,52.00,,MZ-MC-33
MF,MF-MAIN,,1900175210,1.00,,MZ-MC-35
MF,MF-MAIN,,1947538910,5.00,,MZ-MC-37
MF,MF-MAIN,,3478047200,2.00,,MZ-MC-51
MF,MF-MAIN,,3478047210,6.00,,MZ-MC-52
MF,MF-MAIN,,4271713400,10.00,,MZ-MC-60
MF,MF-MAIN,,4837108691,7.00,,MZ-MC-62
MF,MF-MAIN,,5410600090,17.00,,MZ-MC-68
MF,MF-MAIN,,5411100220,4.00,,MZ-MC-69
MF,MF-MAIN,,5752080510,3.00,,MZ-MC-72
MF,MF-MAIN,,5780428060,2.00,,MZ-MC-75
MF,MF-MAIN,,5781308361,3.00,,MZ-MC-77
MF,MF-MAIN,,1660121360,16.00,,MZ-ME-01
MF,MF-MAIN,,1326623650,13.00,,MZ-MF-01
MF,MF-MAIN,,MZ-MG-08,15.00,,MZ-MG-08
MF,MF-MAIN,,MZ-MG-09,1.00,,MZ-MG-09
MF,MF-MAIN,,3251653440,2.00,,MZ-MG-10
MF,MF-MAIN,,6611753240,14.00,,MZ-MG-12
MF,MF-MAIN,,9532134472,21.00,,MZ-MI-10
MF,MF-MAIN,,6807504372,6.00,,MZ-MI-14
MF,MF-MAIN,,6040650131,1.00,,MZ-MI-16
MF,MF-MAIN,,6775100051,5.00,,MZ-MI-17
MF,MF-MAIN,,6775100052,7.00,,MZ-MI-17.2
MF,MF-MAIN,,6800300262,29.00,,MZ-MI-18
MF,MF-MAIN,,MZ-MI-19,2.00,,MZ-MI-19
MF,MF-MAIN,,6800302041,1.00,,MZ-MI-19.1
MF,MF-MAIN,,6807203090,114.00,,MZ-MI-20
MF,MF-MAIN,,6807203040,44.00,,MZ-MI-21
MF,MF-MAIN,,6805504270,5.00,,MZ-MI-22
MF,MF-MAIN,,6805503870,20.00,,MZ-MI-23
MF,MF-MAIN,,6805504150,14.00,,MZ-MI-24
MF,MF-MAIN,,6805504230,5.00,,MZ-MI-25
MF,MF-MAIN,,6805502320,26.00,,MZ-MI-26
MF,MF-MAIN,,6805503840,7.00,,MZ-MI-27
MF,MF-MAIN,,6805503790,18.00,,MZ-MI-28
MF,MF-MAIN,,6805504210,29.00,,MZ-MI-29
MF,MF-MAIN,,6045550440,39.00,,MZ-MI-30
MF,MF-MAIN,,6178202040,104.00,,MZ-MI-32
MF,MF-MAIN,,6463300050,10.00,,MZ-MI-33
MF,MF-MAIN,,6800202380,11.00,,MZ-MI-34
MF,MF-MAIN,,6801200510,9.00,,MZ-MI-35
MF,MF-MAIN,,6801200520,12.00,,MZ-MI-36
MF,MF-MAIN,,6803701500,2.00,,MZ-MI-37
MF,MF-MAIN,,6803701510,4.00,,MZ-MI-38
MF,MF-MAIN,,6803701650,13.00,,MZ-MI-39
MF,MF-MAIN,,6803701660,41.00,,MZ-MI-40
MF,MF-MAIN,,6803701670,9.00,,MZ-MI-41
MF,MF-MAIN,,6803701681,5.00,,MZ-MI-42
MF,MF-MAIN,,6805503830,2.00,,MZ-MI-43
MF,MF-MAIN,,6805503860,17.00,,MZ-MI-44
MF,MF-MAIN,,6805503920,10.00,,MZ-MI-45
MF,MF-MAIN,,6041250081,2.00,,MZ-MI-46
MF,MF-MAIN,,6807504300,38.00,,MZ-MI-47
MF,MF-MAIN,,6045552390,37.00,,MZ-MI-48
MF,MF-MAIN,,6045552610,17.00,,MZ-MI-49
MF,MF-MAIN,,6800600200,20.00,,MZ-MI-51
MF,MF-MAIN,,6800600210,11.00,,MZ-MI-52
MF,MF-MAIN,,0Y855200040,6.00,,MZ-MI-53
MF,MF-MAIN,,0Y855200070,3.00,,MZ-MI-55
MF,MF-MAIN,,0Y855600080,2.00,,MZ-MI-58
MF,MF-MAIN,,6390600030,13.00,,MZ-MI-59
MF,MF-MAIN,,6682300300,21.00,,MZ-MI-60
MF,MF-MAIN,,6803700230,20.00,,MZ-MI-61
MF,MF-MAIN,,06847201591,1.00,,MZ-MI-64.1
MF,MF-MAIN,,6847201600,1.00,,MZ-MI-65
MF,MF-MAIN,,6205100021,2.00,,MZ-MI-66
MF,MF-MAIN,,MZ-MI-67,85.00,,MZ-MI-67
MF,MF-MAIN,,MZ-MI-67B,2.00,,MZ-MI-67B
MF,MF-MAIN,,6805503071,14.00,,MZ-MI-68
MF,MF-MAIN,,1110108911,3.00,,MZ-MJ-01
MF,MF-MAIN,,1359041330,6.00,,MZ-MJ-10
MF,MF-MAIN,,1413713450,58.00,,MZ-MJ-13
MF,MF-MAIN,,1413713460,15.00,,MZ-MJ-14
MF,MF-MAIN,,1443722520,7.00,,MZ-MJ-20
MF,MF-MAIN,,1443722521,60.00,,MZ-MJ-20A
MF,MF-MAIN,,1472521310,72.00,,MZ-MJ-21
MF,MF-MAIN,,1473728500,33.00,,MZ-MJ-22
MF,MF-MAIN,,1473728590,26.00,,MZ-MJ-23
MF,MF-MAIN,,MZ-MJ-24,6.00,,MZ-MJ-24
MF,MF-MAIN,,1571518671,2.00,,MZ-MJ-29
MF,MF-MAIN,,2456104710,13.00,,MZ-MJ-32
MF,MF-MAIN,,2551648890,38.00,,MZ-MJ-34
MF,MF-MAIN,,3374484770,25.00,,MZ-MJ-38
MF,MF-MAIN,,4831609710,44.00,,MZ-MJ-43
MF,MF-MAIN,,1351678790,14.00,,MZ-MK-01
MF,MF-MAIN,,1355024440,27.00,,MZ-MK-06
MF,MF-MAIN,,1355024450,56.00,,MZ-MK-07
MF,MF-MAIN,,1359415360,18.00,,MZ-MK-08
MF,MF-MAIN,,3271667240,162.00,,MZ-MK-11
MF,MF-MAIN,,2551649263,87.00,,MZ-MK-36
MF,MF-MAIN,,1275557350,1.00,,MZ-MK-61
MF,MF-MAIN,,3211690140,8.00,,MZ-ML-01
MF,MF-MAIN,,3213030850,44.00,,MZ-ML-03
MF,MF-MAIN,,3213030860,65.00,,MZ-ML-04
MF,MF-MAIN,,3213030870,169.00,,MZ-ML-05
MF,MF-MAIN,,3212541990,3.00,,MZ-ML-06
MF,MF-MAIN,,1415603302,2.00,,MZ-ML-07
MF,MF-MAIN,,1444784680,81.00,,MZ-ML-08
MF,MF-MAIN,,1352540230,11.00,,MZ-MN-02
MF,MF-MAIN,,1355029410,24.00,,MZ-MN-05
MF,MF-MAIN,,3101666280,8.00,,MZ-MN-06
MF,MF-MAIN,,3101671840,17.00,,MZ-MN-07
MF,MF-MAIN,,3101672060,1.00,,MZ-MN-08
MF,MF-MAIN,,3204429650,26.00,,MZ-MN-10
MF,MF-MAIN,,3488065360,3.00,,MZ-MN-20
MF,MF-MAIN,,3621633091,2.00,,MZ-MN-22
MF,MF-MAIN,,6600500010,26.00,,MZ-MN-23
MF,MF-MAIN,,6600500060,7.00,,MZ-MN-24
MF,MF-MAIN,,6680500080,14.00,,MZ-MN-25
MF,MF-MAIN,,6773400031,12.00,,MZ-MN-27
MF,MF-MAIN,,MZ-MN-28,83.00,,MZ-MN-28
MF,MF-MAIN,,MZ-MN-28 B,153.00,,MZ-MN-28 B
MF,MF-MAIN,,MZ-MN-28C,40.00,,MZ-MN-28C
MF,MF-MAIN,,MZ-MN-28JPN,4.00,,MZ-MN-28JPN
MF,MF-MAIN,,MZ-MN-28JPN B,2.00,,MZ-MN-28JPN B
MF,MF-MAIN,,MZ-MN-28K,87.00,,MZ-MN-28K
MF,MF-MAIN,,MZ-MN-28K1,96.00,,MZ-MN-28K1
MF,MF-MAIN,,MZ-MN-31,41.00,,MZ-MN-31
MF,MF-MAIN,,3733567990,10.00,,MZ-MP-06
MF,MF-MAIN,,1271683700,32.00,,MZ-MQ-05
MF,MF-MAIN,,3210223500,9.00,,MZ-MQ-11
MF,MF-MAIN,,3221692701,3.00,,MZ-MQ-13
MF,MF-MAIN,,3221692780,1.00,,MZ-MQ-14
MF,MF-MAIN,,3221694180,15.00,,MZ-MQ-16
MF,MF-MAIN,,3225094810,21.00,,MZ-MQ-27
MF,MF-MAIN,,3225094820,20.00,,MZ-MQ-28
MF,MF-MAIN,,3731691401,22.00,,MZ-MQ-31
MF,MF-MAIN,,3733031250,4.00,,MZ-MQ-33
MF,MF-MAIN,,3731690341,56.00,,MZ-MR-01
MF,MF-MAIN,,3731690440,2.00,,MZ-MR-02
MF,MF-MAIN,,3731691561,68.00,,MZ-MR-08
MF,MF-MAIN,,3731691960,70.00,,MZ-MR-09
MF,MF-MAIN,,3731705910,8.00,,MZ-MR-101
MF,MF-MAIN,,3732542110,17.00,,MZ-MR-13
MF,MF-MAIN,,3739443310,36.00,,MZ-MR-16
MF,MF-MAIN,,3613533162,2.00,,MZ-MR-17
MF,MF-MAIN,,6770700062,8.00,,MZ-MS-04
MF,MF-MAIN,,6777200570,4.00,,MZ-MS-10
MF,MF-MAIN,,3321695930,80.00,,MZ-MT-07
MF,MF-MAIN,,3733031220,7.00,,MZ-MT-13
MF,MF-MAIN,,3741699511,5.00,,MZ-MT-16
MF,MF-MAIN,,3741699520,5.00,,MZ-MT-17
MF,MF-MAIN,,3741699460,18.00,,MZ-MU-05
MF,MF-MAIN,,3740224670,11.00,,MZ-MU-14
MF,MF-MAIN,,5290255322,34.00,,MZ-MU-15
MF,MF-MAIN,,1110100520,3.00,,MZ-MU-17
MF,MF-MAIN,,3731691492,35.00,,MZ-MU-18
MF,MF-MAIN,,2751000020,1.00,,MZ-MU-19
MF,MF-MAIN,,0A121503251,7.00,,MZ-MU-20.1
MF,MF-MAIN,,MZ-MU-21,6.00,,MZ-MU-21
MF,MF-MAIN,,0D700200110,4.00,,MZ-MU-27
MF,MF-MAIN,,1110100990,7.00,,MZ-MU-29
MF,MF-MAIN,,0E030100090,23.00,,MZ-MU-32
MF,MF-MAIN,,3274306531,10.00,,MZ-MV-05
MF,MF-MAIN,,3913573270,2.00,,MZ-MV-13
MF,MF-MAIN,,MZ-MV-13 (IN PC),1.00,,MZ-MV-13 (IN PC)
MF,MF-MAIN,,MZ-MV-14 (IN PC),1.00,,MZ-MV-14 (IN PC)
MF,MF-MAIN,,0D375906100,2.00,,MZ-MV-19
MF,MF-MAIN,,5801008670,59.00,,MZ-MV-20
MF,MF-MAIN,,0D124400540,100.00,,MZ-MV-21
MF,MF-MAIN,,5480213180,8.00,,MZ-MV-22
MF,MF-MAIN,,MZ-MV-23,15.00,,MZ-MV-23
MF,MF-MAIN,,5417362000,5.00,,MZ-MV-24
MF,MF-MAIN,,5315591060,2.00,,MZ-MV-26
MF,MF-MAIN,,5399747950,3.00,,MZ-MV-27
MF,MF-MAIN,,0E098500360,6.00,,MZ-MW-09
MF,MF-MAIN,,0E098500420,1.00,,MZ-MW-13
MF,MF-MAIN,,1290228650,3.00,,MZ-MY-01
MF,MF-MAIN,,1290228791,11.00,,MZ-MY-06
MF,MF-MAIN,,1620208010,1.00,,MZ-MZ-05
MF,MF-MAIN,,6980700021,6.00,,MZ-MZ-100
MF,MF-MAIN,,6980700033,11.00,,MZ-MZ-101A
MF,MF-MAIN,,6980700041,35.00,,MZ-MZ-102
MF,MF-MAIN,,0A124602240,77.00,,MZ-MZ-104
MF,MF-MAIN,,0A129500081,5.00,,MZ-MZ-105A
MF,MF-MAIN,,0A129500170,5.00,,MZ-MZ-106
MF,MF-MAIN,,9825115071,26.00,,MZ-MZ-107
MF,MF-MAIN,,0A129500180,13.00,,MZ-MZ-108
MF,MF-MAIN,,1283832230,3.00,,MZ-MZ-109
MF,MF-MAIN,,1283832240,12.00,,MZ-MZ-110
MF,MF-MAIN,,1283832250,8.00,,MZ-MZ-111
MF,MF-MAIN,,1283832400,21.00,,MZ-MZ-112
MF,MF-MAIN,,6800500131,2.00,,MZ-MZ-113
MF,MF-MAIN,,0B677400180,2.00,,MZ-MZ-116
MF,MF-MAIN,,1293300070,17.00,,MZ-MZ-117
MF,MF-MAIN,,3374425930,5.00,,MZ-MZ-118
MF,MF-MAIN,,0A124602730,7.00,,MZ-MZ-119
MF,MF-MAIN,,0B531501060,12.00,,MZ-MZ-120
MF,MF-MAIN,,6800301470,111.00,,MZ-MZ-123
MF,MF-MAIN,,6800500330,2.00,,MZ-MZ-124
MF,MF-MAIN,,6807200171,49.00,,MZ-MZ-125
MF,MF-MAIN,,6807200500,48.00,,MZ-MZ-126
MF,MF-MAIN,,6807500770,26.00,,MZ-MZ-127
MF,MF-MAIN,,1298238920,4.00,,MZ-MZ-128
MF,MF-MAIN,,1298600720,6.00,,MZ-MZ-129
MF,MF-MAIN,,9542131650,15.00,,MZ-MZ-130
MF,MF-MAIN,,9542131660,10.00,,MZ-MZ-131
MF,MF-MAIN,,3371641071,2.00,,MZ-MZ-135
MF,MF-MAIN,,6800301680,8.00,,MZ-MZ-137
MF,MF-MAIN,,6803400050,9.00,,MZ-MZ-138
MF,MF-MAIN,,6806200070,28.00,,MZ-MZ-139
MF,MF-MAIN,,6806200721,9.00,,MZ-MZ-140.1
MF,MF-MAIN,,6807500760,19.00,,MZ-MZ-143
MF,MF-MAIN,,6561201760,13.00,,MZ-MZ-144
MF,MF-MAIN,,6713430090,5.00,,MZ-MZ-145
MF,MF-MAIN,,6800500250,14.00,,MZ-MZ-146
MF,MF-MAIN,,6800500261,21.00,,MZ-MZ-147
MF,MF-MAIN,,6800500272,19.00,,MZ-MZ-148
MF,MF-MAIN,,6801200141,9.00,,MZ-MZ-149
MF,MF-MAIN,,6801500450,12.00,,MZ-MZ-150
MF,MF-MAIN,,6805503021,15.00,,MZ-MZ-151.1
MF,MF-MAIN,,6806200061,2.00,,MZ-MZ-152
MF,MF-MAIN,,6806200100,4.00,,MZ-MZ-153
MF,MF-MAIN,,6806200110,17.00,,MZ-MZ-154
MF,MF-MAIN,,6806200140,4.00,,MZ-MZ-155
MF,MF-MAIN,,6806200601,4.00,,MZ-MZ-156
MF,MF-MAIN,,9532138510,27.00,,MZ-MZ-158
MF,MF-MAIN,,3788146411,7.00,,MZ-MZ-16
MF,MF-MAIN,,5427361440,1.00,,MZ-MZ-160
MF,MF-MAIN,,0A144701481,8.00,,MZ-MZ-161
MF,MF-MAIN,,0F118501692,10.00,,MZ-MZ-163
MF,MF-MAIN,,5427310070,13.00,,MZ-MZ-164
MF,MF-MAIN,,3871500520,4.00,,MZ-MZ-165
MF,MF-MAIN,,0A141600390,10.00,,MZ-MZ-169
MF,MF-MAIN,,0A144707520,99.00,,MZ-MZ-174
MF,MF-MAIN,,0A144707710,2.00,,MZ-MZ-176
MF,MF-MAIN,,0A149000720,7.00,,MZ-MZ-177
MF,MF-MAIN,,0D175907900,4.00,,MZ-MZ-179
MF,MF-MAIN,,1114084100,18.00,,MZ-MZ-180
MF,MF-MAIN,,1153702550,2.00,,MZ-MZ-181
MF,MF-MAIN,,1153035200,3.00,,MZ-MZ-184
MF,MF-MAIN,,5651602360,1.00,,MZ-MZ-185
MF,MF-MAIN,,0D175907980,2.00,,MZ-MZ-188
MF,MF-MAIN,,0D175907990,2.00,,MZ-MZ-189
MF,MF-MAIN,,0D187001030,1.00,,MZ-MZ-190
MF,MF-MAIN,,0B835800170,3.00,,MZ-MZ-192
MF,MF-MAIN,,1160104040,1.00,,MZ-MZ-194
MF,MF-MAIN,,0A638600791,4.00,,MZ-MZ-198.1
MF,MF-MAIN,,0A146600290,3.00,,MZ-MZ-199
MF,MF-MAIN,,0B076600303,13.00,,MZ-MZ-20
MF,MF-MAIN,,0F120201700,1.00,,MZ-MZ-200
MF,MF-MAIN,,0A142400130,9.00,,MZ-MZ-202
MF,MF-MAIN,,0A142400140,2.00,,MZ-MZ-203
MF,MF-MAIN,,0A144708320,2.00,,MZ-MZ-204
MF,MF-MAIN,,0B569000200,1.00,,MZ-MZ-205
MF,MF-MAIN,,1118654400,2.00,,MZ-MZ-207
MF,MF-MAIN,,0A120100641,12.00,,MZ-MZ-208.1
MF,MF-MAIN,,0F117101620,2.00,,MZ-MZ-209
MF,MF-MAIN,,1142504460,15.00,,MZ-MZ-210
MF,MF-MAIN,,0F030300130,2.00,,MZ-MZ-211
MF,MF-MAIN,,0A146601030,4.00,,MZ-MZ-214
MF,MF-MAIN,,0B733300050,1.00,,MZ-MZ-218
MF,MF-MAIN,,0B086600281,3.00,,MZ-MZ-22
MF,MF-MAIN,,5481649230,10.00,,MZ-MZ-221
MF,MF-MAIN,,1271682070,17.00,,MZ-MZ-23
MF,MF-MAIN,,1289442391,2.00,,MZ-MZ-24
MF,MF-MAIN,,3733810110,87.00,,MZ-MZ-25
MF,MF-MAIN,,0A645800410,21.00,,MZ-MZ-27
MF,MF-MAIN,,0A121501442,16.00,,MZ-MZ-28
MF,MF-MAIN,,1281722351,7.00,,MZ-MZ-31
MF,MF-MAIN,,3731706340,4.00,,MZ-MZ-33
MF,MF-MAIN,,0D171800300,15.00,,MZ-MZ-39
MF,MF-MAIN,,0B074600141,18.00,,MZ-MZ-40
MF,MF-MAIN,,A164600230,1.00,,MZ-MZ-41
MF,MF-MAIN,,A124601270,3.00,,MZ-MZ-42
MF,MF-MAIN,,0F110800150,57.00,,MZ-MZ-44
MF,MF-MAIN,,0F115900500,7.00,,MZ-MZ-45
MF,MF-MAIN,,0F110400050,2.00,,MZ-MZ-47
MF,MF-MAIN,,3621633491,10.00,,MZ-MZ-49
MF,MF-MAIN,,6265201600,23.00,,MZ-MZ-50
MF,MF-MAIN,,6178202010,14.00,,MZ-MZ-51
MF,MF-MAIN,,6178202021,"1,386.00",,MZ-MZ-52A
MF,MF-MAIN,,MZ-MZ-53,6.00,,MZ-MZ-53
MF,MF-MAIN,,6260500070,3.00,,MZ-MZ-54
MF,MF-MAIN,,MZ-MZ-56,18.00,,MZ-MZ-56
MF,MF-MAIN,,MZ-MZ-57,21.00,,MZ-MZ-57
MF,MF-MAIN,,MZ-MZ-58,80.00,,MZ-MZ-58
MF,MF-MAIN,,MZ-MZ-58 A,6.00,,MZ-MZ-58 A
MF,MF-MAIN,,MZ-MZ-58 B,14.00,,MZ-MZ-58 B
MF,MF-MAIN,,0B086600282,3.00,,MZ-MZ-61
MF,MF-MAIN,,0B161500190,5.00,,MZ-MZ-62
MF,MF-MAIN,,3283578920,2.00,,MZ-MZ-65
MF,MF-MAIN,,3308689320,22.00,,MZ-MZ-66
MF,MF-MAIN,,3874701051,50.00,,MZ-MZ-70
MF,MF-MAIN,,9781203450,7.00,,MZ-MZ-71
MF,MF-MAIN,,0B727400180,34.00,,MZ-MZ-76
MF,MF-MAIN,,0B727400200,14.00,,MZ-MZ-77
MF,MF-MAIN,,0B721501030,2.00,,MZ-MZ-78
MF,MF-MAIN,,0E080200030,7.00,,MZ-MZ-79
MF,MF-MAIN,,6260700220,19.00,,MZ-MZ-80
MF,MF-MAIN,,6260700230,21.00,,MZ-MZ-81
MF,MF-MAIN,,6045551750,8.00,,MZ-MZ-82
MF,MF-MAIN,,6805501590,4.00,,MZ-MZ-83
MF,MF-MAIN,,0B161600101,3.00,,MZ-MZ-84
MF,MF-MAIN,,6143302750,96.00,,MZ-MZ-85
MF,MF-MAIN,,6770600380,8.00,,MZ-MZ-86
MF,MF-MAIN,,0B727400170,10.00,,MZ-MZ-87
MF,MF-MAIN,,0B727400190,10.00,,MZ-MZ-88
MF,MF-MAIN,,6806200051,23.00,,MZ-MZ-95
MF,MF-MAIN,,6806200052,2.00,,MZ-MZ-95.2
MF,MF-MAIN,,6281700620,14.00,,MZ-MZ-96
MF,MF-MAIN,,6044050390,3.00,,MZ-MZ-97
MF,MF-MAIN,,06044050391,1.00,,MZ-MZ-97.1
MF,MF-MAIN,,0A124602230,1.00,,MZ-MZ-98
MF,MF-MAIN,,0D185900380,1.00,,MZ-MZ-99
MF,MF-MAIN,,4130603110,1.00,,MZ-SB-03
MF,MF-MAIN,,4130603130,5.00,,MZ-SB-04
MF,MF-MAIN,,4137101770,8.00,,MZ-SB-10
MF,MF-MAIN,,4130603050,5.00,,MZ-SB2-05
MF,MF-MAIN,,4150614891,24.00,,MZ-SB2-09
MF,MF-MAIN,,4237107550,42.00,,MZ-SB2-13
MF,MF-MAIN,,4240605480,25.00,,MZ-SB2-16
MF,MF-MAIN,,4251623070,17.00,,MZ-SB2-20
MF,MF-MAIN,,4251623091,11.00,,MZ-SB2-21
MF,MF-MAIN,,4251623160,22.00,,MZ-SB2-22
MF,MF-MAIN,,4251623200,7.00,,MZ-SB2-23
MF,MF-MAIN,,4251623210,21.00,,MZ-SB2-24
MF,MF-MAIN,,4251881330,98.00,,MZ-SB2-25
MF,MF-MAIN,,4251881340,57.00,,MZ-SB2-26
MF,MF-MAIN,,4256600360,15.00,,MZ-SB2-27
MF,MF-MAIN,,4261814771,206.00,,MZ-SB2-33
MF,MF-MAIN,,4281624600,22.00,,MZ-SB2-46
MF,MF-MAIN,,4281624781,44.00,,MZ-SB2-47
MF,MF-MAIN,,4341724920,357.00,,MZ-SB2-51
MF,MF-MAIN,,4946110060,13.00,,MZ-SB2-55
MF,MF-MAIN,,05210151100,27.00,,MZ-SB2-56
MF,MF-MAIN,,5230609520,16.00,,MZ-SB2-61
MF,MF-MAIN,,5235402480,6.00,,MZ-SB2-69
MF,MF-MAIN,,5235405000,36.00,,MZ-SB2-71
MF,MF-MAIN,,5310195770,2.00,,MZ-SB2-76
MF,MF-MAIN,,5310268261,20.00,,MZ-SB2-77
MF,MF-MAIN,,5310268280,3.00,,MZ-SB2-78
MF,MF-MAIN,,5310308740,7.00,,MZ-SB2-79
MF,MF-MAIN,,5310621070,22.00,,MZ-SB2-80
MF,MF-MAIN,,5351114430,3.00,,MZ-SB2-84
MF,MF-MAIN,,5390281231,6.00,,MZ-SB2-86
MF,MF-MAIN,,5390281240,9.00,,MZ-SB2-87
MF,MF-MAIN,,5390281340,35.00,,MZ-SB2-88
MF,MF-MAIN,,5231878592,6.00,,MZ-SB2-98A
MF,MF-MAIN,,5395709040,15.00,,MZ-SB2-99
MF,MF-MAIN,,4240506091,67.00,,MZ-SB-32
MF,MF-MAIN,,4240614030,2.00,,MZ-SB-34
MF,MF-MAIN,,4247108781,1.00,,MZ-SB-35
MF,MF-MAIN,,4251881510,79.00,,MZ-SB-38
MF,MF-MAIN,,4261814841,1.00,,MZ-SB-43
MF,MF-MAIN,,4261814842,1.00,,MZ-SB-43.2
MF,MF-MAIN,,5240307641,28.00,,MZ-SB-70
MF,MF-MAIN,,5261818970,6.00,,MZ-SB-73
MF,MF-MAIN,,5350153070,1.00,,MZ-SB-79
MF,MF-MAIN,,5351614630,1.00,,MZ-SB-80
MF,MF-MAIN,,5351614640,32.00,,MZ-SB-81
MF,MF-MAIN,,5391645350,8.00,,MZ-SB-83
MF,MF-MAIN,,4261714601,5.00,,MZ-SC-03
MF,MF-MAIN,,4261714610,6.00,,MZ-SC-04
MF,MF-MAIN,,4831609700,43.00,,MZ-SC-08
MF,MF-MAIN,,5217113161,3.00,,MZ-SC-09
MF,MF-MAIN,,5309716960,7.00,,MZ-SC-14
MF,MF-MAIN,,05211121930,1.00,,MZ-SD-13
MF,MF-MAIN,,5312023261,19.00,,MZ-SD-17
MF,MF-MAIN,,5291837610,3.00,,MZ-SE-01
MF,MF-MAIN,,5375478070,4.00,,MZ-SE-03
MF,MF-MAIN,,5290252651,3.00,,MZ-SF-04
MF,MF-MAIN,,5351837710,19.00,,MZ-SF-07
MF,MF-MAIN,,MZ-SG-06,7.00,,MZ-SG-06
MF,MF-MAIN,,5620522080,15.00,,MZ-SH-01
MF,MF-MAIN,,557042422B,34.00,,MZ-SH-03B
MF,MF-MAIN,,5291115750,6.00,,MZ-SI-01
MF,MF-MAIN,,5622067402,6.00,,MZ-SI-05
MF,MF-MAIN,,4301121300,20.00,,MZ-SI-06
MF,MF-MAIN,,0D250600070,5.00,,MZ-SK-02
MF,MF-MAIN,,0D250600510,2.00,,MZ-SK-06
MF,MF-MAIN,,0D255900422,1.00,,MZ-SK-09A
MF,MF-MAIN,,0D257000130,2.00,,MZ-SK-12
MF,MF-MAIN,,0D065900791,23.00,,MZ-SK-15
MF,MF-MAIN,,0D207100140,14.00,,MZ-SK-16
MF,MF-MAIN,,0D250600260,15.00,,MZ-SK-17
MF,MF-MAIN,,0D235100560,26.00,,MZ-SK-18
MF,MF-MAIN,,2725071140,28.00,,MZ-SK-20
MF,MF-MAIN,,0D250600711,29.00,,MZ-SK-21
MF,MF-MAIN,,0D077300410,10.00,,MZ-SK-24
MF,MF-MAIN,,0D077300280,18.00,,MZ-SK-25
MF,MF-MAIN,,0D257000012,14.00,,MZ-SK-26
MF,MF-MAIN,,5575042490,81.00,,MZ-SK-27
MF,MF-MAIN,,0D035901340,12.00,,MZ-SK-28
MF,MF-MAIN,,0D077300540,12.00,,MZ-SK-29
MF,MF-MAIN,,5497115730,4.00,,MZ-SK-31
MF,MF-MAIN,,0D030600270,2.00,,MZ-SK-32
MF,MF-MAIN,,0D260600121,3.00,,MZ-SK-34.1
MF,MF-MAIN,,0D370500140,6.00,,MZ-SK-35
MF,MF-MAIN,,0D037303170,7.00,,MZ-SK-36
MF,MF-MAIN,,2589789460,3.00,,MZ-SK-37
MF,MF-MAIN,,0D201800431,10.00,,MZ-SK-38.1
MF,MF-MAIN,,0D095901750,7.00,,MZ-SK-40
MF,MF-MAIN,,0D608500370,4.00,,MZ-SK-41
MF,MF-MAIN,,MZ-SPINDLEBOLT,187.00,,MZ-SPINDLEBOLT
MF,MF-MAIN,,2320264050,46.00,,MZ-YE-01
MF,MF-MAIN,,2420746210,3.00,,MZ-YE-03
MF,MF-MAIN,,MZ-YE-04,17.00,,MZ-YE-04
MF,MF-MAIN,,4261612782,34.00,,MZ-YE-10
MF,MF-MAIN,,5230223620,50.00,,MZ-YE-14
MF,MF-MAIN,,4297711880,2.00,,MZ-YF-08
MF,MF-MAIN,,1113700290,6.00,,MZ-YG-01
MF,MF-MAIN,,1155810180,2.00,,MZ-YG-08
MF,MF-MAIN,,2565861760,1.00,,MZ-YG-11
MF,MF-MAIN,,9800308680,3.00,,MZ-YG-15
MF,MF-MAIN,,2420266340,6.00,,MZ-YH-21
MF,MF-MAIN,,2551647810,14.00,,MZ-YH-27
MF,MF-MAIN,,2621660211,17.00,,MZ-YH-32
MF,MF-MAIN,,4410845312,19.00,,MZ-YH-33
MF,MF-MAIN,,4420846250,67.00,,MZ-YH-34
MF,MF-MAIN,,2511743811,3.00,,MZ-YH-35
MF,MF-MAIN,,4101620810,5.00,,MZ-YJ-01
MF,MF-MAIN,,2551646581,227.00,,MZ-YJ-04
MF,MF-MAIN,,2459726522,108.00,,MZ-YJ-05
MF,MF-MAIN,,3019579151,16.00,,MZ-YJ-09
MF,MF-MAIN,,3113810931,1.00,,MZ-YK-01
MF,MF-MAIN,,2550295450,1.00,,MZ-YL-01
MF,MF-MAIN,,2620760090,12.00,,MZ-YL-02
MF,MF-MAIN,,2621649740,32.00,,MZ-YL-03
MF,MF-MAIN,,2621750360,47.00,,MZ-YL-04
MF,MF-MAIN,,2625065660,6.00,,MZ-YL-05
MF,MF-MAIN,,2320263960,8.00,,MZ-YM-04
MF,MF-MAIN,,2320264060,39.00,,MZ-YM-05
MF,MF-MAIN,,2335581100,27.00,,MZ-YM-06
MF,MF-MAIN,,2532060960,81.00,,MZ-YM-15
MF,MF-MAIN,,4742603540,70.00,,MZ-YM-19
MF,MF-MAIN,,4743603890,578.00,,MZ-YM-20
MF,MF-MAIN,,4356103461,27.00,,MZ-YN-15
MF,MF-MAIN,,1141531281,6.00,,MZ-YP-02
MF,MF-MAIN,,1143550201,4.00,,MZ-YP-03
MF,MF-MAIN,,1160189380,7.00,,MZ-YP-06
MF,MF-MAIN,,1271681240,2.00,,MZ-YP-07
MF,MF-MAIN,,1271683670,44.00,,MZ-YP-08
MF,MF-MAIN,,1429120790,16.00,,MZ-YP-09
MF,MF-MAIN,,9780418060,5.00,,MZ-YP-100
MF,MF-MAIN,,9780418320,1.00,,MZ-YP-101
MF,MF-MAIN,,9790417900,6.00,,MZ-YP-102
MF,MF-MAIN,,9790419170,30.00,,MZ-YP-103
MF,MF-MAIN,,9800412280,76.00,,MZ-YP-106
MF,MF-MAIN,,9800506310,8.00,,MZ-YP-107
MF,MF-MAIN,,9800506340,6.00,,MZ-YP-108
MF,MF-MAIN,,0E006100160,8.00,,MZ-YP-109
MF,MF-MAIN,,MZ-YP-11,35.00,,MZ-YP-11
MF,MF-MAIN,,0E006100170,2.00,,MZ-YP-110
MF,MF-MAIN,,2741600050,60.00,,MZ-YP-111
MF,MF-MAIN,,MZ-YP-18,4.00,,MZ-YP-18
MF,MF-MAIN,,2538540590,9.00,,MZ-YP-24
MF,MF-MAIN,,2538540600,3.00,,MZ-YP-25
MF,MF-MAIN,,2538540620,1.00,,MZ-YP-26
MF,MF-MAIN,,2569782600,9.00,,MZ-YP-35
MF,MF-MAIN,,2569782620,8.00,,MZ-YP-36
MF,MF-MAIN,,2579810560,52.00,,MZ-YP-37
MF,MF-MAIN,,2579810921,14.00,,MZ-YP-38
MF,MF-MAIN,,2579810930,24.00,,MZ-YP-39
MF,MF-MAIN,,2585049071,7.00,,MZ-YP-40
MF,MF-MAIN,,2585868620,10.00,,MZ-YP-41
MF,MF-MAIN,,2621760430,83.00,,MZ-YP-47
MF,MF-MAIN,,MZ-YP-52,1.00,,MZ-YP-52
MF,MF-MAIN,,MZ-YP-53,22.00,,MZ-YP-53
MF,MF-MAIN,,2722068900,2.00,,MZ-YP-56
MF,MF-MAIN,,2727444950,12.00,,MZ-YP-58
MF,MF-MAIN,,5420100881,26.00,,MZ-YP-64
MF,MF-MAIN,,5521800030,5.00,,MZ-YP-65
MF,MF-MAIN,,MZ-YP-72,3.00,,MZ-YP-72
MF,MF-MAIN,,5731002520,7.00,,MZ-YP-73
MF,MF-MAIN,,5732069610,2.00,,MZ-YP-75
MF,MF-MAIN,,5732069621,8.00,,MZ-YP-76
MF,MF-MAIN,,5780882710,26.00,,MZ-YP-82
MF,MF-MAIN,,9180509510,8.00,,MZ-YP-85
MF,MF-MAIN,,9180509520,3.00,,MZ-YP-86
MF,MF-MAIN,,9200509750,6.00,,MZ-YP-87
MF,MF-MAIN,,9200509790,22.00,,MZ-YP-88
MF,MF-MAIN,,9610504370,10.00,,MZ-YP-89
MF,MF-MAIN,,9650416190,1.00,,MZ-YP-91
MF,MF-MAIN,,9651202050,1.00,,MZ-YP-92
MF,MF-MAIN,,9751206290,6.00,,MZ-YP-93
MF,MF-MAIN,,9780414041,8.00,,MZ-YP-97
MF,MF-MAIN,,2551648530,688.00,,MZ-YQ-01
MF,MF-MAIN,,2620760110,27.00,,MZ-YQ-02
MF,MF-MAIN,,2710761310,3.00,,MZ-YQ-03
MF,MF-MAIN,,2716936672,10.00,,MZ-YQ-06A
MF,MF-MAIN,,5495046870,87.00,,MZ-YQ-09
MF,MF-MAIN,,0D204300130,2.00,,MZ-YQ-10
MF,MF-MAIN,,0D234300190,8.00,,MZ-YQ-11
MF,MF-MAIN,,2710887080,144.00,,MZ-YQ-13
MF,MF-MAIN,,2621750350,4.00,,MZ-YQ-14
MF,MF-MAIN,,2621750440,3.00,,MZ-YQ-15
MF,MF-MAIN,,42737310230,26.00,,MZ-YQ-16
MF,MF-MAIN,,42740800070,2.00,,MZ-YQ-17
MF,MF-MAIN,,2700800150,2.00,,MZ-YQ-18
MF,MF-MAIN,,2705901000,21.00,,MZ-YQ-20
MF,MF-MAIN,,3674501530,6.00,,MZ-YQ-24
MF,MF-MAIN,,0E000700060,29.00,,MZ-YQ-25
MF,MF-MAIN,,0E007300112,55.00,,MZ-YQ-26A
MF,MF-MAIN,,0F031600630,17.00,,MZ-YQ-27
MF,MF-MAIN,,0F031600680,18.00,,MZ-YQ-28
MF,MF-MAIN,,0E001800040,12.00,,MZ-YQ-29
MF,MF-MAIN,,0E006100100,45.00,,MZ-YQ-31
MF,MF-MAIN,,0E017301970,6.00,,MZ-YQ-32
MF,MF-MAIN,,0E017301980,3.00,,MZ-YQ-33
MF,MF-MAIN,,2731811110,18.00,,MZ-YQ-36
MF,MF-MAIN,,0F030201190,23.00,,MZ-YQ-37
MF,MF-MAIN,,2558529570,85.00,,MZ-YQ-38
MF,MF-MAIN,,2910800090,10.00,,MZ-YQ-39
MF,MF-MAIN,,5526100100,91.00,,MZ-YQ-40
MF,MF-MAIN,,0E111800150,2.00,,MZ-YQ-42
MF,MF-MAIN,,0E401800780,13.00,,MZ-YQ-46
MF,MF-MAIN,,0D067302450,16.00,,MZ-YQ-48
MF,MF-MAIN,,0E095800341,26.00,,MZ-YQ-50
MF,MF-MAIN,,4367763481,14.00,,MZ-YQ-52
MF,MF-MAIN,,0Y115000110,27.00,,MZ-YQ-54
MF,MF-MAIN,,4787383360,10.00,,MZ-YQ-55
MF,MF-MAIN,,0F320800030,6.00,,MZ-YQ-56
MF,MF-MAIN,,2739801120,15.00,,MZ-YQ-57
MF,MF-MAIN,,0E080500130,3.00,,MZ-YQ-58
MF,MF-MAIN,,MZ-YQ-59A,1.00,,MZ-YQ-59A
MF,MF-MAIN,,MZ-YQ-59AB,1.00,,MZ-YQ-59AB
MF,MF-MAIN,,0E095900280,27.00,,MZ-YQ-60
MF,MF-MAIN,,0G011700820,2.00,,MZ-YQ-61
MF,MF-MAIN,,2736701090,15.00,,MZ-YQ-62
MF,MF-MAIN,,0E090800122,1.00,,MZ-YQ-63.2
MF,MF-MAIN,,0E400400050,4.00,,MZ-YQ-65
MF,MF-MAIN,,4747345240,46.00,,MZ-YQ-67
MF,MF-MAIN,,0E401300091,9.00,,MZ-YQ-69.1
MF,MF-MAIN,,0F325800100,2.00,,MZ-YQ-70
MF,MF-MAIN,,0F325903260,3.00,,MZ-YQ-71
MF,MF-MAIN,,0Y110600260,2.00,,MZ-YQ-72
MF,MF-MAIN,,0F245906011,11.00,,MZ-YQ-75
MF,MF-MAIN,,0E450800571,3.00,,MZ-YQ-76.1
MF,MF-MAIN,,0E401800740,4.00,,MZ-YQ-78
MF,MF-MAIN,,3833756650,39.00,,MZ-YQ-81
MF,MF-MAIN,,MZ-YQ-82,6.00,,MZ-YQ-82
MF,MF-MAIN,,21M-20,2.00,,QT-21M-20.A
MF,MF-MAIN,,QT-CV-04.B,5.00,,QT-CV-04.B
MF,MF-MAIN,,QT-EL-11-1.A,1.00,,QT-EL-11-1.A
MF,MF-MAIN,,QT-EL-121M-1.A,1.00,,QT-EL-121M-1.A
MF,MF-MAIN,,QT-EL-50-1.A,1.00,,QT-EL-50-1.A
MF,MF-MAIN,,QT-EL-70-1.A,1.00,,QT-EL-70-1.A
MF,MF-MAIN,,EL-72,4.00,,QT-EL-72
MF,MF-MAIN,,EL-74-1,1.00,,QT-EL-74-1
MF,MF-MAIN,,SAPS-46-1,4.00,,QT-SAPS-46-1.A
MF,MF-MAIN,,QT-SP4-10-4.A,2.00,,QT-SP4-10-4.A
MF,MF-MAIN,,QT-SP4-14-6.A,2.00,,QT-SP4-14-6.A
MF,MF-MAIN,,QT-SP4-27-4.A,2.00,,QT-SP4-27-4.A
MF,MF-MAIN,,QT-SP4-28-1.B,5.00,,QT-SP4-28-1.B
MF,MF-MAIN,,QT-SP4-30-1.A,2.00,,QT-SP4-30-1.A
MF,MF-MAIN,,QT-SP4-37-1.A,1.00,,QT-SP4-37-1.A
MF,MF-MAIN,,QT-SP4-50-1.C,4.00,,QT-SP4-50-1.C
MF,MF-MAIN,,QT-SP4-504.A,1.00,,QT-SP4-504.A
MF,MF-MAIN,,QT-SP6-03-62.B,1.00,,QT-SP6-03-62.B
MF,MF-MAIN,,QT-SP6-08.F,2.00,,QT-SP6-08.F
MF,MF-MAIN,,QT-SP6-09.D,2.00,,QT-SP6-09.D
MF,MF-MAIN,,QT-SP6-10.A,1.00,,QT-SP6-10.A
MF,MF-MAIN,,QT-SP6-107.C,2.00,,QT-SP6-107.C
MF,MF-MAIN,,QT-SP6-108-1.A,2.00,,QT-SP6-108-1.A
MF,MF-MAIN,,QT-SP6-12-1.A,2.00,,QT-SP6-12-1.A
MF,MF-MAIN,,QT-SP6-175.A,1.00,,QT-SP6-175.A
MF,MF-MAIN,,QT-SP6-27-60-2.A,3.00,,QT-SP6-27-60-2.A
MF,MF-MAIN,,QT-SP6-28.A,7.00,,QT-SP6-28.A
MF,MF-MAIN,,QT-SP6-50-2.A,2.00,,QT-SP6-50-2.A
MF,MF-MAIN,,QT-SP6-53.A,3.00,,QT-SP6-53.A
MF,MF-MAIN,,QT-SP6-88.A,1.00,,QT-SP6-88.A
MF,MF-MAIN,,SP-72-5,4.00,,QT-SP-72-5.B
MF,MF-MAIN,,SP-72-6,4.00,,QT-SP-72-6.A
MF,MF-MAIN,,SP-72-9,2.00,,QT-SP-72-9
MF,MF-MAIN,,QT-SP-78-1.B,3.00,,QT-SP-78-1.B
MF,MF-MAIN,,QT-UHP-50-1.A,2.00,,QT-UHP-50-1.A
MF,MF-MAIN,,QT-UHP-70-5X.D,1.00,,QT-UHP-70-5X.D
MF,MF-MAIN,,QT-VP6-03.C,2.00,,QT-VP6-03.C
MF,MF-MAIN,,QT-VP6-03-2.A,1.00,,QT-VP6-03-2.A
MF,MF-MAIN,,QT-VP6-06-4.A,1.00,,QT-VP6-06-4.A
MF,MF-MAIN,,QT-VP6-07-1.C,1.00,,QT-VP6-07-1.C
MF,MF-MAIN,,QT-VP6-07-4.A,1.00,,QT-VP6-07-4.A
MF,MF-MAIN,,QT-VP6-129.C,1.00,,QT-VP6-129.C
MF,MF-MAIN,,QT-VP6-148.C,3.00,,QT-VP6-148.C
MF,MF-MAIN,,QT-VP6-20-1.A,1.00,,QT-VP6-20-1.A
MF,MF-MAIN,,QT-VP6-28.A,44.00,,QT-VP6-28.A
MF,MF-MAIN,,QT-VP6-28-1.A,4.00,,QT-VP6-28-1.A
MF,MF-MAIN,,QT-VP6-38-2.A,2.00,,QT-VP6-38-2.A
MF,MF-MAIN,,QT-VP6-40.A,2.00,,QT-VP6-40.A
MF,MF-MAIN,,SCRAPMATL-PLATE,"1,039.01",,SCRAPMATL-PLATE
MF,MF-MAIN,,SCRAPMATL-RNDBAR,312.00,,SCRAPMATL-RNDBAR
MF,MF-MAIN,,"SSA-1""X2""X39.4""","2,320.00",,"SSA-1""X2""X39.4"""
MF,MF-MAIN,,SSA-3X310X1000,480.00,,SSA-3X310X1000
MF,MF-MAIN,,SSC-0.1875X6000,"5,425.00",,SSC-0.1875X6000
MF,MF-MAIN,,SSC-0.875X6000,630.00,,SSC-0.875X6000
MF,MF-MAIN,,SSC-12.7X6000,"519,160.00",,SSC-12.7X6000
MF,MF-MAIN,,"SSD-0.25""T","159,620.00",,"SSD-0.25""T"
MF,MF-MAIN,,"SSD-0.5""T","236,813.00",,"SSD-0.5""T"
MF,MF-MAIN,,SSD-1.5X320X2000,"1,694.00",,SSD-1.5X320X2000
MF,MF-MAIN,,SSD-12.7X50X1745,"9,800.01",,SSD-12.7X50X1745
MF,MF-MAIN,,SSD-2.5X30.5X62,46.00,,SSD-2.5X30.5X62
MF,MF-MAIN,,SSD-2X320X2005,"22,543.47",,SSD-2X320X2005
MF,MF-MAIN,,SSD-2X325X1995,665.00,,SSD-2X325X1995
MF,MF-MAIN,,SSD-3X305X1830,"79,826.42",,SSD-3X305X1830
MF,MF-MAIN,,SSD-4X320X2000,"3,910.00",,SSD-4X320X2000
MF,MF-MAIN,,SSD-6.35,"10,430.00",,SSD-6.35
MF,MF-MAIN,,SSD-6.35X3708,"304,900.00",,SSD-6.35X3708
MF,MF-MAIN,,SSF-1.5X10X50,28.00,,SSF-1.5X10X50
MF,MF-MAIN,,SSF-10X16X43,8.00,,SSF-10X16X43
MF,MF-MAIN,,SSF-1X310XL,"2,305.00",,SSF-1X310XL
MF,MF-MAIN,,SSF-2X10X50,34.00,,SSF-2X10X50
MF,MF-MAIN,,SSF-2X310XL,96.00,,SSF-2X310XL
MF,MF-MAIN,,SSF-5X320XL,620.00,,SSF-5X320XL
MF,MF-MAIN,,SSF-6X10X50,14.00,,SSF-6X10X50
MF,MF-MAIN,,SSF-6X320XL,"5,595.00",,SSF-6X320XL
MF,MF-MAIN,,SSG-1.10X158,"133,740.00",,SSG-1.10X158
MF,MF-MAIN,,"SSG-1.375""","1,633.00",,"SSG-1.375"""
MF,MF-MAIN,,SSG-19X38XL,135.00,,SSG-19X38XL
MF,MF-MAIN,,TIA-1.4X304X304,776.00,,TIA-1.4X304X304
MF,MF-MAIN,,TIA-3X305XL,151.00,,TIA-3X305XL
MF,MF-MAIN,,TM-2.4BRNG.1,116.00,,TM-2.4BRNG.1
MF,MF-MAIN,,TM-2.4BRNG.2,"1,848.00",,TM-2.4BRNG.2
MF,MF-MAIN,,TM-BERNG.2,195.00,,TM-BERNG.2
MF,MF-MAIN,,TM-BERNG.B,"1,516.00",,TM-BERNG.B
MF,MF-MAIN,,TM-BERNG.C,987.00,,TM-BERNG.C
MF,MF-MAIN,,TM-OHOOKL-6.A,1.00,,TM-OHOOKL-6.A
MF,MF-MAIN,,TM-OHOOKL-8.A,1.00,,TM-OHOOKL-8.A
MF,MF-MAIN,,TM-PG-LAPL-6.A,2.00,,TM-PG-LAPL-6.A
MF,MF-MAIN,,TM-PG-LAPL-6.B,1.00,,TM-PG-LAPL-6.B
MF,MF-MAIN,,TM-PG-LAPL-7.A,2.00,,TM-PG-LAPL-7.A
MF,MF-MAIN,,TM-PG-LAPL-7.B,1.00,,TM-PG-LAPL-7.B
MF,MF-MAIN,,TM-PG-LAPR-6.A,2.00,,TM-PG-LAPR-6.A
MF,MF-MAIN,,TM-PG-LAPR-7.A,2.00,,TM-PG-LAPR-7.A
MF,MF-MAIN,,TM-PG-LAPR-7.B,1.00,,TM-PG-LAPR-7.B
MF,MF-MAIN,,TM-VBEAL-3-7N.4,10.00,,TM-VBEAL-3-7N.4
MF,MF-MAIN,,TM-VBEAL-3-7S.3,8.00,,TM-VBEAL-3-7S.3
MF,MF-MAIN,,TM-VBEAL-5-7S.3,1.00,,TM-VBEAL-5-7S.3
MF,MF-MAIN,,TM-VBEAL-7-7S.3,3.00,,TM-VBEAL-7-7S.3
MF,MF-MAIN,,TM-VBEAR-3-7S.3,4.00,,TM-VBEAR-3-7S.3
MF,MF-MAIN,,TM-VBEAR-5-7S.3,2.00,,TM-VBEAR-5-7S.3
MF,MF-MAIN,,TM-VBEAR-7-7S.3,2.00,,TM-VBEAR-7-7S.3
MF,MF-MAIN,,TM-VLBPL-3-7.B,5.00,,TM-VLBPL-3-7.B
MF,MF-MAIN,,TM-WHKV-6.3,67.00,,TM-WHKV-6.3
MF,MF-MAIN,,TW-EL-02-1.B,1.00,,TW-EL-02-1.B
MF,MF-MAIN,,TW-EL-132.B,33.00,,TW-EL-132.B
MF,MF-MAIN,,TW-EL-20.B,1.00,,TW-EL-20.B
MF,MF-MAIN,,TW-EL-43-2.B,3.00,,TW-EL-43-2.B
MF,MF-MAIN,,TW-SGB2-16-03.B,31.00,,TW-SGB2-16-03.B
MF,MF-MAIN,,TW-SP4-03-4.C,21.00,,TW-SP4-03-4.C
MF,MF-MAIN,,TW-SP4-09.D,4.00,,TW-SP4-09.D
MF,MF-MAIN,,TW-SP4-28.A,12.00,,TW-SP4-28.A
MF,MF-MAIN,,TW-SP4-45-175.B,10.00,,TW-SP4-45-175.B
MF,MF-MAIN,,TW-SP4-45-19.A,18.00,,TW-SP4-45-19.A
MF,MF-MAIN,,TW-SP4-46-175.E,7.00,,TW-SP4-46-175.E
MF,MF-MAIN,,"VERA-0.5""","3,108.85",,"VERA-0.5"""
MF,MF-MAIN,,"VERA-0.875""","76,535.00",,"VERA-0.875"""
MF,MF-MAIN,,"VERA-1.0""","334,965.00",,"VERA-1.0"""
MF,MF-MAIN,,"VERA-1.25""X1.25""","2,604.00",,"VERA-1.25""X1.25"""
MF,MF-MAIN,,"VERA-1.62""","7,470.96",,"VERA-1.62"""
MF,MF-MAIN,,"VERA-2.75""","4,271.00",,"VERA-2.75"""
MF,MF-MAIN,,VF-030.B,176.00,,VF-030.B
MF,MF-MAIN,,VF-037.B,150.00,,VF-037.B
MF,MF-MAIN,,VF-055X.B,99.00,,VF-055X.B
MF,MF-MAIN,,VF-120.K,30.00,,VF-120.K
MF,MF-MAIN,,VF-232.D,25.00,,VF-232.D
MF,MF-MAIN,,VF-377.K,29.00,,VF-377.K
MF,MF-MAIN,,VF-378.N,22.00,,VF-378.N
MF,MF-MAIN,,VF-557.A,2.00,,VF-557.A
MF,MF-MAIN,,VF-597X.B,88.00,,VF-597X.B
MF,MF-MAIN,,VF-607.E,29.00,,VF-607.E
MF,MF-MAIN,,VF-607.F,332.00,,VF-607.F
MF,MF-MAIN,,VF-620.D,185.00,,VF-620.D
MF,MF-MAIN,,VF-693.D,6.00,,VF-693.D
MF,MF-MAIN,,VF-943.B,54.00,,VF-943.B
MF,MF-MAIN,,VF-DI-058.L,3.00,,VF-DI-058.L
MF,MF-MAIN,,VF-DI-128.F,3.00,,VF-DI-128.F
MF,MF-MAIN,,VF-DI-233.K,7.00,,VF-DI-233.K
MF,MF-MAIN,,VF-DI-233.M,11.00,,VF-DI-233.M
MF,MF-MAIN,,VF-PO-264,22.00,,VF-PO-264
MF,MF-MAIN,,VF-PO-325.C,1.00,,VF-PO-325.C
MF,MF-MAIN,,VF-PO-325.E,9.00,,VF-PO-325.E
MF,MF-MAIN,,VF-PO-326.F,522.00,,VF-PO-326.F
MF,MF-MAIN,,VF-PO-559.A,77.00,,VF-PO-559.A
MF,MF-MAIN,,VF-PO-606.E,128.00,,VF-PO-606.E
MF,MF-MAIN,,VF-T050-305.B,1.00,,VF-T050-305.B
